,school_dbn,community_school_district,city_council_district,school_level,full_time_health_teachers,f_status_health_teachers,itinerant_health_teachers,sum_of_f_status_and_itinerant,total_part_time_and_full
0,15K001,15,38,Elementary,0,0,0,0,0
1,17K002,17,40,Junior High-Intermediate-Middle,0,0,0,0,0
2,13K003,13,36,Elementary,0,0,0,0,0
3,75K004,75,42,Elementary,0,0,0,0,0
4,16K005,16,41,Elementary,0,0,0,0,0
5,17K006,17,40,Elementary,0,0,0,0,0
6,19K007,19,37,Elementary,0,0,0,0,0
7,13K008,13,33,K-8,0,0,0,0,0
8,13K009,13,35,Elementary,0,0,0,0,0
9,15K010,15,38,Elementary,0,0,0,0,0
10,13K011,13,35,Elementary,0,0,0,0,0
11,17K012,17,41,Elementary,0,0,0,0,0
12,19K013,19,42,Elementary,0,0,0,0,0
13,22K014,22,48,Junior High-Intermediate-Middle,0,0,0,0,0
14,15K015,15,38,Elementary,0,0,0,0,0
15,14K016,14,33,Elementary,0,0,0,0,0
16,14K017,14,34,Elementary,0,0,0,0,0
17,14K018,14,34,Elementary,0,0,0,0,0
18,13K020,13,35,Elementary,0,0,0,0,0
19,16K021,16,36,Elementary,0,0,0,0,0
20,14K023,14,36,Elementary,0,0,0,0,0
21,15K024,15,38,Elementary,0,0,0,0,0
22,16K025,16,36,Elementary,0,0,0,0,0
23,16K026,16,36,Elementary,0,0,0,0,0
24,16K028,16,41,Elementary,0,0,0,0,0
25,15K029,15,39,Elementary,0,0,0,0,0
26,20K030,20,43,K-8,0,0,0,0,0
27,14K031,14,33,Elementary,0,0,0,0,0
28,15K032,15,39,Elementary,0,0,0,0,0
29,14K034,14,33,Elementary,0,0,0,0,0
30,16K035,16,36,Junior High-Intermediate-Middle,0,0,0,0,0
31,75K036,75,42,K-12 All Grades,0,0,0,0,0
32,15K038,15,33,Elementary,0,0,0,0,0
33,15K039,15,39,Elementary,1,0,0,0,1
34,16K040,16,41,Elementary,0,0,0,0,0
35,23K041,23,42,K-8,0,0,0,0,0
36,13K044,13,36,Elementary,0,0,0,0,0
37,32K045,32,37,K-8,0,0,0,0,0
38,13K046,13,35,Elementary,0,0,0,0,0
39,20K048,20,44,Elementary,0,0,0,0,0
40,14K050,14,34,Junior High-Intermediate-Middle,0,0,0,0,0
41,15K051,15,39,Junior High-Intermediate-Middle,0,0,0,0,0
42,22K052,22,48,Elementary,0,0,0,0,0
43,75K053,75,38,K-12 All Grades,0,0,0,0,0
44,13K054,13,33,Elementary,0,0,0,0,0
45,13K056,13,35,Elementary,0,0,0,0,0
46,16K057,16,36,Junior High-Intermediate-Middle,0,0,0,0,0
47,15K058,15,39,Elementary,0,0,0,0,0
48,14K059,14,36,Elementary,0,0,0,0,0
49,17K061,17,40,Junior High-Intermediate-Middle,2,0,0,0,2
50,20K062,20,40,Junior High-Intermediate-Middle,0,0,0,0,0
51,19K065,19,37,Elementary,0,0,0,0,0
52,18K066,18,42,K-8,0,0,0,0,0
53,13K067,13,35,Elementary,0,0,0,0,0
54,18K068,18,46,Junior High-Intermediate-Middle,1,0,0,0,1
55,20K069,20,38,Elementary,0,0,0,0,0
56,14K071,14,33,Secondary School,0,0,0,0,0
57,32K075,32,34,Elementary,0,0,0,0,0
58,75K077,75,48,K-12 All Grades,0,0,0,0,0
59,22K078,22,46,Junior High-Intermediate-Middle,0,0,0,0,0
60,16K081,16,36,Elementary,0,0,0,0,0
61,14K084,14,34,K-8,0,0,0,0,0
62,32K086,32,37,Elementary,0,0,0,0,0
63,15K088,15,38,Junior High-Intermediate-Middle,0,0,0,0,0
64,19K089,19,37,K-8,0,0,0,0,0
65,21K090,21,47,Elementary,0,0,0,0,0
66,17K091,17,41,Elementary,0,0,0,0,0
67,17K092,17,40,Elementary,0,0,0,0,0
68,13K093,13,36,Elementary,0,0,0,0,0
69,15K094,15,38,Elementary,0,0,0,0,0
70,21K095,21,47,K-8,0,0,0,0,0
71,21K096,21,44,Junior High-Intermediate-Middle,0,0,0,0,0
72,21K097,21,47,Elementary,0,0,0,0,0
73,21K098,21,48,Junior High-Intermediate-Middle,0,0,0,0,0
74,21K099,21,44,K-8,0,0,0,0,0
75,21K100,21,48,Elementary,0,0,0,0,0
76,21K101,21,47,Elementary,0,0,0,0,0
77,20K102,20,43,Elementary,0,0,0,0,0
78,20K104,20,43,K-8,0,0,0,0,0
79,20K105,20,38,Elementary,0,0,0,0,0
80,32K106,32,37,Elementary,0,0,0,0,0
81,15K107,15,39,Elementary,0,0,0,0,0
82,19K108,19,37,Elementary,0,0,0,0,0
83,22K109,22,45,K-8,0,0,0,0,0
84,14K110,14,33,Elementary,0,0,0,0,0
85,20K112,20,43,Elementary,0,0,0,0,0
86,13K113,13,35,Junior High-Intermediate-Middle,0,0,0,0,0
87,18K114,18,46,Elementary,0,0,0,0,0
88,18K115,18,46,Elementary,0,0,0,0,0
89,32K116,32,37,Elementary,0,0,0,0,0
90,15K118,15,39,Elementary,0,0,0,0,0
91,22K119,22,45,Elementary,0,0,0,0,0
92,14K120,14,34,Elementary,0,0,0,0,0
93,21K121,21,44,K-8,0,0,0,0,0
94,17K122,17,36,High School,0,0,0,0,0
95,32K123,32,34,Elementary,0,0,0,0,0
96,15K124,15,39,Elementary,0,0,0,0,0
97,14K126,14,33,Junior High-Intermediate-Middle,0,0,0,0,0
98,20K127,20,43,Elementary,0,0,0,0,0
99,21K128,21,47,Elementary,0,0,0,0,0
100,15K130,15,39,Elementary,0,0,0,0,0
101,15K131,15,39,Elementary,0,0,0,0,0
102,14K132,14,34,Elementary,0,0,0,0,0
103,13K133,13,39,Elementary,0,0,0,0,0
104,22K134,22,44,Elementary,0,0,0,0,0
105,18K135,18,41,Elementary,0,0,0,0,0
106,15K136,15,38,Junior High-Intermediate-Middle,0,0,0,0,0
107,23K137,23,41,K-8,0,0,0,0,0
108,17K138,17,36,K-8,0,0,0,0,0
109,22K139,22,40,Elementary,0,0,0,0,0
110,75K140,75,36,K-8,0,0,0,0,0
111,75K141,75,40,K-12 All Grades,0,0,0,0,0
112,32K145,32,34,Elementary,0,0,0,0,0
113,15K146,15,39,Elementary,0,0,0,0,0
114,14K147,14,34,Elementary,0,0,0,0,0
115,19K149,19,42,Elementary,0,0,0,0,0
116,23K150,23,41,Elementary,0,0,0,0,0
117,32K151,32,37,Elementary,0,0,0,0,0
118,22K152,22,45,Elementary,0,0,0,0,0
119,21K153,21,48,Elementary,0,0,0,0,0
120,15K154,15,39,Elementary,0,0,0,0,0
121,23K155,23,37,K-8,0,0,0,0,0
122,23K156,23,41,Elementary,0,0,0,0,0
123,14K157,14,33,K-8,0,0,0,0,0
124,19K158,19,37,Elementary,0,0,0,0,0
125,19K159,19,42,Elementary,0,0,0,0,0
126,20K160,20,44,Elementary,0,0,0,0,0
127,17K161,17,35,Elementary,0,0,0,0,0
128,32K162,32,34,Junior High-Intermediate-Middle,0,0,0,0,0
129,20K163,20,43,K-8,0,0,0,0,0
130,20K164,20,44,Elementary,0,0,0,0,0
131,23K165,23,42,K-8,0,0,0,0,0
132,32K168,32,37,High School,1,0,0,0,1
133,15K169,15,38,Elementary,0,0,0,0,0
134,20K170,20,43,Elementary,0,0,0,0,0
135,19K171,19,37,Junior High-Intermediate-Middle,0,0,0,0,0
136,15K172,15,38,Elementary,0,0,0,0,0
137,20K176,20,43,Elementary,0,0,0,0,0
138,21K177,21,44,Elementary,0,0,0,0,0
139,23K178,23,41,K-8,0,0,0,0,0
140,20K179,20,39,Elementary,0,0,0,0,0
141,20K180,20,44,K-8,0,0,0,0,0
142,17K181,17,45,K-8,0,0,0,0,0
143,23K184,23,42,K-8,0,0,0,0,0
144,20K185,20,43,Elementary,0,0,0,0,0
145,20K186,20,47,Elementary,0,0,0,0,0
146,20K187,20,38,Junior High-Intermediate-Middle,0,0,0,0,0
147,21K188,21,47,Elementary,0,0,0,0,0
148,17K189,17,41,K-8,0,0,0,0,0
149,19K190,19,42,Elementary,0,0,0,0,0
150,17K191,17,41,Elementary,0,0,0,0,0
151,20K192,20,44,K-8,0,0,0,0,0
152,22K193,22,45,Elementary,0,0,0,0,0
153,22K194,22,46,Elementary,0,0,0,0,0
154,22K195,22,48,Elementary,0,0,0,0,0
155,14K196,14,34,Elementary,0,0,0,0,0
156,22K197,22,48,Elementary,0,1,0,1,1
157,22K198,22,45,Elementary,0,0,0,0,0
158,21K199,21,48,Elementary,0,0,0,0,0
159,20K200,20,43,Elementary,0,0,0,0,0
160,20K201,20,43,Junior High-Intermediate-Middle,0,0,0,0,0
161,19K202,19,42,Elementary,0,0,0,0,0
162,22K203,22,46,Elementary,0,0,0,0,0
163,20K204,20,43,Elementary,0,0,0,0,0
164,20K205,20,47,Elementary,0,0,0,0,0
165,22K206,22,48,K-8,0,0,0,0,0
166,22K207,22,46,K-8,0,0,0,0,0
167,18K208,18,45,Elementary,0,0,0,0,0
168,21K209,21,48,K-8,0,0,0,0,0
169,18K211,18,46,Junior High-Intermediate-Middle,0,0,0,0,0
170,21K212,21,47,Elementary,0,0,0,0,0
171,19K213,19,42,Elementary,0,0,0,0,0
172,19K214,19,37,Elementary,1,0,0,0,1
173,21K215,21,47,Elementary,0,0,0,0,0
174,21K216,21,47,Elementary,0,0,0,0,0
175,22K217,22,40,Elementary,0,0,0,0,0
176,19K218,19,42,Junior High-Intermediate-Middle,0,0,0,0,0
177,18K219,18,41,Elementary,0,0,0,0,0
178,20K220,20,38,Junior High-Intermediate-Middle,1,0,0,0,1
179,17K221,17,35,Elementary,0,0,0,0,0
180,22K222,22,46,Elementary,0,0,0,0,0
181,20K223,20,44,Junior High-Intermediate-Middle,0,0,0,0,0
182,19K224,19,42,Elementary,0,0,0,0,0
183,21K225,21,48,K-8,0,0,0,0,0
184,21K226,21,44,K-8,0,0,0,0,0
185,20K227,20,38,Junior High-Intermediate-Middle,0,0,0,0,0
186,21K228,21,47,Junior High-Intermediate-Middle,0,0,0,0,0
187,20K229,20,43,K-8,0,0,0,0,0
188,15K230,15,39,Elementary,0,0,0,0,0
189,75K231,75,44,K-8,0,0,0,0,0
190,18K233,18,42,Elementary,0,0,0,0,0
191,22K234,22,48,Junior High-Intermediate-Middle,0,0,0,0,0
192,18K235,18,41,K-8,0,0,0,0,0
193,22K236,22,46,Elementary,0,0,0,0,0
194,21K238,21,44,K-8,0,0,0,0,0
195,21K239,21,47,Junior High-Intermediate-Middle,0,0,0,0,0
196,22K240,22,45,Junior High-Intermediate-Middle,1,0,0,0,1
197,17K241,17,35,Elementary,0,0,0,0,0
198,16K243,16,36,Elementary,0,0,0,0,0
199,18K244,18,45,Elementary,0,0,0,0,0
200,22K245,22,40,Elementary,0,0,0,0,0
201,17K246,17,40,Junior High-Intermediate-Middle,0,0,0,0,0
202,20K247,20,47,Elementary,0,0,0,0,0
203,17K249,17,40,Elementary,0,0,0,0,0
204,14K250,14,34,Elementary,0,0,0,0,0
205,22K251,22,46,Elementary,0,0,0,0,0
206,21K253,21,48,Elementary,0,0,0,0,0
207,22K254,22,48,Elementary,0,0,0,0,0
208,22K255,22,48,Elementary,0,0,0,0,0
209,13K256,13,36,Elementary,0,0,0,0,0
210,14K257,14,34,Elementary,0,0,0,0,0
211,20K259,20,43,Junior High-Intermediate-Middle,0,0,0,0,0
212,15K261,15,33,Elementary,0,0,0,0,0
213,16K262,16,36,K-8,0,0,0,0,0
214,20K264,20,43,Elementary,0,0,0,0,0
215,13K265,13,35,Secondary School,0,0,0,0,0
216,13K266,13,39,Junior High-Intermediate-Middle,0,0,0,0,0
217,16K267,16,36,Junior High-Intermediate-Middle,0,0,0,0,0
218,18K268,18,41,Elementary,0,0,0,0,0
219,22K269,22,45,Elementary,0,0,0,0,0
220,13K270,13,35,Elementary,0,0,0,0,0
221,18K272,18,46,Elementary,0,0,0,0,0
222,19K273,19,42,Elementary,0,0,0,0,0
223,32K274,32,34,Elementary,0,0,0,0,0
224,18K276,18,46,Elementary,0,0,0,0,0
225,22K277,22,46,Elementary,0,0,0,0,0
226,22K278,22,46,Junior High-Intermediate-Middle,0,0,0,0,0
227,18K279,18,46,Elementary,0,0,0,0,0
228,21K281,21,47,Junior High-Intermediate-Middle,1,0,0,0,1
229,13K282,13,39,K-8,0,0,0,0,0
230,23K284,23,41,K-8,0,0,0,0,0
231,18K285,18,45,Junior High-Intermediate-Middle,1,0,0,0,1
232,13K287,13,35,Elementary,0,0,0,0,0
233,21K288,21,47,K-8,0,0,0,0,0
234,17K289,17,36,Elementary,0,0,0,0,0
235,19K290,19,37,Elementary,0,0,0,0,0
236,32K291,32,37,Junior High-Intermediate-Middle,0,0,0,0,0
237,19K292,19,42,Junior High-Intermediate-Middle,0,0,0,0,0
238,15K295,15,38,Elementary,0,0,0,0,0
239,14K297,14,36,Elementary,0,0,0,0,0
240,23K298,23,37,Elementary,0,0,0,0,0
241,32K299,32,34,Elementary,0,0,0,0,0
242,13K301,13,36,Junior High-Intermediate-Middle,0,0,0,0,0
243,21K303,21,47,Junior High-Intermediate-Middle,0,0,0,0,0
244,13K305,13,36,Elementary,0,0,0,0,0
245,19K306,19,42,K-8,0,0,0,0,0
246,13K307,13,33,Elementary,0,0,0,0,0
247,16K308,16,36,K-8,0,0,0,0,0
248,16K309,16,41,Elementary,0,0,0,0,0
249,20K310,20,38,Elementary,0,0,0,0,0
250,19K311,19,42,Junior High-Intermediate-Middle,0,0,0,0,0
251,22K312,22,46,Elementary,0,0,0,0,0
252,13K313,13,33,Junior High-Intermediate-Middle,0,0,0,0,0
253,22K315,22,45,Elementary,0,0,0,0,0
254,17K316,17,35,Elementary,0,0,0,0,0
255,14K318,14,33,Junior High-Intermediate-Middle,0,0,0,0,0
256,14K319,14,34,Early Childhood,0,0,0,0,0
257,15K321,15,39,Elementary,0,0,0,0,0
258,23K323,23,41,K-8,0,0,0,0,0
259,19K325,19,42,Elementary,0,0,0,0,0
260,22K326,22,45,Early Childhood,0,0,0,0,0
261,23K327,23,41,K-8,0,0,0,0,0
262,19K328,19,42,Elementary,0,0,0,0,0
263,21K329,21,47,Elementary,0,0,0,0,0
264,16K335,16,36,Elementary,0,0,0,0,0
265,21K337,21,47,High School,0,0,0,0,0
266,17K340,17,35,Junior High-Intermediate-Middle,0,0,0,0,0
267,21K344,21,47,High School,0,0,0,0,0
268,19K345,19,37,Elementary,0,0,0,0,0
269,19K346,19,42,Elementary,0,0,0,0,0
270,32K347,32,34,Junior High-Intermediate-Middle,0,0,0,0,0
271,21K348,21,47,High School,0,0,0,0,0
272,32K349,32,34,Junior High-Intermediate-Middle,0,0,0,0,0
273,13K350,13,33,High School,0,0,0,0,0
274,13K351,13,35,Junior High-Intermediate-Middle,0,0,0,0,0
275,17K352,17,35,Junior High-Intermediate-Middle,0,0,0,0,0
276,17K353,17,35,Junior High-Intermediate-Middle,0,0,0,0,0
277,17K354,17,36,Junior High-Intermediate-Middle,0,0,0,0,0
278,22K361,22,45,Early Childhood,0,0,0,0,0
279,23K363,23,37,Junior High-Intermediate-Middle,0,0,0,0,0
280,19K364,19,42,Junior High-Intermediate-Middle,0,0,0,0,0
281,18K366,18,46,Junior High-Intermediate-Middle,0,0,0,0,0
282,75K368,75,36,K-12 All Grades,0,0,0,0,0
283,75K369,75,33,K-12 All Grades,0,0,0,0,0
284,75K370,75,48,K-12 All Grades,0,0,0,0,0
285,75K371,75,38,High School,0,0,0,0,0
286,75K372,75,39,Elementary,0,0,0,0,0
287,75K373,75,36,High School,0,0,0,0,0
288,17K375,17,35,Elementary,0,0,0,0,0
289,32K376,32,37,Elementary,0,0,0,0,0
290,32K377,32,37,K-8,0,0,0,0,0
291,14K380,14,33,Elementary,0,0,0,0,0
292,22K381,22,48,Junior High-Intermediate-Middle,0,0,0,0,0
293,17K382,17,40,Secondary School,0,0,0,0,0
294,32K383,32,37,Junior High-Intermediate-Middle,0,0,0,0,0
295,32K384,32,37,K-8,0,0,0,0,0
296,23K392,23,41,Junior High-Intermediate-Middle,0,0,0,0,0
297,16K393,16,36,High School,0,0,0,0,0
298,17K394,17,36,K-8,0,0,0,0,0
299,75K396,75,41,K-8,0,0,0,0,0
300,17K397,17,40,Elementary,0,0,0,0,0
301,17K398,17,41,Elementary,0,0,0,0,0
302,17K399,17,40,Elementary,0,0,0,0,0
303,23K401,23,37,Elementary,0,0,0,0,0
304,32K403,32,37,High School,0,0,0,0,0
305,19K404,19,42,Secondary School,0,0,0,0,0
306,22K405,22,45,High School,1,0,0,0,1
307,17K408,17,40,High School,0,0,0,0,0
308,19K409,19,42,Secondary School,0,0,0,0,0
309,21K410,21,47,High School,1,0,0,0,1
310,13K412,13,33,High School,0,0,0,0,0
311,14K414,14,34,Elementary,0,0,0,0,0
312,13K419,13,33,High School,0,0,0,0,0
313,19K422,19,46,Secondary School,0,0,0,0,0
314,15K423,15,33,High School,0,0,0,0,0
315,22K425,22,48,High School,0,0,0,0,0
316,15K429,15,33,Secondary School,0,0,0,0,0
317,13K430,13,35,High School,3,0,0,0,3
318,13K439,13,33,High School,0,0,0,0,0
319,15K442,15,39,Junior High-Intermediate-Middle,0,0,0,0,0
320,15K443,15,38,Junior High-Intermediate-Middle,0,0,0,0,0
321,20K445,20,43,High School,0,0,0,0,0
322,23K446,23,42,Elementary,0,0,0,0,0
323,15K447,15,33,Junior High-Intermediate-Middle,0,0,0,0,0
324,15K448,15,39,Secondary School,0,0,0,0,0
325,14K449,14,34,High School,0,0,0,0,0
326,19K452,19,42,Junior High-Intermediate-Middle,0,0,0,0,0
327,14K454,14,34,High School,0,0,0,0,0
328,16K455,16,36,High School,0,0,0,0,0
329,15K462,15,39,High School,0,0,0,0,0
330,15K463,15,39,High School,0,0,0,0,0
331,15K464,15,39,Secondary School,0,0,0,0,0
332,21K468,21,47,Secondary School,0,0,0,0,0
333,14K474,14,34,High School,0,0,0,0,0
334,14K477,14,34,High School,0,0,0,0,0
335,14K478,14,34,High School,1,0,0,0,1
336,13K483,13,33,High School,0,0,0,0,0
337,17K484,17,41,Junior High-Intermediate-Middle,0,0,0,0,0
338,20K485,20,43,High School,0,0,0,0,0
339,14K488,14,33,High School,0,0,0,0,0
340,17K489,17,35,High School,0,0,0,0,0
341,20K490,20,43,High School,1,0,0,0,1
342,13K492,13,35,K-8,0,0,0,0,0
343,23K493,23,41,High School,0,0,0,0,0
344,15K497,15,33,Secondary School,0,0,0,0,0
345,16K498,16,41,High School,0,0,0,0,0
346,13K499,13,35,High School,0,0,0,0,0
347,19K502,19,42,High School,0,0,0,0,0
348,20K503,20,38,Elementary,0,0,0,0,0
349,19K504,19,42,High School,0,0,0,0,0
350,20K505,20,44,High School,2,0,0,0,2
351,20K506,20,38,Elementary,0,0,0,0,0
352,19K507,19,42,High School,0,0,0,0,0
353,19K510,19,42,High School,1,0,0,0,1
354,23K514,23,41,High School,0,0,0,0,0
355,15K516,15,38,Elementary,0,0,0,0,0
356,23K518,23,42,Junior High-Intermediate-Middle,0,0,0,0,0
357,15K519,15,33,High School,0,0,0,0,0
358,23K522,23,41,Junior High-Intermediate-Middle,0,0,0,0,0
359,17K524,17,35,High School,0,0,0,0,0
360,21K525,21,44,High School,2,0,0,0,2
361,13K527,13,33,Secondary School,0,0,0,0,0
362,17K528,17,35,High School,0,0,0,0,0
363,15K529,15,39,High School,0,0,0,0,0
364,17K531,17,40,Secondary School,0,0,0,0,0
365,17K532,17,35,Elementary,0,0,0,0,0
366,17K533,17,40,Secondary School,0,0,0,0,0
367,22K535,22,48,High School,0,0,0,0,0
368,17K537,17,40,High School,0,0,0,0,0
369,17K539,17,40,High School,0,0,0,0,0
370,21K540,21,47,High School,4,0,0,0,4
371,17K543,17,40,Secondary School,0,0,0,0,0
372,32K545,32,34,High School,0,0,0,0,0
373,17K546,17,40,High School,0,0,0,0,0
374,17K547,17,35,High School,0,0,0,0,0
375,17K548,17,35,High School,0,0,0,0,0
376,32K549,32,37,High School,0,0,0,0,0
377,32K552,32,37,High School,0,0,0,0,0
378,13K553,13,36,High School,0,0,0,0,0
379,32K554,32,37,Secondary School,0,0,0,0,0
380,22K555,22,39,High School,0,0,0,0,0
381,32K556,32,34,High School,0,0,0,0,0
382,19K557,19,42,Elementary,0,0,0,0,0
383,14K558,14,33,High School,0,0,0,0,0
384,21K559,21,47,High School,0,0,0,0,0
385,14K561,14,33,High School,0,0,0,0,0
386,32K562,32,37,Junior High-Intermediate-Middle,0,0,0,0,0
387,18K563,18,45,High School,0,0,0,0,0
388,32K564,32,37,High School,0,0,0,0,0
389,18K566,18,46,High School,0,0,0,0,0
390,18K567,18,46,High School,0,0,0,0,0
391,17K568,17,41,High School,0,0,0,0,0
392,18K569,18,45,High School,1,0,0,0,1
393,21K572,21,47,High School,0,0,0,0,0
394,13K575,13,36,High School,0,0,0,0,0
395,18K576,18,46,High School,0,0,0,0,0
396,14K577,14,34,Junior High-Intermediate-Middle,0,0,0,0,0
397,18K578,18,46,High School,0,0,0,0,0
398,18K581,18,41,Junior High-Intermediate-Middle,0,0,0,0,0
399,14K582,14,34,Junior High-Intermediate-Middle,0,0,0,0,0
400,19K583,19,37,High School,0,0,0,0,0
401,16K584,16,36,Junior High-Intermediate-Middle,0,0,0,0,0
402,14K586,14,34,Secondary School,0,0,0,0,0
403,18K588,18,41,Junior High-Intermediate-Middle,0,0,0,0,0
404,18K589,18,41,High School,0,0,0,0,0
405,17K590,17,35,Secondary School,0,0,0,0,0
406,15K592,15,33,High School,0,0,0,0,0
407,16K594,16,41,High School,0,0,0,0,0
408,13K595,13,36,High School,0,0,0,0,0
409,18K598,18,41,Junior High-Intermediate-Middle,0,0,0,0,0
410,23K599,23,37,Elementary,0,0,0,0,0
411,17K600,17,35,High School,1,0,0,0,1
412,13K605,13,33,High School,0,0,0,0,0
413,20K609,20,44,Secondary School,0,0,0,0,0
414,14K610,14,33,High School,0,0,0,0,0
415,22K611,22,48,High School,0,0,0,0,0
416,14K614,14,34,Secondary School,0,0,0,0,0
417,19K615,19,37,High School,0,0,0,0,0
418,13K616,13,33,High School,0,0,0,0,0
419,18K617,18,46,High School,0,0,0,0,0
420,19K618,19,37,High School,0,0,0,0,0
421,21K620,21,48,High School,0,0,0,0,0
422,16K627,16,36,Elementary,0,0,0,0,0
423,16K628,16,36,Elementary,0,0,0,0,0
424,18K629,18,45,High School,0,0,0,0,0
425,22K630,22,48,High School,0,0,0,0,0
426,14K632,14,33,High School,0,0,0,0,0
427,18K633,18,46,High School,0,0,0,0,0
428,18K635,18,46,High School,0,0,0,0,0
429,18K637,18,46,High School,0,0,0,0,0
430,19K639,19,37,High School,0,0,0,0,0
431,18K642,18,46,High School,0,0,0,0,0
432,23K643,23,42,High School,0,0,0,0,0
433,23K644,23,41,Secondary School,0,0,0,0,0
434,23K646,23,37,High School,0,0,0,0,0
435,23K647,23,42,High School,0,0,0,0,0
436,19K654,19,42,Junior High-Intermediate-Middle,1,0,0,0,1
437,15K656,15,33,High School,0,0,0,0,0
438,19K659,19,37,High School,0,0,0,0,0
439,19K660,19,37,High School,0,0,0,0,0
440,19K661,19,37,Junior High-Intermediate-Middle,0,0,0,0,0
441,19K662,19,37,Junior High-Intermediate-Middle,0,0,0,0,0
442,19K663,19,42,Junior High-Intermediate-Middle,0,0,0,0,0
443,23K664,23,37,Junior High-Intermediate-Middle,0,0,0,0,0
444,15K667,15,38,High School,1,0,0,0,1
445,23K668,23,42,Junior High-Intermediate-Middle,0,0,0,0,0
446,16K669,16,36,High School,0,0,0,0,0
447,13K670,13,35,High School,1,0,0,0,1
448,23K671,23,41,Junior High-Intermediate-Middle,0,0,0,0,0
449,18K673,18,41,High School,0,0,0,0,0
450,13K674,13,33,High School,0,0,0,0,0
451,15K676,15,38,Elementary,0,0,0,0,0
452,19K677,19,42,Elementary,0,0,0,0,0
453,19K678,19,42,Junior High-Intermediate-Middle,0,0,0,0,0
454,16K681,16,36,Junior High-Intermediate-Middle,0,0,0,0,0
455,20K682,20,44,Elementary,0,0,0,0,0
456,19K683,19,42,High School,0,0,0,0,0
457,15K684,15,39,High School,0,0,0,0,0
458,14K685,14,33,High School,0,0,0,0,0
459,20K686,20,44,K-8,0,0,0,0,0
460,16K688,16,36,High School,0,0,0,0,0
461,21K690,21,47,Secondary School,1,0,0,0,1
462,13K691,13,35,Junior High-Intermediate-Middle,0,0,0,0,0
463,23K697,23,41,Secondary School,0,0,0,0,0
464,15K698,15,38,High School,0,0,0,0,0
465,17K705,17,35,Elementary,0,0,0,0,0
466,75K721,75,47,High School,0,0,0,0,0
467,17K722,17,41,Junior High-Intermediate-Middle,0,0,0,0,0
468,21K728,21,47,High School,0,0,0,0,0
469,17K745,17,40,High School,0,0,0,0,0
470,20K748,20,43,Elementary,0,0,0,0,0
471,17K751,17,36,High School,0,0,0,0,0
472,75K753,75,35,High School,0,0,0,0,0
473,19K760,19,37,Junior High-Intermediate-Middle,0,0,0,0,0
474,18K763,18,45,Junior High-Intermediate-Middle,0,0,0,0,0
475,19K764,19,37,High School,0,0,0,0,0
476,16K765,16,36,High School,0,0,0,0,0
477,17K770,17,41,Elementary,0,0,0,0,0
478,75K771,75,48,K-12 All Grades,0,0,0,0,0
479,75K811,75,48,Secondary School,0,0,0,0,0
480,15K821,15,38,Junior High-Intermediate-Middle,0,0,0,0,0
481,15K839,15,39,Junior High-Intermediate-Middle,0,0,0,0,0
482,20K971,20,38,Elementary,0,0,0,0,0
483,02M001,2,1,Elementary,0,0,0,0,0
484,02M002,2,1,Elementary,0,0,0,0,0
485,02M003,2,3,Elementary,0,0,0,0,0
486,06M004,6,7,Elementary,0,0,0,0,0
487,06M005,6,10,Elementary,0,0,0,0,0
488,02M006,2,4,Elementary,0,0,0,0,0
489,04M007,4,8,K-8,0,0,0,0,0
490,06M008,6,10,Elementary,0,0,0,0,0
491,03M009,3,6,Elementary,0,0,0,0,0
492,02M011,2,3,Elementary,0,0,0,0,0
493,04M012,4,8,K-8,0,0,0,0,0
494,01M015,1,2,Elementary,0,0,0,0,0
495,06M018,6,10,K-8,0,0,0,0,0
496,01M019,1,2,Elementary,0,0,0,0,0
497,01M020,1,1,Elementary,0,0,0,0,0
498,06M028,6,7,Elementary,0,0,0,0,0
499,05M030,5,9,Elementary,0,0,0,0,0
500,02M033,2,3,Elementary,0,0,0,0,0
501,01M034,1,2,K-8,0,0,0,0,0
502,75M035,75,3,K-12 All Grades,0,0,0,0,0
503,05M036,5,7,Elementary,0,0,0,0,0
504,04M037,4,8,Elementary,0,0,0,0,0
505,04M038,4,8,Elementary,0,0,0,0,0
506,02M040,2,2,Elementary,0,0,0,0,0
507,02M041,2,3,Elementary,0,0,0,0,0
508,02M042,2,1,Elementary,0,0,0,0,0
509,05M046,5,9,K-8,0,0,0,0,0
510,02M047,2,2,High School,0,0,0,0,0
511,06M048,6,10,Elementary,0,0,0,0,0
512,04M050,4,8,K-8,0,0,0,0,0
513,02M051,2,3,Elementary,0,0,0,0,0
514,06M052,6,10,Junior High-Intermediate-Middle,0,0,0,0,0
515,03M054,3,7,Junior High-Intermediate-Middle,0,0,0,0,0
516,04M057,4,8,K-8,0,0,0,0,0
517,02M059,2,4,Elementary,0,0,0,0,0
518,01M063,1,2,Elementary,0,0,0,0,0
519,01M064,1,2,Elementary,0,0,0,0,0
520,04M072,4,8,K-8,0,0,0,0,0
521,03M075,3,6,Elementary,0,0,0,0,0
522,03M076,3,9,K-8,0,0,0,0,0
523,02M077,2,5,Elementary,1,0,0,0,1
524,75M079,75,9,Secondary School,0,0,0,0,0
525,04M083,4,8,Elementary,0,0,0,0,0
526,03M084,3,6,Elementary,0,0,0,0,0
527,03M087,3,6,Elementary,0,0,0,0,0
528,02M089,2,1,Elementary,0,0,0,0,0
529,05M092,5,9,Elementary,0,0,0,0,0
530,75M094,75,1,K-12 All Grades,1,0,0,0,1
531,04M096,4,8,K-8,0,0,0,0,0
532,06M098,6,10,Elementary,0,0,0,0,0
533,04M102,4,8,Elementary,0,0,0,0,0
534,06M103,6,10,Elementary,0,0,0,0,0
535,02M104,2,2,Junior High-Intermediate-Middle,0,0,0,0,0
536,04M108,4,8,K-8,0,0,0,0,0
537,01M110,1,1,Elementary,0,0,0,0,0
538,02M111,2,3,Elementary,0,0,0,0,0
539,04M112,4,8,Early Childhood,0,0,0,0,0
540,02M114,2,5,Junior High-Intermediate-Middle,0,0,0,0,0
541,06M115,6,10,Elementary,0,0,0,0,0
542,02M116,2,2,Elementary,0,0,0,0,0
543,05M123,5,9,K-8,0,0,0,0,0
544,02M124,2,1,Elementary,0,0,0,0,0
545,05M125,5,7,Elementary,0,0,0,0,0
546,02M126,2,1,K-8,0,0,0,0,0
547,06M128,6,10,Elementary,0,0,0,0,0
548,05M129,5,9,K-8,0,0,0,0,0
549,02M130,2,1,Elementary,0,0,0,0,0
550,02M131,2,1,Junior High-Intermediate-Middle,0,0,0,0,0
551,06M132,6,10,Elementary,0,0,0,0,0
552,05M133,5,9,Elementary,0,0,0,0,0
553,01M134,1,1,Elementary,0,0,0,0,0
554,02M135,2,1,High School,0,0,0,0,0
555,75M138,75,9,K-12 All Grades,0,0,0,0,0
556,02M139,2,3,High School,0,0,0,0,0
557,01M140,1,1,K-8,0,0,0,0,0
558,01M142,1,1,Elementary,0,0,0,0,0
559,06M143,6,10,Junior High-Intermediate-Middle,0,0,0,0,0
560,03M145,3,7,Elementary,0,0,0,0,0
561,04M146,4,8,Elementary,0,0,0,0,0
562,05M148,5,9,Secondary School,0,0,0,0,0
563,03M149,3,9,K-8,0,0,0,0,0
564,02M150,2,1,Elementary,0,0,0,0,0
565,02M151,2,5,Elementary,0,0,0,0,0
566,06M152,6,10,Elementary,0,0,0,0,0
567,06M153,6,7,Elementary,0,0,0,0,0
568,05M154,5,9,Elementary,0,0,0,0,0
569,04M155,4,8,Elementary,0,0,0,0,0
570,05M157,5,9,High School,0,0,0,0,0
571,02M158,2,5,Elementary,0,0,0,0,0
572,05M161,5,9,K-8,0,0,0,0,0
573,03M163,3,7,Elementary,0,0,0,0,0
574,03M165,3,7,K-8,0,0,0,0,0
575,03M166,3,6,Elementary,0,0,0,0,0
576,02M167,2,4,Junior High-Intermediate-Middle,0,0,0,0,0
577,75M169,75,4,K-12 All Grades,0,0,0,0,0
578,04M171,4,8,K-8,0,0,0,0,0
579,06M173,6,10,Elementary,0,0,0,0,0
580,05M175,5,9,Elementary,0,0,0,0,0
581,02M177,2,5,Junior High-Intermediate-Middle,0,0,0,0,0
582,06M178,6,10,Elementary,0,0,0,0,0
583,03M180,3,9,K-8,0,0,0,0,0
584,04M182,4,8,Elementary,0,0,0,0,0
585,02M183,2,5,Elementary,0,0,0,0,0
586,01M184,1,1,K-8,0,0,0,0,0
587,03M185,3,9,Early Childhood,0,0,0,0,0
588,06M187,6,10,K-8,0,0,0,0,0
589,01M188,1,2,K-8,0,0,0,0,0
590,06M189,6,10,Elementary,0,0,0,0,0
591,03M191,3,6,K-8,0,0,0,0,0
592,06M192,6,7,Elementary,0,0,0,0,0
593,05M194,5,9,Elementary,0,0,0,0,0
594,05M197,5,9,Elementary,0,0,0,0,0
595,02M198,2,5,Elementary,0,0,0,0,0
596,03M199,3,6,Elementary,0,0,0,0,0
597,05M200,5,9,Elementary,0,0,0,0,0
598,04M206,4,8,K-8,0,0,0,0,0
599,03M208,3,9,Elementary,0,0,0,0,0
600,06M209,6,7,Junior High-Intermediate-Middle,0,0,0,0,0
601,06M210,6,7,K-8,1,0,0,0,1
602,06M211,6,10,High School,0,0,0,0,0
603,02M212,2,3,Elementary,0,0,0,0,0
604,02M217,2,5,K-8,0,0,0,0,0
605,06M218,6,10,Junior High-Intermediate-Middle,0,0,0,0,0
606,06M223,6,9,Junior High-Intermediate-Middle,0,0,0,0,0
607,04M224,4,8,Junior High-Intermediate-Middle,0,0,0,0,0
608,02M225,2,5,K-8,0,0,0,0,0
609,75M226,75,2,K-12 All Grades,0,0,0,0,0
610,02M234,2,1,Elementary,0,0,0,0,0
611,03M241,3,9,Elementary,0,0,0,0,0
612,03M242,3,9,Elementary,0,0,0,0,0
613,03M243,3,6,Junior High-Intermediate-Middle,0,0,0,0,0
614,03M245,3,6,Junior High-Intermediate-Middle,0,0,0,0,0
615,03M247,3,6,Junior High-Intermediate-Middle,0,0,0,0,0
616,03M250,3,6,Junior High-Intermediate-Middle,0,0,0,0,0
617,02M255,2,2,Junior High-Intermediate-Middle,0,0,0,0,0
618,03M256,3,6,Junior High-Intermediate-Middle,0,0,0,0,0
619,03M258,3,6,Junior High-Intermediate-Middle,0,0,0,0,0
620,02M260,2,2,Secondary School,0,0,0,0,0
621,02M267,2,4,Elementary,0,0,0,0,0
622,02M276,2,1,K-8,0,0,0,0,0
623,06M278,6,10,K-8,0,0,0,0,0
624,02M280,2,1,High School,0,0,0,0,0
625,02M281,2,4,Elementary,0,0,0,0,0
626,02M282,2,1,High School,0,0,0,0,0
627,05M285,5,9,High School,0,0,0,0,0
628,05M286,5,7,Junior High-Intermediate-Middle,0,0,0,0,0
629,02M288,2,3,High School,0,0,0,0,0
630,02M289,2,1,Junior High-Intermediate-Middle,0,0,0,0,0
631,02M290,2,5,Elementary,0,0,0,0,0
632,03M291,3,6,Secondary School,0,0,0,0,0
633,01M292,1,1,Secondary School,0,0,0,0,0
634,06M293,6,10,Secondary School,0,0,0,0,0
635,02M294,2,1,High School,0,0,0,0,0
636,02M296,2,3,High School,0,0,0,0,0
637,02M298,2,1,High School,0,0,0,0,0
638,03M299,3,6,High School,0,0,0,0,0
639,02M300,2,3,High School,0,0,0,0,0
640,01M301,1,2,Junior High-Intermediate-Middle,0,0,0,0,0
641,05M302,5,9,Junior High-Intermediate-Middle,0,0,0,0,0
642,02M303,2,3,High School,0,0,0,0,0
643,05M304,5,9,High School,0,0,0,0,0
644,02M305,2,1,High School,0,0,0,0,0
645,03M307,3,6,High School,1,0,0,0,1
646,02M308,2,1,High School,0,0,0,0,0
647,06M311,6,10,K-8,0,0,0,0,0
648,02M312,2,3,Junior High-Intermediate-Middle,0,0,0,0,0
649,02M313,2,3,High School,0,0,0,0,0
650,06M314,6,10,Elementary,0,0,0,0,0
651,01M315,1,2,Elementary,0,0,0,0,0
652,02M316,2,1,High School,0,0,0,0,0
653,05M318,5,9,Elementary,0,0,0,0,0
654,06M319,6,10,Junior High-Intermediate-Middle,0,0,0,0,0
655,06M322,6,10,Junior High-Intermediate-Middle,0,0,0,0,0
656,06M324,6,10,Junior High-Intermediate-Middle,0,0,0,0,0
657,06M325,6,7,Elementary,0,0,0,0,0
658,06M328,6,10,Junior High-Intermediate-Middle,1,0,0,0,1
659,01M332,1,1,Junior High-Intermediate-Middle,0,0,0,0,0
660,03M333,3,6,K-8,0,0,0,0,0
661,03M334,3,6,K-8,0,0,0,0,0
662,02M340,2,3,Elementary,0,0,0,0,0
663,02M343,2,1,Elementary,0,0,0,0,0
664,06M346,6,7,Secondary School,0,0,0,0,0
665,02M347,2,2,K-8,0,0,0,0,0
666,06M348,6,10,K-12 All Grades,0,0,0,0,0
667,06M349,6,10,Junior High-Intermediate-Middle,0,0,0,0,0
668,01M361,1,2,Elementary,0,0,0,0,0
669,05M362,5,7,Secondary School,0,0,0,0,0
670,01M363,1,2,Elementary,0,0,0,0,0
671,01M364,1,2,Elementary,0,0,0,0,0
672,06M366,6,10,K-8,1,0,0,0,1
673,05M367,5,7,High School,0,0,0,0,0
674,06M368,6,7,Elementary,0,0,0,0,0
675,05M369,5,7,High School,0,0,0,0,0
676,04M372,4,8,Secondary School,0,0,0,0,0
677,02M374,2,2,High School,0,0,0,0,0
678,04M375,4,8,Elementary,0,0,0,0,0
679,02M376,2,3,High School,0,0,0,0,0
680,04M377,4,8,Junior High-Intermediate-Middle,0,0,0,0,0
681,01M378,1,1,Junior High-Intermediate-Middle,0,0,0,0,0
682,02M392,2,3,High School,0,0,0,0,0
683,02M393,2,3,High School,0,0,0,0,0
684,02M394,2,1,High School,0,0,0,0,0
685,02M397,2,1,K-8,0,0,0,0,0
686,02M399,2,2,High School,0,0,0,0,0
687,02M400,2,3,High School,1,0,0,0,1
688,03M402,3,6,High School,0,0,0,0,0
689,03M403,3,6,High School,0,0,0,0,0
690,03M404,3,6,High School,0,0,0,0,0
691,04M406,4,8,Junior High-Intermediate-Middle,0,0,0,0,0
692,02M407,2,2,Secondary School,0,0,0,0,0
693,02M408,2,3,Secondary School,0,0,0,0,0
694,04M409,4,8,High School,1,0,0,0,1
695,02M411,2,2,High School,0,0,0,0,0
696,02M412,2,3,High School,0,0,0,0,0
697,02M413,2,2,Secondary School,0,0,0,0,0
698,02M414,2,3,High School,0,0,0,0,0
699,03M415,3,9,Secondary School,0,0,0,0,0
700,02M416,2,5,High School,0,0,0,0,0
701,03M417,3,6,High School,0,0,0,0,0
702,02M418,2,1,High School,1,0,0,0,1
703,02M419,2,3,High School,0,0,0,0,0
704,02M420,2,2,High School,1,0,0,0,1
705,03M421,3,7,Junior High-Intermediate-Middle,0,0,0,0,0
706,02M422,2,3,Secondary School,1,0,0,0,1
707,06M423,6,10,High School,0,0,0,0,0
708,02M425,2,1,High School,0,0,0,0,0
709,02M427,2,2,High School,0,0,0,0,0
710,02M432,2,2,High School,0,0,0,0,0
711,04M435,4,8,High School,0,0,0,0,0
712,02M437,2,3,High School,0,0,0,0,0
713,02M438,2,2,High School,0,0,0,0,0
714,02M439,2,3,High School,0,0,0,0,0
715,02M442,2,2,K-8,0,0,0,0,0
716,01M448,1,1,High School,0,0,0,0,0
717,02M449,2,5,High School,0,0,0,0,0
718,01M450,1,2,Secondary School,0,0,0,0,0
719,03M452,3,6,Elementary,0,0,0,0,0
720,01M458,1,1,High School,0,0,0,0,0
721,02M459,2,5,High School,0,0,0,0,0
722,06M462,6,10,High School,0,0,0,0,0
723,06M463,6,10,High School,0,0,0,0,0
724,06M467,6,10,High School,0,0,0,0,0
725,06M468,6,10,High School,1,0,0,0,1
726,02M475,2,1,High School,3,0,0,0,3
727,03M479,3,3,High School,0,0,0,0,0
728,03M485,3,6,High School,1,1,0,1,2
729,02M489,2,1,High School,0,0,0,0,0
730,03M492,3,6,High School,0,0,0,0,0
731,03M494,3,6,High School,0,0,0,0,0
732,04M495,4,8,High School,0,0,0,0,0
733,04M497,4,8,Elementary,0,0,0,0,0
734,05M499,5,9,Secondary School,0,0,0,0,0
735,02M500,2,2,High School,0,0,0,0,0
736,03M505,3,7,High School,0,0,0,0,0
737,02M507,2,3,High School,0,0,0,0,0
738,01M509,1,1,High School,0,0,0,0,0
739,06M513,6,10,Elementary,0,0,0,0,0
740,05M514,5,7,Junior High-Intermediate-Middle,0,0,0,0,0
741,01M515,1,1,High School,0,0,0,0,0
742,05M517,5,7,Elementary,0,0,0,0,0
743,02M519,2,5,High School,0,0,0,0,0
744,02M520,2,1,High School,1,0,0,0,1
745,02M527,2,5,Elementary,0,0,0,0,0
746,06M528,6,10,Junior High-Intermediate-Middle,0,0,0,0,0
747,02M529,2,4,High School,0,0,0,0,0
748,02M531,2,4,High School,0,0,0,0,0
749,02M533,2,2,High School,0,0,0,0,0
750,02M534,2,3,High School,0,0,0,0,0
751,01M539,1,2,K-12 All Grades,1,0,0,0,1
752,06M540,6,9,High School,0,0,0,0,0
753,03M541,3,6,High School,0,0,0,0,0
754,02M542,2,3,High School,0,0,0,0,0
755,02M543,2,1,High School,0,0,0,0,0
756,02M544,2,3,High School,0,0,0,0,0
757,02M545,2,1,High School,0,0,0,0,0
758,02M546,2,2,High School,0,0,0,0,0
759,02M550,2,3,High School,0,0,0,0,0
760,02M551,2,1,High School,0,0,0,0,0
761,06M552,6,10,High School,0,0,0,0,0
762,04M555,4,8,High School,0,0,0,0,0
763,02M560,2,3,High School,0,0,0,0,0
764,02M565,2,5,High School,0,0,0,0,0
765,02M570,2,3,High School,0,0,0,0,0
766,02M575,2,2,High School,0,0,0,0,0
767,02M580,2,1,High School,0,0,0,0,0
768,02M586,2,2,High School,0,0,0,0,0
769,02M600,2,3,High School,1,0,0,0,1
770,02M605,2,3,High School,0,0,0,0,0
771,04M610,4,8,Secondary School,0,0,0,0,0
772,02M615,2,3,High School,0,0,0,0,0
773,02M630,2,4,High School,1,0,0,0,1
774,01M650,1,1,High School,0,0,0,0,0
775,02M655,2,5,Secondary School,0,0,0,0,0
776,05M670,5,9,Secondary School,0,0,0,0,0
777,04M680,4,8,High School,0,0,0,0,0
778,05M692,5,9,High School,0,0,0,0,0
779,01M696,1,2,High School,0,0,0,0,0
780,75M721,75,3,Secondary School,0,0,0,0,0
781,75M751,75,2,High School,0,0,0,0,0
782,75M811,75,6,K-8,0,0,0,0,0
783,04M825,4,8,Junior High-Intermediate-Middle,0,0,0,0,0
784,01M839,1,2,Junior High-Intermediate-Middle,0,0,0,0,0
785,03M859,3,6,K-12 All Grades,0,0,0,0,0
786,03M860,3,9,Secondary School,2,0,0,0,2
787,03M862,3,7,Junior High-Intermediate-Middle,0,0,0,0,0
788,02M896,2,1,Junior High-Intermediate-Middle,0,0,0,0,0
789,02M933,2,3,Junior High-Intermediate-Middle,0,0,0,0,0
790,04M964,4,8,K-8,0,0,0,0,0
791,30Q002,30,22,Elementary,0,0,0,0,0
792,75Q004,75,23,K-8,0,0,0,0,0
793,24Q005,24,25,Junior High-Intermediate-Middle,0,0,0,0,0
794,24Q007,24,25,Elementary,0,0,0,0,0
795,28Q008,28,27,Junior High-Intermediate-Middle,1,0,0,0,1
796,75Q009,75,30,K-8,0,0,0,0,0
797,30Q010,30,22,Junior High-Intermediate-Middle,0,0,0,0,0
798,30Q011,30,26,Elementary,0,0,0,0,0
799,24Q012,24,26,Elementary,0,0,0,0,0
800,24Q013,24,25,Elementary,0,0,0,0,0
801,24Q014,24,21,Elementary,0,0,0,0,0
802,29Q015,29,27,Elementary,0,0,0,0,0
803,24Q016,24,21,Elementary,0,0,0,0,0
804,30Q017,30,22,Elementary,0,0,0,0,0
805,26Q018,26,23,Elementary,0,0,0,0,0
806,24Q019,24,21,Elementary,0,0,0,0,0
807,25Q020,25,20,Elementary,0,0,0,0,0
808,25Q021,25,19,Elementary,0,0,0,0,0
809,25Q022,25,20,Elementary,1,0,0,0,1
810,75Q023,75,23,K-12 All Grades,1,0,0,0,1
811,25Q024,25,20,Elementary,0,0,0,0,0
812,25Q025,25,19,Junior High-Intermediate-Middle,0,0,0,0,0
813,26Q026,26,23,Elementary,0,0,0,0,0
814,24Q028,24,21,Early Childhood,0,0,0,0,0
815,25Q029,25,19,Elementary,0,0,0,0,0
816,26Q031,26,19,Elementary,0,0,0,0,0
817,25Q032,25,19,Elementary,0,0,0,0,0
818,29Q033,29,23,Elementary,0,0,0,0,0
819,29Q034,29,27,Elementary,0,0,0,0,0
820,29Q035,29,23,Elementary,0,0,0,0,0
821,29Q036,29,27,Elementary,0,0,0,0,0
822,29Q037,29,27,Elementary,0,0,0,0,0
823,29Q038,29,31,Elementary,0,0,0,0,0
824,28Q040,28,28,Elementary,0,0,0,0,0
825,26Q041,26,19,Elementary,0,0,0,0,0
826,27Q042,27,31,K-8,0,0,0,0,0
827,27Q043,27,31,K-8,2,0,0,0,2
828,27Q045,27,28,Elementary,0,0,0,0,0
829,26Q046,26,23,Elementary,0,0,0,0,0
830,27Q047,27,32,K-8,0,0,0,0,0
831,28Q048,28,28,Elementary,0,0,0,0,0
832,24Q049,24,30,K-8,0,0,0,0,0
833,28Q050,28,28,Elementary,0,0,0,0,0
834,27Q051,27,29,Early Childhood,0,0,0,0,0
835,29Q052,29,31,Elementary,0,0,0,0,0
836,27Q053,27,31,Junior High-Intermediate-Middle,0,0,0,0,0
837,28Q054,28,29,Elementary,0,0,0,0,0
838,28Q055,28,28,Elementary,0,0,0,0,0
839,27Q056,27,32,Elementary,0,0,0,0,0
840,24Q058,24,30,Elementary,0,0,0,0,0
841,29Q059,29,27,Junior High-Intermediate-Middle,0,0,0,0,0
842,27Q060,27,32,Elementary,0,0,0,0,0
843,24Q061,24,21,Junior High-Intermediate-Middle,2,0,0,0,2
844,27Q062,27,28,Elementary,0,0,0,0,0
845,27Q063,27,32,Elementary,0,0,0,0,0
846,27Q064,27,32,Elementary,0,0,0,0,0
847,27Q065,27,32,Elementary,0,0,0,0,0
848,27Q066,27,32,Elementary,0,0,0,0,0
849,26Q067,26,19,Junior High-Intermediate-Middle,0,0,0,0,0
850,24Q068,24,30,Elementary,0,0,0,0,0
851,30Q069,30,25,Elementary,0,0,0,0,0
852,30Q070,30,22,Elementary,0,0,0,0,0
853,24Q071,24,30,Elementary,0,0,0,0,0
854,28Q072,28,28,Junior High-Intermediate-Middle,0,0,0,0,0
855,24Q073,24,30,Junior High-Intermediate-Middle,1,0,0,0,1
856,26Q074,26,23,Junior High-Intermediate-Middle,1,0,0,0,1
857,75Q075,75,34,K-8,0,0,0,0,0
858,30Q076,30,26,Elementary,0,0,0,0,0
859,24Q077,24,34,Junior High-Intermediate-Middle,0,0,0,0,0
860,30Q078,30,26,K-8,0,0,0,0,0
861,25Q079,25,19,Elementary,0,0,0,0,0
862,28Q080,28,28,Elementary,0,0,0,0,0
863,24Q081,24,34,Elementary,0,0,0,0,0
864,28Q082,28,24,Elementary,0,0,0,0,0
865,30Q084,30,22,Elementary,0,0,0,0,0
866,30Q085,30,22,Elementary,0,0,0,0,0
867,28Q086,28,24,Elementary,0,0,0,0,0
868,24Q087,24,30,K-8,0,0,0,0,0
869,24Q088,24,30,Elementary,0,0,0,0,0
870,24Q089,24,25,Elementary,0,0,0,0,0
871,27Q090,27,32,Elementary,0,0,0,0,0
872,24Q091,24,30,Elementary,0,0,0,0,0
873,30Q092,30,21,Elementary,0,0,0,0,0
874,24Q093,24,30,Junior High-Intermediate-Middle,0,0,0,0,0
875,26Q094,26,19,Elementary,0,0,0,0,0
876,29Q095,29,27,Elementary,0,0,0,0,0
877,27Q096,27,28,Elementary,0,0,0,0,0
878,27Q097,27,32,Elementary,0,0,0,0,0
879,26Q098,26,19,Elementary,0,0,0,0,0
880,28Q099,28,29,Elementary,0,0,0,0,0
881,27Q100,27,28,Elementary,0,0,0,0,0
882,28Q101,28,29,Elementary,0,0,0,0,0
883,24Q102,24,25,K-8,0,0,0,0,0
884,27Q104,27,31,Elementary,0,0,0,0,0
885,27Q105,27,31,K-8,0,0,0,0,0
886,27Q106,27,31,Elementary,0,0,0,0,0
887,25Q107,25,19,Elementary,0,0,0,0,0
888,27Q108,27,28,Elementary,0,0,0,0,0
889,29Q109,29,23,Junior High-Intermediate-Middle,1,0,0,0,1
890,24Q110,24,21,Elementary,0,0,0,0,0
891,30Q111,30,26,K-8,0,0,0,0,0
892,30Q112,30,26,Elementary,0,0,0,0,0
893,24Q113,24,30,K-8,0,0,0,0,0
894,27Q114,27,32,K-8,0,0,0,0,0
895,26Q115,26,23,Elementary,0,0,0,0,0
896,29Q116,29,27,K-8,0,0,0,0,0
897,28Q117,28,24,Elementary,0,0,0,0,0
898,29Q118,29,27,Elementary,0,0,0,0,0
899,24Q119,24,30,K-8,0,0,0,0,0
900,25Q120,25,20,Elementary,0,0,0,0,0
901,28Q121,28,28,Elementary,0,0,0,0,0
902,30Q122,30,22,K-8,0,0,0,0,0
903,27Q123,27,28,Elementary,0,0,0,0,0
904,27Q124,27,28,K-8,0,0,0,0,0
905,24Q125,24,26,Junior High-Intermediate-Middle,0,0,0,0,0
906,30Q126,30,22,Junior High-Intermediate-Middle,0,0,0,0,0
907,30Q127,30,21,K-8,0,0,0,0,0
908,24Q128,24,30,K-8,0,0,0,0,0
909,25Q129,25,19,Elementary,0,0,0,0,0
910,25Q130,25,19,Early Childhood,0,0,0,0,0
911,29Q131,29,24,Elementary,0,0,0,0,0
912,29Q132,29,31,Elementary,0,0,0,0,0
913,26Q133,26,23,Elementary,0,0,0,0,0
914,29Q134,29,27,Elementary,0,0,0,0,0
915,29Q135,29,23,Elementary,0,0,0,0,0
916,29Q136,29,27,Elementary,0,0,0,0,0
917,27Q137,27,32,Junior High-Intermediate-Middle,1,0,0,0,1
918,29Q138,29,31,K-8,0,0,0,0,0
919,28Q139,28,29,Elementary,0,0,0,0,0
920,28Q140,28,27,Elementary,1,0,0,0,1
921,30Q141,30,22,Junior High-Intermediate-Middle,0,0,0,0,0
922,24Q143,24,21,Elementary,0,0,0,0,0
923,28Q144,28,29,Elementary,0,0,0,0,0
924,30Q145,30,25,Junior High-Intermediate-Middle,0,0,0,0,0
925,27Q146,27,32,K-8,0,0,0,0,0
926,29Q147,29,27,K-8,0,0,0,0,0
927,30Q148,30,25,Elementary,0,0,0,0,0
928,30Q149,30,25,Elementary,0,0,0,0,0
929,30Q150,30,26,Elementary,0,0,0,0,0
930,30Q151,30,22,Elementary,0,0,0,0,0
931,30Q152,30,26,Elementary,0,0,0,0,0
932,24Q153,24,30,Elementary,0,0,0,0,0
933,25Q154,25,24,Elementary,0,0,0,0,0
934,27Q155,27,28,Elementary,0,0,0,0,0
935,29Q156,29,31,Elementary,0,0,0,0,0
936,28Q157,28,29,Junior High-Intermediate-Middle,1,0,0,0,1
937,26Q158,26,19,Junior High-Intermediate-Middle,0,0,0,0,0
938,26Q159,26,19,Elementary,0,0,0,0,0
939,28Q160,28,28,Elementary,0,0,0,0,0
940,28Q161,28,28,Elementary,0,0,0,0,0
941,26Q162,26,20,Elementary,0,0,0,0,0
942,25Q163,25,20,Elementary,0,0,0,0,0
943,25Q164,25,24,K-8,0,0,0,0,0
944,25Q165,25,24,Elementary,0,0,0,0,0
945,30Q166,30,26,Elementary,0,0,0,0,0
946,28Q167,28,29,Secondary School,0,0,0,0,0
947,25Q169,25,19,Elementary,0,0,0,0,0
948,30Q171,30,22,Elementary,1,0,0,0,1
949,26Q172,26,23,Junior High-Intermediate-Middle,0,0,0,0,0
950,26Q173,26,24,Elementary,0,0,0,0,0
951,28Q174,28,29,Elementary,0,0,0,0,0
952,28Q175,28,29,Elementary,0,0,0,0,0
953,29Q176,29,27,Elementary,0,0,0,0,0
954,75Q177,75,20,K-12 All Grades,0,0,0,0,0
955,26Q178,26,23,K-8,0,0,0,0,0
956,29Q181,29,31,Elementary,0,0,0,0,0
957,28Q182,28,24,Elementary,0,0,0,0,0
958,27Q183,27,31,K-8,1,0,0,0,1
959,25Q184,25,19,Elementary,0,0,0,0,0
960,25Q185,25,19,Junior High-Intermediate-Middle,0,0,0,0,0
961,26Q186,26,23,Elementary,0,0,0,0,0
962,26Q188,26,23,Elementary,0,0,0,0,0
963,25Q189,25,20,Junior High-Intermediate-Middle,0,0,0,0,0
964,28Q190,28,29,Junior High-Intermediate-Middle,0,0,0,0,0
965,26Q191,26,23,Elementary,0,0,0,0,0
966,29Q192,29,27,Junior High-Intermediate-Middle,1,0,0,0,1
967,25Q193,25,19,Elementary,0,0,0,0,0
968,25Q194,25,19,Junior High-Intermediate-Middle,0,0,0,0,0
969,29Q195,29,31,Elementary,0,0,0,0,0
970,28Q196,28,29,Elementary,0,0,0,0,0
971,27Q197,27,31,Elementary,0,0,0,0,0
972,24Q199,24,26,Elementary,0,0,0,0,0
973,25Q200,25,24,K-8,0,0,0,0,0
974,25Q201,25,24,Elementary,0,0,0,0,0
975,27Q202,27,32,Junior High-Intermediate-Middle,0,0,0,0,0
976,26Q203,26,23,Elementary,0,0,0,0,0
977,30Q204,30,26,Junior High-Intermediate-Middle,0,0,0,0,0
978,26Q205,26,23,Elementary,0,0,0,0,0
979,28Q206,28,29,Elementary,0,0,0,0,0
980,27Q207,27,32,K-8,0,0,0,0,0
981,29Q208,29,23,K-8,0,0,0,0,0
982,25Q209,25,19,Elementary,0,0,0,0,0
983,27Q210,27,32,Junior High-Intermediate-Middle,1,0,0,0,1
984,24Q211,24,25,Elementary,0,0,0,0,0
985,30Q212,30,25,Elementary,0,0,0,0,0
986,26Q213,26,23,Elementary,0,0,0,0,0
987,25Q214,25,20,Elementary,0,0,0,0,0
988,26Q216,26,24,Junior High-Intermediate-Middle,1,0,0,0,1
989,28Q217,28,24,Junior High-Intermediate-Middle,2,0,0,0,2
990,25Q219,25,24,K-8,0,0,0,0,0
991,28Q220,28,29,Elementary,0,0,0,0,0
992,26Q221,26,23,Elementary,0,0,0,0,0
993,30Q222,30,25,Early Childhood,0,0,0,0,0
994,27Q223,27,28,Elementary,0,0,0,0,0
995,75Q224,75,23,K-8,0,0,0,0,0
996,27Q226,27,28,Junior High-Intermediate-Middle,0,0,0,0,0
997,30Q227,30,21,Junior High-Intermediate-Middle,0,0,0,0,0
998,30Q228,30,21,Early Childhood,0,0,0,0,0
999,24Q229,24,30,Elementary,0,0,0,0,0
