,uniqueid,dateofbite,species,breed,age,gender,spayneuter,borough,zipcode
0,1,2015-01-02T00:00:00.000,DOG,"Poodle, Standard",3,M,True,Brooklyn,11238.0
1,2,2015-01-02T00:00:00.000,DOG,HUSKY,,U,False,Brooklyn,11249.0
2,3,2015-01-02T00:00:00.000,DOG,,,U,False,Brooklyn,
3,4,2015-01-01T00:00:00.000,DOG,American Pit Bull Terrier/Pit Bull,6,M,False,Brooklyn,11221.0
4,5,2015-01-03T00:00:00.000,DOG,American Pit Bull Terrier/Pit Bull,1,M,False,Brooklyn,11207.0
5,6,2015-01-05T00:00:00.000,DOG,American Pit Bull Terrier/Pit Bull,1,F,False,Brooklyn,11209.0
6,7,2015-01-04T00:00:00.000,DOG,MORKIE,1,M,False,Brooklyn,11220.0
7,8,2015-01-05T00:00:00.000,DOG,Chihuahua,1,M,False,Brooklyn,11237.0
8,9,2015-01-04T00:00:00.000,DOG,PIT BULL MIXED,,M,False,Brooklyn,11215.0
9,10,2015-01-04T00:00:00.000,DOG,,,U,False,Brooklyn,11221.0
10,11,2015-01-02T00:00:00.000,DOG,,,U,False,Brooklyn,
11,12,2015-01-02T00:00:00.000,DOG,Cocker Spaniel Crossbreed,,U,False,Brooklyn,11220.0
12,13,2015-01-05T00:00:00.000,DOG,Shih Tzu,4,F,False,Brooklyn,11205.0
13,14,2015-01-01T00:00:00.000,DOG,American Pit Bull Terrier/Pit Bull,,U,False,Brooklyn,11220.0
14,15,2015-01-07T00:00:00.000,DOG,American Pit Bull Terrier/Pit Bull,,U,False,Brooklyn,
15,16,2015-01-05T00:00:00.000,DOG,Shih Tzu,3,M,True,Brooklyn,11224.0
16,17,2015-01-09T00:00:00.000,DOG,Pit Bull,2,M,True,Brooklyn,11213.0
17,18,2015-01-10T00:00:00.000,DOG,Mixed/Other,7,M,True,Brooklyn,
18,19,2015-01-10T00:00:00.000,DOG,Yorkshire Terrier,1,F,False,Brooklyn,11237.0
19,20,2015-01-13T00:00:00.000,DOG,Dachshund Smooth Coat,12,M,True,Brooklyn,11217.0
20,21,2015-01-12T00:00:00.000,DOG,American Pit Bull Terrier/Pit Bull,,U,False,Brooklyn,11208.0
21,22,2015-01-16T00:00:00.000,DOG,American Pit Bull Mix / Pit Bull Mix,2,M,False,Brooklyn,11235.0
22,23,2015-01-12T00:00:00.000,DOG,Shih Tzu,2,M,False,Brooklyn,11207.0
23,24,2015-01-17T00:00:00.000,DOG,Chihuahua,7M,M,False,Brooklyn,11213.0
24,25,2015-01-21T00:00:00.000,DOG,Yorkshire Terrier,8M,M,False,Brooklyn,11206.0
25,26,2015-01-22T00:00:00.000,DOG,Labrador Retriever,5,M,True,Brooklyn,11229.0
26,27,2015-01-24T00:00:00.000,DOG,"Jindo Dog,",,U,False,Brooklyn,11226.0
27,28,2015-01-27T00:00:00.000,DOG,Jack Russ,11,M,False,Brooklyn,11217.0
28,29,2015-01-25T00:00:00.000,DOG,Chow Chow,,U,False,Brooklyn,11209.0
29,30,2015-01-25T00:00:00.000,DOG,Chihuahua,1,F,False,Brooklyn,11213.0
30,31,2015-01-25T00:00:00.000,DOG,"Mastiff, Bull",,U,False,Brooklyn,
31,32,2015-01-20T00:00:00.000,DOG,PIT BULL/GOLDEN RETRIVE X,,U,False,Brooklyn,11236.0
32,33,2015-01-29T00:00:00.000,DOG,Pit Bull,,U,False,Brooklyn,
33,34,2015-01-31T00:00:00.000,DOG,Chihuahua Crossbreed,3,M,False,Brooklyn,
34,35,2015-01-31T00:00:00.000,DOG,German Shepherd Crossbreed,,F,False,Brooklyn,11220.0
35,36,2015-01-31T00:00:00.000,DOG,,,U,False,Brooklyn,
36,37,2015-01-23T00:00:00.000,DOG,German Shepherd,4,M,False,Brooklyn,11229.0
37,38,2015-01-31T00:00:00.000,DOG,,,U,False,Brooklyn,
38,39,2015-02-04T00:00:00.000,DOG,Pomeranian,1,F,False,Brooklyn,11216.0
39,40,2015-02-05T00:00:00.000,DOG,Dalmatian,10,M,True,Brooklyn,11214.0
40,41,2015-02-01T00:00:00.000,DOG,Rottweiler,,U,False,Brooklyn,11204.0
41,42,2015-02-04T00:00:00.000,DOG,Rottweiler,,U,False,Brooklyn,11220.0
42,43,2015-02-06T00:00:00.000,DOG,Shiba Inu,3,M,False,Brooklyn,11252.0
43,44,2015-02-07T00:00:00.000,DOG,Maltese,,U,False,Brooklyn,11215.0
44,45,2015-02-07T00:00:00.000,DOG,Pit Bull,5,M,True,Brooklyn,11214.0
45,46,2015-01-27T00:00:00.000,DOG,,,U,False,Brooklyn,11205.0
46,47,2015-02-06T00:00:00.000,DOG,Dachshund Smooth Coat,,U,False,Brooklyn,
47,48,2015-01-27T00:00:00.000,DOG,"Poodle, Standard",,U,False,Brooklyn,11214.0
48,49,2015-02-10T00:00:00.000,DOG,"Welsh Corgi, Pembroke",,U,False,Brooklyn,11204.0
49,50,2015-02-07T00:00:00.000,DOG,Shiba Inu,,M,False,Brooklyn,11206.0
50,51,2015-02-07T00:00:00.000,DOG,RAT TERRIER,5,M,True,Brooklyn,11208.0
51,52,2015-01-27T00:00:00.000,DOG,American Pit Bull Terrier/Pit Bull,2,M,False,Brooklyn,11228.0
52,53,2015-02-11T00:00:00.000,DOG,Staffordshire Bull Terrier,4,M,False,Brooklyn,11235.0
53,54,2015-02-11T00:00:00.000,DOG,RAT TERRIER,13,F,True,Brooklyn,11209.0
54,55,2015-02-09T00:00:00.000,DOG,American Pit Bull Terrier/Pit Bull,10,F,True,Brooklyn,11232.0
55,56,2015-02-12T00:00:00.000,DOG,German Shepherd,4,M,False,Brooklyn,11229.0
56,57,2015-02-12T00:00:00.000,DOG,Pit Bull,,U,False,Brooklyn,11237.0
57,58,2015-02-14T00:00:00.000,DOG,Akita,,M,False,Brooklyn,11237.0
58,59,2015-02-14T00:00:00.000,DOG,,,U,False,Brooklyn,11205.0
59,60,2015-02-15T00:00:00.000,DOG,BULL DOG X,,M,False,Brooklyn,11234.0
60,61,2015-02-15T00:00:00.000,DOG,Pit Bull,,U,False,Brooklyn,11234.0
61,62,2015-02-13T00:00:00.000,DOG,American Pit Bull Terrier/Pit Bull,4,M,True,Brooklyn,11221.0
62,63,2015-02-17T00:00:00.000,DOG,Chihuahua,,U,False,Brooklyn,11218.0
63,64,2015-02-15T00:00:00.000,DOG,American Pit Bull Mix / Pit Bull Mix,1,M,False,Brooklyn,11207.0
64,65,2015-02-12T00:00:00.000,DOG,"Mastiff, Old English",,U,False,Brooklyn,11231.0
65,66,2015-02-18T00:00:00.000,DOG,Yorkshire Terrier,3,M,False,Brooklyn,11233.0
66,67,2015-02-17T00:00:00.000,DOG,American Pit Bull Terrier/Pit Bull,5,M,False,Brooklyn,11207.0
67,68,2015-02-19T00:00:00.000,DOG,SPRINGER SPANIEL,7,U,True,Brooklyn,11213.0
68,69,2015-02-21T00:00:00.000,DOG,Pit Bull,,U,False,Brooklyn,11217.0
69,70,2015-02-06T00:00:00.000,DOG,Shiba Inu,3,M,False,Brooklyn,
70,71,2015-02-12T00:00:00.000,DOG,Pit Bull,,U,False,Brooklyn,11224.0
71,72,2015-02-22T00:00:00.000,DOG,Pit Bull,10,M,True,Brooklyn,11235.0
72,73,2015-02-24T00:00:00.000,DOG,Pit Bull,1,F,False,Brooklyn,11215.0
73,74,2015-02-24T00:00:00.000,DOG,Pit Bull,10,F,True,Brooklyn,11210.0
74,75,2015-02-24T00:00:00.000,DOG,WESTIE,,U,False,Brooklyn,11234.0
75,76,2015-02-22T00:00:00.000,DOG,Pit Bull,,U,False,Brooklyn,
76,77,2015-02-21T00:00:00.000,DOG,Pit Bull,,U,False,Brooklyn,11231.0
77,78,2015-02-26T00:00:00.000,DOG,Pit Bull,,U,False,Brooklyn,11206.0
78,79,2015-02-22T00:00:00.000,DOG,FOX HOUND,3,F,True,Brooklyn,11209.0
79,80,2015-02-23T00:00:00.000,DOG,Pit Bull,,U,False,Brooklyn,
80,81,2015-02-26T00:00:00.000,DOG,Pit Bull,1,M,False,Brooklyn,11226.0
81,82,2015-02-28T00:00:00.000,DOG,Weimaraner,11,M,True,Brooklyn,11230.0
82,83,2015-02-26T00:00:00.000,DOG,German Shepherd,,U,False,Brooklyn,11220.0
83,84,2015-02-01T00:00:00.000,DOG,Rottweiler,,U,False,Brooklyn,11215.0
84,85,2015-03-01T00:00:00.000,DOG,American Pit Bull Mix / Pit Bull Mix,6,F,True,Brooklyn,11225.0
85,86,2015-02-28T00:00:00.000,DOG,American Pit Bull Mix / Pit Bull Mix,2,M,False,Brooklyn,11228.0
86,87,2015-02-10T00:00:00.000,DOG,American Pit Bull Terrier/Pit Bull,,U,False,Brooklyn,11221.0
87,88,2015-03-03T00:00:00.000,DOG,,,U,False,Brooklyn,11235.0
88,89,2015-03-04T00:00:00.000,DOG,"Jindo Dog,",,M,True,Brooklyn,11215.0
89,90,2015-03-06T00:00:00.000,DOG,American Pit Bull Mix / Pit Bull Mix,10,F,False,Brooklyn,11206.0
90,91,2015-03-07T00:00:00.000,DOG,"Bull Dog, English",2,M,True,Brooklyn,11201.0
91,92,2015-02-27T00:00:00.000,DOG,American Pit Bull Terrier/Pit Bull,3,M,False,Brooklyn,11206.0
92,93,2015-03-07T00:00:00.000,DOG,BULLDOG/SHARPEI,11,M,True,Brooklyn,11233.0
93,94,2015-03-08T00:00:00.000,DOG,Shih Tzu,4,M,False,Brooklyn,11234.0
94,95,2015-03-10T00:00:00.000,DOG,COCKER/CORGI X,,M,False,Brooklyn,11201.0
95,96,2015-03-06T00:00:00.000,DOG,Pit Bull,,U,False,Brooklyn,
96,97,2015-03-12T00:00:00.000,DOG,Jack Russ,7M,M,False,Brooklyn,11208.0
97,98,2015-03-12T00:00:00.000,DOG,Shih Tzu,,U,False,Brooklyn,11217.0
98,99,2015-02-26T00:00:00.000,DOG,Pit Bull,2,M,False,Brooklyn,11216.0
99,100,2015-03-13T00:00:00.000,DOG,Pug,6,M,True,Brooklyn,11231.0
100,101,2015-03-15T00:00:00.000,DOG,Yorkshire Terrier,4,M,False,Brooklyn,11205.0
101,102,2015-03-14T00:00:00.000,DOG,Chow Chow,3,M,False,Brooklyn,11234.0
102,103,2015-03-15T00:00:00.000,DOG,American Staffordshire Terrier,8,M,True,Brooklyn,11230.0
103,104,2015-03-14T00:00:00.000,DOG,SHEPHERD MIX,5,M,True,Brooklyn,11229.0
104,105,2015-03-16T00:00:00.000,DOG,Maltese,7,M,True,Brooklyn,11221.0
105,106,2015-03-18T00:00:00.000,DOG,American Pit Bull Terrier/Pit Bull,5,M,True,Brooklyn,11207.0
106,107,2015-03-16T00:00:00.000,DOG,Yorkshire Terrier,1,M,False,Brooklyn,11221.0
107,108,2015-03-14T00:00:00.000,DOG,Cocker Spaniel,,U,False,Brooklyn,11213.0
108,109,2015-03-16T00:00:00.000,DOG,American Pit Bull Mix / Pit Bull Mix,2,M,True,Brooklyn,11234.0
109,110,2015-03-16T00:00:00.000,DOG,Pit Bull,,F,True,Brooklyn,11223.0
110,111,2015-03-17T00:00:00.000,DOG,"Collie, Border",,U,False,Brooklyn,
111,112,2015-03-09T00:00:00.000,DOG,Miniature Pinscher,,M,False,Brooklyn,11235.0
112,113,2015-03-22T00:00:00.000,DOG,Shih Tzu,2,M,False,Brooklyn,11223.0
113,114,2015-03-21T00:00:00.000,DOG,Doberman Pinscher,8,F,False,Brooklyn,11204.0
114,115,2015-03-22T00:00:00.000,DOG,Shih Tzu,7,M,True,Brooklyn,11208.0
115,116,2015-03-22T00:00:00.000,DOG,German Shepherd,,U,False,Brooklyn,11217.0
116,117,2015-03-21T00:00:00.000,DOG,"Bull Dog, French",6,M,True,Brooklyn,11217.0
117,118,2015-02-02T00:00:00.000,DOG,Pekingese,4,M,False,Brooklyn,11238.0
118,119,2015-03-15T00:00:00.000,DOG,Chihuahua,6,M,False,Brooklyn,11221.0
119,120,2015-03-25T00:00:00.000,DOG,TERRIER,5,M,False,Brooklyn,11027.0
120,121,2015-03-29T00:00:00.000,DOG,Pit Bull,1,M,False,Brooklyn,11224.0
121,122,2015-03-20T00:00:00.000,DOG,HARRIER/BEAGLE,10 M,M,True,Brooklyn,11235.0
122,123,2015-03-27T00:00:00.000,DOG,TERRIER,,U,False,Brooklyn,11215.0
123,124,2015-03-28T00:00:00.000,DOG,"Dachshund, Long Haired Miniature",4,M,True,Brooklyn,11234.0
124,125,2015-03-29T00:00:00.000,DOG,American Pit Bull Terrier/Pit Bull,,U,False,Brooklyn,11217.0
125,126,2015-03-24T00:00:00.000,DOG,BOXER X W/ PIT BULL,8,M,True,Brooklyn,11231.0
126,127,2015-03-31T00:00:00.000,DOG,Cocker Spaniel,3,F,False,Brooklyn,
127,128,2015-04-03T00:00:00.000,DOG,Yorkshire Terrier,6,M,True,Brooklyn,11233.0
128,129,2015-04-02T00:00:00.000,DOG,Chihuahua,,U,False,Brooklyn,
129,130,2015-04-06T00:00:00.000,DOG,Bull dog,8M,M,False,Brooklyn,11213.0
130,131,2015-04-06T00:00:00.000,DOG,American Staffordshire Terrier,,U,False,Brooklyn,11224.0
131,132,2015-04-06T00:00:00.000,DOG,American Pit Bull Terrier/Pit Bull,4,F,True,Brooklyn,11212.0
132,133,2015-03-31T00:00:00.000,DOG,PITBULL/LAB RETRIEVER,5,F,True,Brooklyn,
133,134,2015-03-27T00:00:00.000,DOG,BOXER/RHODESIAN RIDGEBACK X,5,F,False,Brooklyn,11214.0
134,135,2015-04-06T00:00:00.000,DOG,Chihuahua Crossbreed,4M,M,False,Brooklyn,11205.0
135,136,2015-04-06T00:00:00.000,DOG,"Poodle, Standard",2,M,False,Brooklyn,11213.0
136,137,2015-04-07T00:00:00.000,DOG,American Pit Bull Terrier/Pit Bull,,U,False,Brooklyn,11231.0
137,138,2015-04-01T00:00:00.000,DOG,Bull Terrier,1,M,False,Brooklyn,11201.0
138,139,2015-04-08T00:00:00.000,DOG,CATAHOULA LEOPARD DOG,1,M,True,Brooklyn,11235.0
139,140,2015-04-08T00:00:00.000,DOG,,,U,False,Brooklyn,11214.0
140,141,2015-04-06T00:00:00.000,DOG,Yorkshire Terrier,6,F,False,Brooklyn,11219.0
141,142,2015-04-10T00:00:00.000,DOG,Cocker Spaniel Crossbreed,5,M,True,Brooklyn,11206.0
142,143,2015-04-03T00:00:00.000,DOG,BOXER/HOUND/PITBULL,6,F,True,Brooklyn,11216.0
143,144,2015-04-12T00:00:00.000,DOG,German Shepherd,11,F,True,Brooklyn,11209.0
144,145,2015-04-10T00:00:00.000,DOG,"Bull Dog, English",9M,M,False,Brooklyn,11220.0
145,146,2015-04-10T00:00:00.000,DOG,American Pit Bull Terrier/Pit Bull,6M,M,False,Brooklyn,11224.0
146,147,2015-04-12T00:00:00.000,DOG,Chihuahua,9,F,True,Brooklyn,11224.0
147,148,2015-04-10T00:00:00.000,DOG,,,U,False,Brooklyn,11208.0
148,149,2015-04-09T00:00:00.000,DOG,,,U,False,Brooklyn,
149,150,2015-04-13T00:00:00.000,DOG,Pit Bull,9,M,False,Brooklyn,11207.0
150,151,2015-04-13T00:00:00.000,DOG,Chihuahua,9M,M,False,Brooklyn,11208.0
151,152,2015-04-14T00:00:00.000,DOG,American Pit Bull Mix / Pit Bull Mix,2,F,True,Brooklyn,11216.0
152,153,2015-04-10T00:00:00.000,DOG,American Pit Bull Terrier/Pit Bull,3,M,True,Brooklyn,
153,154,2015-04-10T00:00:00.000,DOG,Siberian Husky,,U,False,Brooklyn,11226.0
154,155,2015-04-14T00:00:00.000,DOG,American Pit Bull Terrier/Pit Bull,,U,False,Brooklyn,
155,156,2015-04-16T00:00:00.000,DOG,American Pit Bull Terrier/Pit Bull,1,F,False,Brooklyn,11208.0
156,157,2015-04-16T00:00:00.000,DOG,Rottweiler,1,M,True,Brooklyn,11228.0
157,158,2015-04-14T00:00:00.000,DOG,Beagle Crossbreed,19,M,False,Brooklyn,11214.0
158,159,2015-04-20T00:00:00.000,DOG,,,U,False,Brooklyn,
159,160,2015-04-18T00:00:00.000,DOG,AUSTRALIAN CATTLE,,F,False,Brooklyn,
160,161,2015-04-13T00:00:00.000,DOG,,,U,False,Brooklyn,11221.0
161,162,2015-04-11T00:00:00.000,DOG,Pit Bull,,U,False,Brooklyn,11207.0
162,163,2015-04-15T00:00:00.000,DOG,Pit Bull,,U,False,Brooklyn,
163,164,2015-04-19T00:00:00.000,DOG,American Pit Bull Terrier/Pit Bull,,U,False,Brooklyn,11221.0
164,165,2015-04-19T00:00:00.000,DOG,German Shepherd Crossbreed,15,F,True,Brooklyn,11222.0
165,166,2015-04-17T00:00:00.000,DOG,Border Terrier,3,M,True,Brooklyn,
166,167,2015-04-17T00:00:00.000,DOG,American Pit Bull Terrier/Pit Bull,3,M,False,Brooklyn,11231.0
167,168,2015-04-20T00:00:00.000,DOG,,4M,U,False,Brooklyn,11224.0
168,169,2015-04-18T00:00:00.000,DOG,,,U,False,Brooklyn,11220.0
169,170,2015-04-19T00:00:00.000,DOG,ITALIAN MASTIFF,3,F,False,Brooklyn,11221.0
170,171,2015-04-12T00:00:00.000,DOG,American Pit Bull Terrier/Pit Bull,,U,False,Brooklyn,11235.0
171,172,2015-04-19T00:00:00.000,DOG,American Pit Bull Terrier/Pit Bull,,U,False,Brooklyn,11221.0
172,173,2015-04-17T00:00:00.000,DOG,BEAGLE/JACK RUSS,4,M,True,Brooklyn,11224.0
173,174,2015-04-16T00:00:00.000,DOG,,,U,False,Brooklyn,
174,175,2015-04-19T00:00:00.000,DOG,American Pit Bull Terrier/Pit Bull,5,M,True,Brooklyn,11218.0
175,176,2015-04-12T00:00:00.000,DOG,,,U,False,Brooklyn,
176,177,2015-04-22T00:00:00.000,DOG,Maltese,7,F,True,Brooklyn,11237.0
177,178,2015-04-23T00:00:00.000,DOG,Cane Corso,15,F,False,Brooklyn,11238.0
178,179,2015-04-22T00:00:00.000,DOG,,,U,False,Brooklyn,
179,180,2015-04-23T00:00:00.000,DOG,PARSON RUSSELLTERR,2,M,True,Brooklyn,11231.0
180,181,2015-04-24T00:00:00.000,DOG,"Poodle, Standard",,U,False,Brooklyn,11221.0
181,182,2015-04-25T00:00:00.000,DOG,Shih Tzu,5,M,True,Brooklyn,11219.0
182,183,2015-04-26T00:00:00.000,DOG,American Staffordshire Terrier,2,M,False,Brooklyn,11212.0
183,184,2015-04-25T00:00:00.000,DOG,American Pit Bull Terrier/Pit Bull,3,M,False,Brooklyn,11221.0
184,185,2015-04-25T00:00:00.000,DOG,American Pit Bull Terrier/Pit Bull,3,M,False,Brooklyn,11221.0
185,186,2015-04-27T00:00:00.000,DOG,American Pit Bull Terrier/Pit Bull,2,M,False,Brooklyn,11218.0
186,187,2015-04-20T00:00:00.000,DOG,American Pit Bull Terrier/Pit Bull,,U,False,Brooklyn,11218.0
187,188,2015-04-25T00:00:00.000,DOG,UNKNOWN,,U,False,Brooklyn,11201.0
188,189,2015-04-25T00:00:00.000,DOG,German Shepherd,7,M,True,Brooklyn,11234.0
189,190,2015-04-11T00:00:00.000,DOG,American Pit Bull Terrier/Pit Bull,3,F,True,Brooklyn,11220.0
190,191,2015-04-29T00:00:00.000,DOG,Pug,3,M,True,Brooklyn,11223.0
191,192,2015-04-29T00:00:00.000,DOG,POINTER/BEAGLE X,7,F,False,Brooklyn,11249.0
192,193,2015-04-29T00:00:00.000,DOG,SHIBA INU,5,M,True,Brooklyn,11221.0
193,194,2015-04-30T00:00:00.000,DOG,,,U,False,Brooklyn,11220.0
194,195,2015-04-26T00:00:00.000,DOG,Chihuahua,2,F,False,Brooklyn,11220.0
195,196,2015-04-30T00:00:00.000,DOG,GERMAN SHEPHERD/RIDGEBACK,5,M,True,Brooklyn,11231.0
196,197,2015-05-01T00:00:00.000,DOG,Bichon Frise,8,M,True,Brooklyn,11223.0
197,198,2015-05-01T00:00:00.000,DOG,STAFFORDSHIRE TERR,7,F,True,Brooklyn,11221.0
198,199,2015-04-19T00:00:00.000,DOG,American Pit Bull Terrier/Pit Bull,,U,False,Brooklyn,11223.0
199,200,2015-05-02T00:00:00.000,DOG,Chihuahua Crossbreed,,U,False,Brooklyn,11214.0
200,201,2015-05-02T00:00:00.000,DOG,"Collie, Border",14,M,True,Brooklyn,11234.0
201,202,2015-05-04T00:00:00.000,DOG,American Pit Bull Mix / Pit Bull Mix,8M,M,False,Brooklyn,11204.0
202,203,2015-05-04T00:00:00.000,DOG,Belgian Malinois,,U,False,Brooklyn,11213.0
203,204,2015-05-01T00:00:00.000,DOG,Boxer,2,M,True,Brooklyn,11237.0
204,205,2015-05-03T00:00:00.000,DOG,,,U,False,Brooklyn,11216.0
205,206,2015-05-01T00:00:00.000,DOG,MALTESE - X,3,F,False,Brooklyn,11209.0
206,207,2015-05-05T00:00:00.000,DOG,German Shepherd,,U,False,Brooklyn,11220.0
207,208,2015-05-01T00:00:00.000,DOG,Pit Bull,,U,False,Brooklyn,
208,209,2015-05-06T00:00:00.000,DOG,"Collie, Smooth Coat",10,F,True,Brooklyn,11220.0
209,210,2015-04-29T00:00:00.000,DOG,,7,M,False,Brooklyn,11204.0
210,211,2015-05-06T00:00:00.000,DOG,CHIHUAHUA/BOSTON TERR X,5,M,True,Brooklyn,11222.0
211,212,2015-04-08T00:00:00.000,DOG,HUSKY/CATTLE DOG MIX,4,M,True,Brooklyn,
212,213,2015-04-08T00:00:00.000,DOG,HUSKY/CATTLE MIX,4,M,True,Brooklyn,
213,214,2015-05-10T00:00:00.000,DOG,American Pit Bull Terrier/Pit Bull,13,M,True,Brooklyn,11234.0
214,215,2015-05-10T00:00:00.000,DOG,American Staffordshire Terrier,2,M,False,Brooklyn,11228.0
215,216,2015-05-09T00:00:00.000,DOG,Siberian Husky,14,M,True,Brooklyn,11231.0
216,217,2015-05-09T00:00:00.000,DOG,American Pit Bull Mix / Pit Bull Mix,5,F,True,Brooklyn,11208.0
217,218,2015-05-01T00:00:00.000,DOG,American Staffordshire Terrier,8,M,True,Brooklyn,11217.0
218,219,2015-05-09T00:00:00.000,DOG,,,U,False,Brooklyn,
219,220,2015-05-03T00:00:00.000,DOG,American Pit Bull Terrier/Pit Bull,,F,False,Brooklyn,11231.0
220,221,2015-05-11T00:00:00.000,DOG,,,U,False,Brooklyn,
221,222,2015-05-07T00:00:00.000,DOG,Australian Shepherd,5,M,True,Brooklyn,11238.0
222,223,2015-05-08T00:00:00.000,DOG,,,U,False,Brooklyn,11209.0
223,224,2015-05-09T00:00:00.000,DOG,American Pit Bull Terrier/Pit Bull,8,M,True,Brooklyn,11219.0
224,225,2015-05-11T00:00:00.000,DOG,American Pit Bull Terrier/Pit Bull,2,F,False,Brooklyn,11218.0
225,226,2015-04-25T00:00:00.000,DOG,Shih Tzu,4,M,True,Brooklyn,11226.0
226,227,2015-05-03T00:00:00.000,DOG,Pit Bull,,U,False,Brooklyn,11235.0
227,228,2015-05-10T00:00:00.000,DOG,American Pit Bull Mix / Pit Bull Mix,3,F,False,Brooklyn,
228,229,2015-05-12T00:00:00.000,DOG,American Pit Bull Mix / Pit Bull Mix,5,M,True,Brooklyn,11213.0
229,230,2015-04-30T00:00:00.000,DOG,,,U,False,Brooklyn,
230,231,2015-05-12T00:00:00.000,DOG,Bloodhound,4,M,True,Brooklyn,11231.0
231,232,2015-05-12T00:00:00.000,DOG,Jack Russ,10,M,True,Brooklyn,11215.0
232,233,2015-05-14T00:00:00.000,DOG,American Pit Bull Terrier/Pit Bull,,U,False,Brooklyn,11211.0
233,234,2015-05-14T00:00:00.000,DOG,"Cocker Spaniel, American",10,M,True,Brooklyn,11220.0
234,235,2015-05-09T00:00:00.000,DOG,Siberian Husky,,U,False,Brooklyn,
235,236,2015-05-14T00:00:00.000,DOG,American Pit Bull Terrier/Pit Bull,6,M,False,Brooklyn,11232.0
236,237,2015-05-12T00:00:00.000,DOG,American Pit Bull Terrier/Pit Bull,,U,False,Brooklyn,
237,238,2015-04-28T00:00:00.000,DOG,American Pit Bull Mix / Pit Bull Mix,1,M,True,Brooklyn,11234.0
238,239,2015-05-15T00:00:00.000,DOG,Cocker Spaniel Crossbreed,,M,False,Brooklyn,11205.0
239,240,2015-05-18T00:00:00.000,DOG,American Staffordshire Terrier,2,M,False,Brooklyn,11211.0
240,241,2015-05-18T00:00:00.000,DOG,American Staffordshire Terrier,2,M,False,Brooklyn,11211.0
241,242,2015-05-17T00:00:00.000,DOG,,,U,False,Brooklyn,
242,243,2015-01-08T00:00:00.000,DOG,American Pit Bull Terrier/Pit Bull,1,M,True,Brooklyn,11224.0
243,244,2015-05-12T00:00:00.000,DOG,Cane Corso,5,F,True,Brooklyn,11233.0
244,245,2015-05-05T00:00:00.000,DOG,TERRIER,,U,False,Brooklyn,
245,246,2015-05-17T00:00:00.000,DOG,,,U,False,Brooklyn,11226.0
246,247,2015-05-18T00:00:00.000,DOG,,,U,False,Brooklyn,
247,248,2015-05-16T00:00:00.000,DOG,BORDER COLLIE/JACK RUSSELL,11M,F,True,Brooklyn,
248,249,2015-05-06T00:00:00.000,DOG,CORGI,,M,False,Brooklyn,11222.0
249,250,2015-05-21T00:00:00.000,DOG,Shih Tzu,,U,False,Brooklyn,11229.0
250,251,2015-05-21T00:00:00.000,DOG,,,U,False,Brooklyn,11233.0
251,252,2015-05-20T00:00:00.000,DOG,MUTT,1,F,True,Brooklyn,11201.0
252,253,2015-05-24T00:00:00.000,DOG,MIXED,2,M,True,Brooklyn,
253,254,2015-05-24T00:00:00.000,DOG,PIT BULL/LAB X,2,F,False,Brooklyn,11236.0
254,255,2015-05-24T00:00:00.000,DOG,PIT BULL/LAB X,2,F,False,Brooklyn,11236.0
255,256,2015-05-24T00:00:00.000,DOG,Labrador Retriever,,U,False,Brooklyn,11215.0
256,257,2015-05-24T00:00:00.000,DOG,,1,M,False,Brooklyn,11207.0
257,258,2015-05-22T00:00:00.000,DOG,,,U,False,Brooklyn,
258,259,2015-05-25T00:00:00.000,DOG,Labrador Retriever,3,F,False,Brooklyn,11234.0
259,260,2015-05-25T00:00:00.000,DOG,American Pit Bull Terrier/Pit Bull,,U,False,Brooklyn,
260,261,2015-05-17T00:00:00.000,DOG,,,U,False,Brooklyn,11226.0
261,262,2015-05-23T00:00:00.000,DOG,"Mastiff, Tibetan",1,M,True,Brooklyn,11214.0
262,263,2015-05-23T00:00:00.000,DOG,MALTESE MIX,4,M,True,Brooklyn,
263,264,2015-05-24T00:00:00.000,DOG,SCHNAUZER,,M,False,Brooklyn,11215.0
264,265,2015-05-18T00:00:00.000,DOG,,,U,False,Brooklyn,11220.0
265,266,2015-05-23T00:00:00.000,DOG,,,U,False,Brooklyn,
266,267,2015-05-27T00:00:00.000,DOG,,,U,False,Brooklyn,11226.0
267,268,2015-05-28T00:00:00.000,DOG,Pit Bull,,U,False,Brooklyn,11237.0
268,269,2015-05-24T00:00:00.000,DOG,Pit Bull,,U,False,Brooklyn,11221.0
269,270,2015-05-23T00:00:00.000,DOG,American Pit Bull Mix / Pit Bull Mix,6,M,True,Brooklyn,11205.0
270,271,2015-05-28T00:00:00.000,DOG,American Pit Bull Terrier/Pit Bull,,U,False,Brooklyn,11213.0
271,272,2015-05-28T00:00:00.000,DOG,American Pit Bull Mix / Pit Bull Mix,3,M,False,Brooklyn,11236.0
272,273,2015-05-26T00:00:00.000,DOG,Saint Bernard,,U,False,Brooklyn,11214.0
273,274,2015-05-28T00:00:00.000,DOG,Chihuahua,,U,False,Brooklyn,11208.0
274,275,2015-05-30T00:00:00.000,DOG,West High White Terrier,4,M,False,Brooklyn,11224.0
275,276,2015-05-30T00:00:00.000,DOG,West High White Terrier,4,M,False,Brooklyn,11224.0
276,277,2015-05-31T00:00:00.000,DOG,Chihuahua,1,M,False,Brooklyn,11207.0
277,278,2015-05-30T00:00:00.000,DOG,"Collie, Border",,U,False,Brooklyn,11211.0
278,279,2015-05-29T00:00:00.000,DOG,Labrador Retriever Crossbreed,8,F,True,Brooklyn,11229.0
279,280,2015-05-30T00:00:00.000,DOG,,,U,False,Brooklyn,11207.0
280,281,2015-05-28T00:00:00.000,DOG,,,U,False,Brooklyn,11232.0
281,282,2015-05-31T00:00:00.000,DOG,American Pit Bull Terrier/Pit Bull,,U,False,Brooklyn,
282,283,2015-06-01T00:00:00.000,DOG,American Pit Bull Terrier/Pit Bull,,U,False,Brooklyn,11207.0
283,284,2015-06-02T00:00:00.000,DOG,Chow Chow,1,M,False,Brooklyn,11233.0
284,285,2015-06-02T00:00:00.000,DOG,Doberman Pinscher,7,M,True,Brooklyn,11228.0
285,286,2015-06-01T00:00:00.000,DOG,Yorkshire Terrier,2,M,False,Brooklyn,11217.0
286,287,2015-05-27T00:00:00.000,DOG,TEACUP YORKIE,,U,False,Brooklyn,
287,288,2015-06-03T00:00:00.000,DOG,SHORKY,8,M,True,Brooklyn,11238.0
288,289,2015-05-31T00:00:00.000,DOG,HAVANESE X,4,M,True,Brooklyn,11236.0
289,290,2015-05-27T00:00:00.000,DOG,BLUE HEELER X,9,M,True,Brooklyn,11237.0
290,291,2015-06-04T00:00:00.000,DOG,Pit Bull,3,F,True,Brooklyn,11226.0
291,292,2015-06-04T00:00:00.000,DOG,American Pit Bull Terrier/Pit Bull,4,M,False,Brooklyn,11226.0
292,293,2015-06-04T00:00:00.000,DOG,Yorkshire Terrier,2,M,True,Brooklyn,11214.0
293,294,2015-06-05T00:00:00.000,DOG,,,U,False,Brooklyn,11232.0
294,295,2015-06-06T00:00:00.000,DOG,Pit Bull,,U,False,Brooklyn,
295,296,2015-06-06T00:00:00.000,DOG,Chow Chow,4,M,False,Brooklyn,11234.0
296,297,2015-06-05T00:00:00.000,DOG,Lhasa Apso,5,M,True,Brooklyn,11231.0
297,298,2015-06-06T00:00:00.000,DOG,"Poodle, Standard",3,M,True,Brooklyn,11234.0
298,299,2015-06-07T00:00:00.000,DOG,"Pointer, German Shorthaired",8,F,True,Brooklyn,11231.0
299,300,2015-06-07T00:00:00.000,DOG,,,U,False,Brooklyn,
300,301,2015-05-30T00:00:00.000,DOG,SCHNOODLE,,U,False,Brooklyn,11211.0
301,302,2015-05-30T00:00:00.000,DOG,Chow Chow,2,M,False,Brooklyn,11208.0
302,303,2015-06-09T00:00:00.000,DOG,,,U,False,Brooklyn,
303,304,2015-06-05T00:00:00.000,DOG,Yorkshire Terrier,,U,False,Brooklyn,11221.0
304,305,2015-06-10T00:00:00.000,DOG,American Pit Bull Terrier/Pit Bull,,U,False,Brooklyn,11237.0
305,306,2015-06-09T00:00:00.000,DOG,American Pit Bull Terrier/Pit Bull,,U,False,Brooklyn,11213.0
306,307,2015-06-10T00:00:00.000,DOG,,5,M,False,Brooklyn,11223.0
307,308,2015-06-10T00:00:00.000,DOG,Cane Corso,2,M,False,Brooklyn,11224.0
308,309,2015-06-09T00:00:00.000,DOG,ENGLISH SETTER,6,M,False,Brooklyn,
309,310,2015-05-07T00:00:00.000,DOG,,6,F,False,Brooklyn,11226.0
310,311,2015-06-09T00:00:00.000,DOG,American Pit Bull Mix / Pit Bull Mix,2,F,False,Brooklyn,11208.0
311,312,2015-06-09T00:00:00.000,DOG,American Pit Bull Terrier/Pit Bull,,U,False,Brooklyn,11224.0
312,313,2015-06-12T00:00:00.000,DOG,American Pit Bull Terrier/Pit Bull,,U,False,Brooklyn,11233.0
313,314,2015-06-12T00:00:00.000,DOG,Maltese,,U,False,Brooklyn,11235.0
314,315,2015-06-12T00:00:00.000,DOG,,,U,False,Brooklyn,11222.0
315,316,2015-06-14T00:00:00.000,DOG,TERRIER MIX,6,M,True,Brooklyn,
316,317,2015-06-06T00:00:00.000,DOG,,,U,False,Brooklyn,
317,318,2015-06-14T00:00:00.000,DOG,American Pit Bull Terrier/Pit Bull,,U,False,Brooklyn,11208.0
318,319,2015-06-13T00:00:00.000,DOG,American Pit Bull Terrier/Pit Bull,,U,False,Brooklyn,
319,320,2015-06-14T00:00:00.000,DOG,Jack Russ,3,F,True,Brooklyn,
320,321,2015-06-12T00:00:00.000,DOG,,,U,False,Brooklyn,11220.0
321,322,2015-06-14T00:00:00.000,DOG,,,U,False,Brooklyn,
322,323,2015-06-12T00:00:00.000,DOG,Jack Russ,2,M,True,Brooklyn,11235.0
323,324,2015-06-12T00:00:00.000,DOG,American Pit Bull Terrier/Pit Bull,,U,False,Brooklyn,11216.0
324,325,2015-06-16T00:00:00.000,DOG,DOBERMAN X,1,F,False,Brooklyn,11215.0
325,326,2015-06-14T00:00:00.000,DOG,American Eskimo,5,M,True,Brooklyn,11230.0
326,327,2015-06-19T00:00:00.000,DOG,American Staffordshire Terrier,7,F,True,Brooklyn,11233.0
327,328,2015-06-18T00:00:00.000,DOG,BOSTON TERR/BOXER X,,U,False,Brooklyn,11228.0
328,329,2015-06-07T00:00:00.000,DOG,Chihuahua,3,M,True,Brooklyn,11217.0
329,330,2015-06-22T00:00:00.000,DOG,Golden Retriever,12,F,True,Brooklyn,11229.0
330,331,2015-06-22T00:00:00.000,DOG,MALTESE/CHIHUAHUA X,1,M,False,Brooklyn,11217.0
331,332,2015-06-21T00:00:00.000,DOG,Chihuahua,,U,False,Brooklyn,
332,333,2015-06-19T00:00:00.000,DOG,Pit Bull,5,M,True,Brooklyn,11211.0
333,334,2015-06-19T00:00:00.000,DOG,Pit Bull,,U,False,Brooklyn,11229.0
334,335,2015-06-18T00:00:00.000,DOG,American Pit Bull Terrier/Pit Bull,2,M,True,Brooklyn,11235.0
335,336,2015-06-22T00:00:00.000,DOG,Maltese,7,F,True,Brooklyn,11220.0
336,337,2015-06-21T00:00:00.000,DOG,Jack Russ,12,F,True,Brooklyn,
337,338,2015-06-23T00:00:00.000,DOG,American Pit Bull Terrier/Pit Bull,1,M,False,Brooklyn,11233.0
338,339,2015-06-24T00:00:00.000,DOG,,,U,False,Brooklyn,11226.0
339,340,2015-06-24T00:00:00.000,DOG,American Pit Bull Terrier/Pit Bull,,M,False,Brooklyn,11230.0
340,341,2015-06-26T00:00:00.000,DOG,UNKNOWN,,U,False,Brooklyn,11220.0
341,342,2015-06-24T00:00:00.000,DOG,American Pit Bull Terrier/Pit Bull,,U,False,Brooklyn,11224.0
342,343,2015-06-25T00:00:00.000,DOG,American Staffordshire Terrier,3,M,False,Brooklyn,
343,344,2015-06-28T00:00:00.000,DOG,American Pit Bull Terrier/Pit Bull,5,M,False,Brooklyn,11203.0
344,345,2015-06-23T00:00:00.000,DOG,,,U,False,Brooklyn,11232.0
345,346,2015-06-26T00:00:00.000,DOG,Maltese,1,M,False,Brooklyn,11236.0
346,347,2015-06-24T00:00:00.000,DOG,American Pit Bull Terrier/Pit Bull,,U,False,Brooklyn,11231.0
347,348,2015-06-11T00:00:00.000,DOG,,,U,False,Brooklyn,11206.0
348,349,2015-06-21T00:00:00.000,DOG,Pit Bull,,U,False,Brooklyn,11230.0
349,350,2015-06-19T00:00:00.000,DOG,American Pit Bull Terrier/Pit Bull,,U,False,Brooklyn,11229.0
350,351,2015-06-21T00:00:00.000,DOG,Mixed/Other,2,M,False,Brooklyn,11213.0
351,352,2015-06-28T00:00:00.000,DOG,,,U,False,Brooklyn,
352,353,2015-07-01T00:00:00.000,DOG,Vizsla,4,M,True,Brooklyn,11249.0
353,354,2015-06-27T00:00:00.000,DOG,,,U,False,Brooklyn,11220.0
354,355,2015-06-29T00:00:00.000,DOG,American Pit Bull Terrier/Pit Bull,,U,False,Brooklyn,11224.0
355,356,2015-07-02T00:00:00.000,DOG,American Pit Bull Terrier/Pit Bull,,U,False,Brooklyn,11219.0
356,357,2015-03-17T00:00:00.000,DOG,Jack Russ,10,M,False,Brooklyn,11221.0
357,358,2015-06-30T00:00:00.000,DOG,,,U,False,Brooklyn,
358,359,2015-07-02T00:00:00.000,DOG,Golden Retriever,,U,False,Brooklyn,
359,360,2015-07-05T00:00:00.000,DOG,Pit Bull,,U,False,Brooklyn,11213.0
360,361,2015-04-19T00:00:00.000,DOG,,,U,False,Brooklyn,
361,362,2015-06-13T00:00:00.000,DOG,HUSKY/LAB X,8,F,True,Brooklyn,
362,363,2015-04-18T00:00:00.000,DOG,,,U,False,Brooklyn,11221.0
363,364,2015-06-30T00:00:00.000,DOG,,,U,False,Brooklyn,
364,365,2015-01-11T00:00:00.000,DOG,,,U,False,Brooklyn,11207.0
365,366,2015-06-22T00:00:00.000,DOG,American Pit Bull Terrier/Pit Bull,,U,False,Brooklyn,11236.0
366,367,2015-07-03T00:00:00.000,DOG,,,U,False,Brooklyn,11234.0
367,368,2015-07-03T00:00:00.000,DOG,,,U,False,Brooklyn,11226.0
368,369,2015-06-30T00:00:00.000,DOG,,,U,False,Brooklyn,
369,370,2015-07-04T00:00:00.000,DOG,American Pit Bull Terrier/Pit Bull,2,M,False,Brooklyn,
370,371,2015-07-02T00:00:00.000,DOG,Chihuahua,3,M,False,Brooklyn,11212.0
371,372,2015-07-03T00:00:00.000,DOG,CHOW CHOW/SHEPARD X,12,M,False,Brooklyn,11207.0
372,373,2015-07-04T00:00:00.000,DOG,Yorkshire Terrier,,U,False,Brooklyn,11210.0
373,374,2015-07-04T00:00:00.000,DOG,MALTIPOO,6,M,True,Brooklyn,11212.0
374,375,2015-06-29T00:00:00.000,DOG,BORDER COLLIE/POINTER X,6,M,True,Brooklyn,11231.0
375,376,2015-07-08T00:00:00.000,DOG,ENG SETTER,6,M,False,Brooklyn,11235.0
376,377,2015-07-07T00:00:00.000,DOG,MIXED,,U,False,Brooklyn,11216.0
377,378,2015-07-05T00:00:00.000,DOG,Wire Fox Terrier,8,M,True,Brooklyn,11205.0
378,379,2015-07-12T00:00:00.000,DOG,American Pit Bull Mix / Pit Bull Mix,3,F,False,Brooklyn,11216.0
379,380,2015-07-14T00:00:00.000,DOG,American Pit Bull Mix / Pit Bull Mix,2,M,False,Brooklyn,11221.0
380,381,2015-07-13T00:00:00.000,DOG,Chihuahua,,U,False,Brooklyn,11207.0
381,382,2015-07-06T00:00:00.000,DOG,American Pit Bull Terrier/Pit Bull,,U,False,Brooklyn,11236.0
382,383,2015-07-06T00:00:00.000,DOG,American Pit Bull Terrier/Pit Bull,,U,False,Brooklyn,11236.0
383,384,2015-07-04T00:00:00.000,DOG,Jack Russ,1,M,True,Brooklyn,11204.0
384,385,2015-07-14T00:00:00.000,DOG,German Shepherd,,U,False,Brooklyn,
385,386,2015-07-12T00:00:00.000,DOG,,,U,False,Brooklyn,11221.0
386,387,2015-07-11T00:00:00.000,DOG,Siberian Husky,,U,False,Brooklyn,
387,388,2015-07-13T00:00:00.000,DOG,German Shepherd,,U,False,Brooklyn,
388,389,2015-07-12T00:00:00.000,DOG,,,U,False,Brooklyn,
389,390,2015-07-10T00:00:00.000,DOG,Golden Retriever,5,M,True,Brooklyn,11238.0
390,391,2015-07-10T00:00:00.000,DOG,German Shepherd Crossbreed,6,M,False,Brooklyn,11231.0
391,392,2015-07-06T00:00:00.000,DOG,Yorkshire Terrier,6,F,False,Brooklyn,11208.0
392,393,2015-07-01T00:00:00.000,DOG,German Shepherd,6,M,False,Brooklyn,11220.0
393,394,2015-07-12T00:00:00.000,DOG,American Pit Bull Terrier/Pit Bull,,U,False,Brooklyn,11235.0
394,395,2015-07-12T00:00:00.000,DOG,JACK RUSSELL X,10M,M,False,Brooklyn,11236.0
395,396,2015-07-13T00:00:00.000,DOG,Yorkshire Terrier,,U,False,Brooklyn,11209.0
396,397,2015-07-09T00:00:00.000,DOG,,,U,False,Brooklyn,11209.0
397,398,2015-07-11T00:00:00.000,DOG,Bull dog,,U,False,Brooklyn,
398,399,2015-07-11T00:00:00.000,DOG,,,U,False,Brooklyn,
399,400,2015-07-08T00:00:00.000,DOG,POODLE/CHIHUAHUA X,2,M,False,Brooklyn,11206.0
400,401,2015-07-15T00:00:00.000,DOG,American Pit Bull Terrier/Pit Bull,,U,False,Brooklyn,11207.0
401,402,2015-07-16T00:00:00.000,DOG,Pit Bull,2,F,False,Brooklyn,11205.0
402,403,2015-07-17T00:00:00.000,DOG,Basset Hound,3,M,True,Brooklyn,11220.0
403,404,2015-07-15T00:00:00.000,DOG,German Shepherd,8,F,False,Brooklyn,
404,405,2015-07-16T00:00:00.000,DOG,,,U,False,Brooklyn,11229.0
405,406,2015-07-16T00:00:00.000,DOG,,,U,False,Brooklyn,11207.0
406,407,2015-07-16T00:00:00.000,DOG,Shiba Inu,1,M,True,Brooklyn,11235.0
407,408,2015-07-21T00:00:00.000,DOG,Shih Tzu,,U,False,Brooklyn,11233.0
408,409,2015-07-21T00:00:00.000,DOG,,,U,False,Brooklyn,
409,410,2015-07-19T00:00:00.000,DOG,Pit Bull,,U,False,Brooklyn,
410,411,2015-07-20T00:00:00.000,DOG,,,U,False,Brooklyn,11209.0
411,412,2015-07-18T00:00:00.000,DOG,,,U,False,Brooklyn,
412,413,2015-07-21T00:00:00.000,DOG,Cocker Spaniel,13,M,True,Brooklyn,11230.0
413,414,2015-07-22T00:00:00.000,DOG,Pit Bull,11M,F,False,Brooklyn,11206.0
414,415,2015-07-19T00:00:00.000,DOG,Pit Bull,4,M,True,Brooklyn,11222.0
415,416,2015-07-19T00:00:00.000,DOG,Bull Terrier,2,M,False,Brooklyn,11207.0
416,417,2015-07-18T00:00:00.000,DOG,American Pit Bull Terrier/Pit Bull,3,M,False,Brooklyn,11213.0
417,418,2015-07-21T00:00:00.000,DOG,Mixed/Other,,U,False,Brooklyn,
418,419,2015-07-22T00:00:00.000,DOG,LABRADOR/PIT BULL X,,U,False,Brooklyn,11238.0
419,420,2015-07-15T00:00:00.000,DOG,American Pit Bull Terrier/Pit Bull,,U,False,Brooklyn,11203.0
420,421,2015-07-22T00:00:00.000,DOG,Belgian Malinois,1,M,False,Brooklyn,11213.0
421,422,2015-07-22T00:00:00.000,DOG,PIT BULL/BOXER X,2,M,True,Brooklyn,11237.0
422,423,2015-07-22T00:00:00.000,DOG,PIT BULL/BULL DOG,2,M,True,Brooklyn,11237.0
423,424,2015-07-20T00:00:00.000,DOG,,,U,False,Brooklyn,11236.0
424,425,2015-07-20T00:00:00.000,DOG,,,U,False,Brooklyn,11204.0
425,426,2015-07-20T00:00:00.000,DOG,,,U,False,Brooklyn,11234.0
426,427,2015-07-22T00:00:00.000,DOG,American Pit Bull Terrier/Pit Bull,6,F,False,Brooklyn,
427,428,2015-07-22T00:00:00.000,DOG,,,U,False,Brooklyn,
428,429,2015-07-22T00:00:00.000,DOG,Yorkshire Terrier,6,M,True,Brooklyn,11231.0
429,430,2015-07-25T00:00:00.000,DOG,Maltese,1,M,False,Brooklyn,11218.0
430,431,2015-07-24T00:00:00.000,DOG,,,U,False,Brooklyn,11204.0
431,432,2015-07-25T00:00:00.000,DOG,Shiba Inu,1,M,True,Brooklyn,11237.0
432,433,2015-07-18T00:00:00.000,DOG,,,U,False,Brooklyn,
433,434,2015-07-26T00:00:00.000,DOG,,,U,False,Brooklyn,11222.0
434,435,2015-07-28T00:00:00.000,DOG,RED-NOSE PIT BULL,9,M,True,Brooklyn,11206.0
435,436,2015-07-29T00:00:00.000,DOG,Doberman Pinscher,9,F,False,Brooklyn,11220.0
436,437,2015-06-22T00:00:00.000,DOG,Maltese,7,F,False,Brooklyn,
437,438,2015-07-29T00:00:00.000,DOG,MUTT,2,M,True,Brooklyn,11203.0
438,439,2015-07-28T00:00:00.000,DOG,Pit Bull,,U,False,Brooklyn,11226.0
439,440,2015-07-29T00:00:00.000,DOG,Shih Tzu,5,F,False,Brooklyn,11249.0
440,441,2015-07-31T00:00:00.000,DOG,Labrador Retriever,10,M,True,Brooklyn,11207.0
441,442,2015-08-02T00:00:00.000,DOG,"Bull Dog, English",9,M,True,Brooklyn,11217.0
442,443,2015-07-27T00:00:00.000,DOG,Labrador Retriever Crossbreed,7,U,False,Brooklyn,
443,444,2015-07-30T00:00:00.000,DOG,American Pit Bull Terrier/Pit Bull,,U,False,Brooklyn,11215.0
444,445,2015-07-30T00:00:00.000,DOG,,,U,False,Brooklyn,11212.0
445,446,2015-08-02T00:00:00.000,DOG,American Pit Bull Terrier/Pit Bull,4,M,False,Brooklyn,11206.0
446,447,2015-07-31T00:00:00.000,DOG,American Pit Bull Terrier/Pit Bull,3,M,False,Brooklyn,11233.0
447,448,2015-08-01T00:00:00.000,DOG,,,U,False,Brooklyn,11208.0
448,449,2015-08-04T00:00:00.000,DOG,Chihuahua,,U,False,Brooklyn,
449,450,2015-08-03T00:00:00.000,DOG,WHIPPET X,6,F,True,Brooklyn,11237.0
450,451,2015-07-25T00:00:00.000,DOG,Chihuahua,3,M,False,Brooklyn,11223.0
451,452,2015-07-31T00:00:00.000,DOG,Maltese,,M,True,Brooklyn,11232.0
452,453,2015-08-02T00:00:00.000,DOG,Maltese,,M,True,Brooklyn,11232.0
453,454,2015-08-03T00:00:00.000,DOG,American Pit Bull Terrier/Pit Bull,,U,False,Brooklyn,11208.0
454,455,2015-08-05T00:00:00.000,DOG,Bull dog,,U,False,Brooklyn,11207.0
455,456,2015-08-02T00:00:00.000,DOG,American Pit Bull Terrier/Pit Bull,,F,False,Brooklyn,11206.0
456,457,2015-08-04T00:00:00.000,DOG,Alaskan Klee Kai,1,M,True,Brooklyn,11204.0
457,458,2015-08-05T00:00:00.000,DOG,American Pit Bull Terrier/Pit Bull,,U,False,Brooklyn,11215.0
458,459,2015-08-05T00:00:00.000,DOG,Yorkshire Terrier,3,M,True,Brooklyn,11238.0
459,460,2015-08-06T00:00:00.000,DOG,Jack Russ,7,M,True,Brooklyn,11207.0
460,461,2015-08-06T00:00:00.000,DOG,,,U,False,Brooklyn,11205.0
461,462,2015-08-07T00:00:00.000,DOG,American Pit Bull Terrier/Pit Bull,1,F,False,Brooklyn,11208.0
462,463,2015-08-01T00:00:00.000,DOG,,,U,False,Brooklyn,
463,464,2015-08-04T00:00:00.000,DOG,,,U,False,Brooklyn,11216.0
464,465,2015-07-29T00:00:00.000,DOG,Boxer,,U,False,Brooklyn,11222.0
465,466,2015-07-28T00:00:00.000,DOG,American Pit Bull Mix / Pit Bull Mix,3,M,True,Brooklyn,11208.0
466,467,2015-07-31T00:00:00.000,DOG,Shih Tzu,,U,False,Brooklyn,11234.0
467,468,2015-08-10T00:00:00.000,DOG,Shih Tzu,4,F,False,Brooklyn,11234.0
468,469,2015-08-07T00:00:00.000,DOG,Jack Russ,3,M,False,Brooklyn,11213.0
469,470,2015-08-02T00:00:00.000,DOG,Doberman Pinscher,5m,M,False,Brooklyn,11209.0
470,471,2015-08-09T00:00:00.000,DOG,,,U,False,Brooklyn,11207.0
471,472,2015-08-08T00:00:00.000,DOG,,,U,False,Brooklyn,11212.0
472,473,2015-08-07T00:00:00.000,DOG,AUST CATTLE DOG,1,M,False,Brooklyn,11208.0
473,474,2015-08-08T00:00:00.000,DOG,,,U,False,Brooklyn,11223.0
474,475,2015-08-04T00:00:00.000,DOG,Labrador Retriever Crossbreed,,U,False,Brooklyn,11220.0
475,476,2015-08-11T00:00:00.000,DOG,"Bull Dog, French",8,M,True,Brooklyn,11206.0
476,477,2015-08-11T00:00:00.000,DOG,Yorkshire Terrier,1,F,False,Brooklyn,11232.0
477,478,2015-08-11T00:00:00.000,DOG,AMER STAFFORDSHIRE X,6,F,True,Brooklyn,11228.0
478,479,2015-08-11T00:00:00.000,DOG,Shih Tzu,,U,False,Brooklyn,11233.0
479,480,2015-08-08T00:00:00.000,DOG,Akita,,U,False,Brooklyn,11219.0
480,481,2015-08-08T00:00:00.000,DOG,Akita,3,M,False,Brooklyn,11219.0
481,482,2015-08-14T00:00:00.000,DOG,JACK RUSSELL/ CHIHUAHUA,4,M,False,Brooklyn,11206.0
482,483,2015-08-06T00:00:00.000,DOG,Shih Tzu,4,M,False,Brooklyn,11214.0
483,484,2015-07-28T00:00:00.000,DOG,American Pit Bull Terrier/Pit Bull,,U,False,Brooklyn,
484,485,2015-08-15T00:00:00.000,DOG,American Staffordshire Terrier,10,M,False,Brooklyn,11206.0
485,486,2015-08-16T00:00:00.000,DOG,Labrador Retriever Crossbreed,2,F,True,Brooklyn,11218.0
486,487,2015-08-14T00:00:00.000,DOG,Rottweiler,,U,False,Brooklyn,11206.0
487,488,2015-08-16T00:00:00.000,DOG,German Shepherd,3,M,True,Brooklyn,11226.0
488,489,2015-08-15T00:00:00.000,DOG,"Poodle, Standard",,U,False,Brooklyn,11233.0
489,490,2015-08-16T00:00:00.000,DOG,,,U,False,Brooklyn,11214.0
490,491,2015-08-16T00:00:00.000,DOG,Yorkshire Terrier,14,M,True,Brooklyn,11207.0
491,492,2015-08-07T00:00:00.000,DOG,,,U,False,Brooklyn,11229.0
492,493,2015-08-19T00:00:00.000,DOG,Jack Russ,7,F,True,Brooklyn,11212.0
493,494,2015-08-19T00:00:00.000,DOG,American Staffordshire Terrier,5,M,True,Brooklyn,11213.0
494,495,2015-08-17T00:00:00.000,DOG,Chihuahua,8,M,True,Brooklyn,11226.0
495,496,2015-08-21T00:00:00.000,DOG,Pit Bull,6,F,True,Brooklyn,11207.0
496,497,2015-08-09T00:00:00.000,DOG,Bull dog,3,M,False,Brooklyn,11208.0
497,498,2015-08-22T00:00:00.000,DOG,,5,F,True,Brooklyn,11231.0
498,499,2015-06-26T00:00:00.000,DOG,,,U,False,Brooklyn,11237.0
499,500,2015-08-21T00:00:00.000,DOG,Cane Corso,2,M,False,Brooklyn,11231.0
500,501,2015-08-23T00:00:00.000,DOG,American Pit Bull Terrier/Pit Bull,1,F,False,Brooklyn,11224.0
501,502,2015-08-18T00:00:00.000,DOG,American Pit Bull Terrier/Pit Bull,,U,False,Brooklyn,11232.0
502,503,2015-08-24T00:00:00.000,DOG,,,U,False,Brooklyn,
503,504,2015-08-23T00:00:00.000,DOG,Labrador Retriever,,U,False,Brooklyn,11231.0
504,505,2015-08-23T00:00:00.000,DOG,,,U,False,Brooklyn,
505,506,2015-08-24T00:00:00.000,DOG,American Pit Bull Terrier/Pit Bull,,U,False,Brooklyn,11234.0
506,507,2015-08-14T00:00:00.000,DOG,,,U,False,Brooklyn,11220.0
507,508,2015-08-11T00:00:00.000,DOG,Labrador Retriever,5,M,True,Brooklyn,11249.0
508,509,2015-08-19T00:00:00.000,DOG,"Poodle, Miniature",2,M,False,Brooklyn,11220.0
509,510,2015-08-21T00:00:00.000,DOG,,,U,False,Brooklyn,
510,511,2015-08-13T00:00:00.000,DOG,American Pit Bull Terrier/Pit Bull,7,F,False,Brooklyn,11236.0
511,512,2015-08-26T00:00:00.000,DOG,POODLE/BOXER X,1,M,True,Brooklyn,11221.0
512,513,2015-08-26T00:00:00.000,DOG,Wire Fox Terrier,,U,False,Brooklyn,11207.0
513,514,2015-08-27T00:00:00.000,DOG,Shih Tzu,8,M,False,Brooklyn,11208.0
514,515,2015-08-11T00:00:00.000,DOG,Jack Russ,2,M,True,Brooklyn,11204.0
515,516,2015-08-27T00:00:00.000,DOG,YORKSHIRE TER/SHIHTZU,3,M,True,Brooklyn,11226.0
516,517,2015-08-10T00:00:00.000,DOG,Labrador Retriever Crossbreed,3,F,True,Brooklyn,11204.0
517,518,2015-08-10T00:00:00.000,DOG,Rottweiler,8M,F,False,Brooklyn,11204.0
518,519,2015-08-27T00:00:00.000,DOG,Shiba Inu,6,F,True,Brooklyn,11249.0
519,520,2015-08-27T00:00:00.000,DOG,Chihuahua,3,M,True,Brooklyn,11223.0
520,521,2015-08-29T00:00:00.000,DOG,Brittany Spaniel,3,M,False,Brooklyn,11235.0
521,522,2015-08-30T00:00:00.000,DOG,Yorkshire Terrier,7,F,True,Brooklyn,11209.0
522,523,2015-08-28T00:00:00.000,DOG,Pit Bull,3,F,True,Brooklyn,11208.0
523,524,2015-08-31T00:00:00.000,DOG,AMERICAN TERRIER,,U,False,Brooklyn,11216.0
524,525,2015-09-01T00:00:00.000,DOG,BLUE HEELER/ AUSTRALIAN CATTLE MIX,5,F,True,Brooklyn,
525,526,2015-09-01T00:00:00.000,DOG,Labrador Retriever,3,M,True,Brooklyn,11206.0
526,527,2015-08-29T00:00:00.000,DOG,,,U,False,Brooklyn,11234.0
527,528,2015-08-20T00:00:00.000,DOG,American Pit Bull Terrier/Pit Bull,,U,False,Brooklyn,11230.0
528,529,2015-09-01T00:00:00.000,DOG,Shiba Inu,3,M,True,Brooklyn,11217.0
529,530,2015-09-04T00:00:00.000,DOG,,,U,False,Brooklyn,11204.0
530,531,2015-09-04T00:00:00.000,DOG,DASCHOUND,,U,False,Brooklyn,11206.0
531,532,2015-08-23T00:00:00.000,DOG,,,U,False,Brooklyn,11208.0
532,533,2015-09-05T00:00:00.000,DOG,,,U,False,Brooklyn,11209.0
533,534,2015-09-08T00:00:00.000,DOG,MINIATURE SCHNAUZER,3,F,False,Brooklyn,11232.0
534,535,2015-09-05T00:00:00.000,DOG,American Pit Bull Mix / Pit Bull Mix,8,F,True,Brooklyn,11236.0
535,536,2015-09-07T00:00:00.000,DOG,Pit Bull,,U,False,Brooklyn,11216.0
536,537,2015-09-03T00:00:00.000,DOG,"Poodle, Standard",,U,False,Brooklyn,11206.0
537,538,2015-09-03T00:00:00.000,DOG,Pit Bull,,U,False,Brooklyn,
538,539,2015-09-08T00:00:00.000,DOG,Pit Bull,,U,False,Brooklyn,11216.0
539,540,2015-09-09T00:00:00.000,DOG,,,U,False,Brooklyn,11220.0
540,541,2015-09-03T00:00:00.000,DOG,Shih Tzu,3,M,False,Brooklyn,11235.0
541,542,2015-09-09T00:00:00.000,DOG,,,U,False,Brooklyn,
542,543,2015-09-05T00:00:00.000,DOG,Beagle,,U,False,Brooklyn,
543,544,2015-09-06T00:00:00.000,DOG,American Pit Bull Terrier/Pit Bull,8,F,True,Brooklyn,11224.0
544,545,2015-09-09T00:00:00.000,DOG,Labrador Retriever Crossbreed,1,M,True,Brooklyn,11228.0
545,546,2015-09-08T00:00:00.000,DOG,Chihuahua,,U,False,Brooklyn,
546,547,2015-09-10T00:00:00.000,DOG,YORKIPOO,2,M,False,Brooklyn,11249.0
547,548,2015-09-07T00:00:00.000,DOG,,,U,False,Brooklyn,
548,549,2015-09-12T00:00:00.000,DOG,Dachshund Smooth Coat,,U,False,Brooklyn,11217.0
549,550,2015-09-12T00:00:00.000,DOG,American Pit Bull Terrier/Pit Bull,,U,False,Brooklyn,11215.0
550,551,2015-09-12T00:00:00.000,DOG,American Pit Bull Terrier/Pit Bull,,U,False,Brooklyn,
551,552,2015-09-13T00:00:00.000,DOG,,,U,False,Brooklyn,
552,553,2015-09-14T00:00:00.000,DOG,American Pit Bull Terrier/Pit Bull,14M,M,False,Brooklyn,11215.0
553,554,2015-09-14T00:00:00.000,DOG,American Pit Bull Terrier/Pit Bull,4,M,False,Brooklyn,11213.0
554,555,2015-09-13T00:00:00.000,DOG,Chihuahua,3,M,True,Brooklyn,11220.0
555,556,2015-09-12T00:00:00.000,DOG,American Pit Bull Mix / Pit Bull Mix,1,M,True,Brooklyn,11206.0
556,557,2015-09-11T00:00:00.000,DOG,American Pit Bull Terrier/Pit Bull,2,M,False,Brooklyn,11233.0
557,558,2015-09-15T00:00:00.000,DOG,CORGI/CHIHUAHUA X,1,M,True,Brooklyn,11206.0
558,559,2015-09-16T00:00:00.000,DOG,Shih Tzu,,U,False,Brooklyn,
559,560,2015-09-13T00:00:00.000,DOG,YORKIE/SHIH TZU,3,M,True,Brooklyn,11236.0
560,561,2015-09-16T00:00:00.000,DOG,German Shepherd Crossbreed,15,F,True,Brooklyn,11213.0
561,562,2015-08-28T00:00:00.000,DOG,"Poodle, Standard",,U,False,Brooklyn,11219.0
562,563,2015-08-28T00:00:00.000,DOG,,,U,False,Brooklyn,11208.0
563,564,2015-08-12T00:00:00.000,DOG,,,U,False,Brooklyn,
564,565,2015-09-17T00:00:00.000,DOG,,,U,False,Brooklyn,11249.0
565,566,2015-09-16T00:00:00.000,DOG,Labrador Retriever,7,F,False,Brooklyn,11206.0
566,567,2015-09-03T00:00:00.000,DOG,Chihuahua,,U,False,Brooklyn,11228.0
567,568,2015-09-20T00:00:00.000,DOG,German Shepherd,1,F,False,Brooklyn,11231.0
568,569,2015-09-05T00:00:00.000,DOG,,,U,False,Brooklyn,
569,570,2015-09-20T00:00:00.000,DOG,"Bull Dog, English",7,M,True,Brooklyn,11201.0
570,571,2015-09-18T00:00:00.000,DOG,Shih Tzu,1,M,True,Brooklyn,11215.0
571,572,2015-09-22T00:00:00.000,DOG,"PEKINGESE,SHIH TZU,  CHIH HUA HUA X",5,M,False,Brooklyn,11237.0
572,573,2015-09-19T00:00:00.000,DOG,"Poodle, Standard",,U,False,Brooklyn,11238.0
573,574,2015-09-19T00:00:00.000,DOG,Pit Bull,,U,False,Brooklyn,11218.0
574,575,2015-09-07T00:00:00.000,DOG,German Shepherd,,U,False,Brooklyn,11230.0
575,576,2015-09-22T00:00:00.000,DOG,German Shepherd,2,M,True,Brooklyn,11236.0
576,577,2015-09-26T00:00:00.000,DOG,GREAT DANE/PIT BULL X,1,M,True,Brooklyn,
577,578,2015-09-27T00:00:00.000,DOG,,,U,False,Brooklyn,
578,579,2015-09-26T00:00:00.000,DOG,"Poodle, Miniature",,U,False,Brooklyn,
579,580,2015-09-24T00:00:00.000,DOG,"Poodle, Standard",,U,False,Brooklyn,11221.0
580,581,2015-09-26T00:00:00.000,DOG,LHASA APSO/POODLDE X,1,M,False,Brooklyn,11226.0
581,582,2015-09-28T00:00:00.000,DOG,Beagle Crossbreed,6,M,True,Brooklyn,11226.0
582,583,2015-09-10T00:00:00.000,DOG,,,U,False,Brooklyn,11233.0
583,584,2015-09-27T00:00:00.000,DOG,,,U,False,Brooklyn,11203.0
584,585,2015-09-23T00:00:00.000,DOG,Australian Shepherd,,U,False,Brooklyn,11221.0
585,586,2015-09-20T00:00:00.000,DOG,American Pit Bull Mix / Pit Bull Mix,2,F,False,Brooklyn,11201.0
586,587,2015-09-28T00:00:00.000,DOG,German Shepherd Crossbreed,3,F,False,Brooklyn,11231.0
587,588,2015-09-28T00:00:00.000,DOG,,,U,False,Brooklyn,11429.0
588,589,2015-09-28T00:00:00.000,DOG,,,U,False,Brooklyn,
589,590,2015-09-30T00:00:00.000,DOG,American Pit Bull Terrier/Pit Bull,,M,False,Brooklyn,11236.0
590,591,2015-09-30T00:00:00.000,DOG,American Pit Bull Mix / Pit Bull Mix,10,F,True,Brooklyn,11208.0
591,592,2015-09-29T00:00:00.000,DOG,,,U,False,Brooklyn,
592,593,2015-09-30T00:00:00.000,DOG,Labrador Retriever Crossbreed,7,M,True,Brooklyn,11220.0
593,594,2015-09-22T00:00:00.000,DOG,SHARPEI/GERMAN SHEP X,1,M,False,Brooklyn,11229.0
594,595,2015-10-04T00:00:00.000,DOG,Pit Bull,3,F,False,Brooklyn,11231.0
595,596,2015-09-29T00:00:00.000,DOG,American Pit Bull Terrier/Pit Bull,,U,False,Brooklyn,11215.0
596,597,2015-10-05T00:00:00.000,DOG,American Pit Bull Mix / Pit Bull Mix,2,M,True,Brooklyn,11223.0
597,598,2015-10-02T00:00:00.000,DOG,LAB/BASSET HOUND X,1,F,False,Brooklyn,11231.0
598,599,2015-10-05T00:00:00.000,DOG,American Pit Bull Mix / Pit Bull Mix,6M,M,True,Brooklyn,11208.0
599,600,2015-10-05T00:00:00.000,DOG,"Poodle, Standard",,U,False,Brooklyn,11201.0
600,601,2015-10-05T00:00:00.000,DOG,LAB/PIT BULL X,3M,M,True,Brooklyn,11228.0
601,602,2015-09-27T00:00:00.000,DOG,Chow Chow,12,F,False,Brooklyn,11215.0
602,603,2015-10-07T00:00:00.000,DOG,American Pit Bull Terrier/Pit Bull,,U,False,Brooklyn,11214.0
603,604,2015-10-07T00:00:00.000,DOG,American Pit Bull Terrier/Pit Bull,,U,False,Brooklyn,11214.0
604,605,2015-10-07T00:00:00.000,DOG,Bull dog,,U,False,Brooklyn,11230.0
605,606,2015-10-07T00:00:00.000,DOG,,,U,False,Brooklyn,
606,607,2015-10-08T00:00:00.000,DOG,German Shepherd,5,M,False,Brooklyn,11220.0
607,608,2015-10-12T00:00:00.000,DOG,Chihuahua,,U,False,Brooklyn,11207.0
608,609,2015-10-11T00:00:00.000,DOG,American Pit Bull Terrier/Pit Bull,4,M,False,Brooklyn,11226.0
609,610,2015-10-10T00:00:00.000,DOG,AUSTRALIAN CATTLE DOG,14,M,True,Brooklyn,11230.0
610,611,2015-10-12T00:00:00.000,DOG,English Springer Spaniel,12,M,True,Brooklyn,11201.0
611,612,2015-10-13T00:00:00.000,DOG,American Pit Bull Mix / Pit Bull Mix,1,U,False,Brooklyn,11216.0
612,613,2015-10-10T00:00:00.000,DOG,Chihuahua,,U,False,Brooklyn,
613,614,2015-09-28T00:00:00.000,DOG,Maltese,,U,False,Brooklyn,11229.0
614,615,2015-10-13T00:00:00.000,DOG,American Pit Bull Terrier/Pit Bull,,U,False,Brooklyn,11221.0
615,616,2015-10-08T00:00:00.000,DOG,UNKNOWN,,U,False,Brooklyn,11230.0
616,617,2015-10-11T00:00:00.000,DOG,AUSTRALIAN CATTLE DOG,,U,False,Brooklyn,11205.0
617,618,2015-10-03T00:00:00.000,DOG,,,U,False,Brooklyn,11204.0
618,619,2015-10-15T00:00:00.000,DOG,Pit Bull,5,M,False,Brooklyn,11212.0
619,620,2015-10-18T00:00:00.000,DOG,BORDER COLLIE/LAB,4,M,True,Brooklyn,11215.0
620,621,2015-10-19T00:00:00.000,DOG,American Pit Bull Terrier/Pit Bull,,U,False,Brooklyn,11203.0
621,622,2015-10-18T00:00:00.000,DOG,American Eskimo,7,M,False,Brooklyn,11205.0
622,623,2015-10-05T00:00:00.000,DOG,American Pit Bull Terrier/Pit Bull,1,F,True,Brooklyn,11208.0
623,624,2015-10-05T00:00:00.000,DOG,Labrador Retriever Crossbreed,9,M,False,Brooklyn,11238.0
624,625,2015-10-14T00:00:00.000,DOG,,,U,False,Brooklyn,11210.0
625,626,2015-10-09T00:00:00.000,DOG,Bull dog,2,F,True,Brooklyn,11208.0
626,627,2015-10-09T00:00:00.000,DOG,Bull dog,2,F,True,Brooklyn,11208.0
627,628,2015-10-20T00:00:00.000,DOG,German Shepherd,8,M,True,Brooklyn,11235.0
628,629,2015-10-19T00:00:00.000,DOG,Yorkshire Terrier,4,F,True,Brooklyn,11229.0
629,630,2015-10-20T00:00:00.000,DOG,,,U,False,Brooklyn,11224.0
630,631,2015-10-21T00:00:00.000,DOG,Chihuahua,10,M,False,Brooklyn,11211.0
631,632,2015-10-19T00:00:00.000,DOG,,,U,False,Brooklyn,11208.0
632,633,2015-10-21T00:00:00.000,DOG,Pit Bull,4,F,False,Brooklyn,11234.0
633,634,2015-10-20T00:00:00.000,DOG,American Pit Bull Mix / Pit Bull Mix,,U,False,Brooklyn,11207.0
634,635,2015-10-22T00:00:00.000,DOG,American Pit Bull Terrier/Pit Bull,,F,False,Brooklyn,11210.0
635,636,2015-10-22T00:00:00.000,DOG,Belgian Sheepdog,2,F,True,Brooklyn,
636,637,2015-10-24T00:00:00.000,DOG,American Pit Bull Terrier/Pit Bull,1,M,False,Brooklyn,11236.0
637,638,2015-10-23T00:00:00.000,DOG,RAT TERRIER,8,F,False,Brooklyn,11208.0
638,639,2015-10-24T00:00:00.000,DOG,Pit Bull,11M,M,True,Brooklyn,11234.0
639,640,2015-10-10T00:00:00.000,DOG,,,U,False,Brooklyn,
640,641,2015-10-19T00:00:00.000,DOG,German Shepherd,4,M,True,Brooklyn,11234.0
641,642,2015-10-18T00:00:00.000,DOG,Yorkshire Terrier,3,M,True,Brooklyn,11230.0
642,643,2015-10-24T00:00:00.000,DOG,Pit Bull,3,M,False,Brooklyn,
643,644,2015-10-27T00:00:00.000,DOG,Shih Tzu,2,M,False,Brooklyn,11216.0
644,645,2015-10-26T00:00:00.000,DOG,Pit Bull,,U,False,Brooklyn,11233.0
645,646,2015-10-27T00:00:00.000,DOG,American Pit Bull Terrier/Pit Bull,,U,False,Brooklyn,
646,647,2015-10-26T00:00:00.000,DOG,Chihuahua,1,F,True,Brooklyn,11205.0
647,648,2015-10-23T00:00:00.000,DOG,,,M,False,Brooklyn,
648,649,2015-10-14T00:00:00.000,DOG,Labrador Retriever Crossbreed,2,M,True,Brooklyn,11206.0
649,650,2015-10-29T00:00:00.000,DOG,American Pit Bull Terrier/Pit Bull,,U,False,Brooklyn,11249.0
650,651,2015-11-02T00:00:00.000,DOG,,,U,False,Brooklyn,11221.0
651,652,2015-11-01T00:00:00.000,DOG,American Pit Bull Terrier/Pit Bull,1,M,False,Brooklyn,11208.0
652,653,2015-10-30T00:00:00.000,DOG,German Shepherd,,U,False,Brooklyn,
653,654,2015-11-01T00:00:00.000,DOG,Siberian Husky,,U,False,Brooklyn,11220.0
654,655,2015-10-30T00:00:00.000,DOG,,,U,False,Brooklyn,11229.0
655,656,2015-11-01T00:00:00.000,DOG,American Pit Bull Terrier/Pit Bull,,U,False,Brooklyn,11207.0
656,657,2015-10-31T00:00:00.000,DOG,Vizsla,2,M,True,Brooklyn,11204.0
657,658,2015-11-04T00:00:00.000,DOG,Puggle,8,F,True,Brooklyn,11216.0
658,659,2015-11-04T00:00:00.000,DOG,American Pit Bull Mix / Pit Bull Mix,3,F,False,Brooklyn,11236.0
659,660,2015-11-03T00:00:00.000,DOG,,,U,False,Brooklyn,11211.0
660,661,2015-11-02T00:00:00.000,DOG,Pit Bull,,U,False,Brooklyn,
661,662,2015-11-02T00:00:00.000,DOG,Pit Bull,,U,False,Brooklyn,
662,663,2015-11-01T00:00:00.000,DOG,,,U,False,Brooklyn,
663,664,2015-10-31T00:00:00.000,DOG,Mixed/Other,,U,False,Brooklyn,11215.0
664,665,2015-11-02T00:00:00.000,DOG,Rottweiler,,U,False,Brooklyn,
665,666,2015-10-23T00:00:00.000,DOG,American Staffordshire Terrier,1,M,True,Brooklyn,11214.0
666,667,2015-11-05T00:00:00.000,DOG,YORKIE/MALTESE X,7,M,True,Brooklyn,11203.0
667,668,2015-11-06T00:00:00.000,DOG,American Pit Bull Mix / Pit Bull Mix,10M,M,False,Brooklyn,11208.0
668,669,2015-11-05T00:00:00.000,DOG,Chihuahua,,U,False,Brooklyn,
669,670,2015-11-02T00:00:00.000,DOG,BOXER/PIT BULL X,,F,True,Brooklyn,11218.0
670,671,2015-11-06T00:00:00.000,DOG,American Pit Bull Mix / Pit Bull Mix,1,M,True,Brooklyn,11208.0
671,672,2015-11-06T00:00:00.000,DOG,MIXED,5,M,True,Brooklyn,11208.0
672,673,2015-11-07T00:00:00.000,DOG,CHOW/SHEPHERD X,15,M,True,Brooklyn,11234.0
673,674,2015-11-07T00:00:00.000,DOG,"Mastiff, Bull",6,M,True,Brooklyn,11230.0
674,675,2015-11-07T00:00:00.000,DOG,"Poodle, Standard",9,M,True,Brooklyn,
675,676,2015-11-06T00:00:00.000,DOG,ROTTWEILER/PIT BULL X,,U,False,Brooklyn,11212.0
676,677,2015-11-07T00:00:00.000,DOG,,,U,False,Brooklyn,11209.0
677,678,2015-10-30T00:00:00.000,DOG,Rottweiler,,U,False,Brooklyn,11232.0
678,679,2015-10-31T00:00:00.000,DOG,Jack Russ,,U,False,Brooklyn,11236.0
679,680,2015-11-07T00:00:00.000,DOG,American Pit Bull Terrier/Pit Bull,,U,False,Brooklyn,11206.0
680,681,2015-11-11T00:00:00.000,DOG,Chihuahua,2,M,False,Brooklyn,11228.0
681,682,2015-11-10T00:00:00.000,DOG,DOBERMAN/PIT BULL X,1,M,True,Brooklyn,11201.0
682,683,2015-11-06T00:00:00.000,DOG,"Poodle, Standard",5,M,False,Brooklyn,11203.0
683,684,2015-10-26T00:00:00.000,DOG,,,U,False,Brooklyn,11221.0
684,685,2015-11-12T00:00:00.000,DOG,Pit Bull,,U,False,Brooklyn,11216.0
685,686,2015-11-10T00:00:00.000,DOG,Pit Bull,,U,False,Brooklyn,11205.0
686,687,2015-11-12T00:00:00.000,DOG,Pit Bull,,U,False,Brooklyn,11205.0
687,688,2015-11-15T00:00:00.000,DOG,Bull Terrier,,U,False,Brooklyn,11226.0
688,689,2015-11-14T00:00:00.000,DOG,,,U,False,Brooklyn,11231.0
689,690,2015-11-12T00:00:00.000,DOG,,,U,False,Brooklyn,11236.0
690,691,2015-11-13T00:00:00.000,DOG,German Shepherd,,U,False,Brooklyn,11204.0
691,692,2015-11-11T00:00:00.000,DOG,AMERICAN BULLDOG/GREAT PYRENEES,3,F,True,Brooklyn,11232.0
692,693,2015-11-13T00:00:00.000,DOG,Pit Bull,,U,False,Brooklyn,11215.0
693,694,2015-11-12T00:00:00.000,DOG,HARRIER/GERM SHEP,3,M,True,Brooklyn,11206.0
694,695,2015-11-16T00:00:00.000,DOG,MASTIFF/AM PIT BULL TERR,1,M,True,Brooklyn,11208.0
695,696,2015-11-18T00:00:00.000,DOG,Pit Bull,7,F,True,Brooklyn,11237.0
696,697,2015-11-15T00:00:00.000,DOG,,,U,False,Brooklyn,11210.0
697,698,2015-11-18T00:00:00.000,DOG,Pit Bull,1,M,True,Brooklyn,11212.0
698,699,2015-11-12T00:00:00.000,DOG,Pit Bull,3,F,False,Brooklyn,11236.0
699,700,2015-11-18T00:00:00.000,DOG,Labrador Retriever Crossbreed,1,F,True,Brooklyn,11211.0
700,701,2015-10-26T00:00:00.000,DOG,Shih Tzu,,U,False,Brooklyn,11220.0
701,702,2015-11-20T00:00:00.000,DOG,Yorkshire Terrier,,U,False,Brooklyn,11203.0
702,703,2015-07-13T00:00:00.000,DOG,,,U,False,Brooklyn,11234.0
703,704,2015-11-18T00:00:00.000,DOG,PIT-BULL LAB X,10,F,False,Brooklyn,11230.0
704,705,2015-11-22T00:00:00.000,DOG,Pit Bull,1,M,False,Brooklyn,11208.0
705,706,2015-11-21T00:00:00.000,DOG,American Pit Bull Terrier/Pit Bull,2,M,True,Brooklyn,11214.0
706,707,2015-11-23T00:00:00.000,DOG,American Pit Bull Mix / Pit Bull Mix,1,M,False,Brooklyn,11208.0
707,708,2015-11-21T00:00:00.000,DOG,Bull dog,,U,False,Brooklyn,11222.0
708,709,2015-11-21T00:00:00.000,DOG,BOXER X,1,F,True,Brooklyn,11222.0
709,710,2015-11-15T00:00:00.000,DOG,,,U,False,Brooklyn,
710,711,2015-11-21T00:00:00.000,DOG,,,U,False,Brooklyn,
711,712,2015-11-20T00:00:00.000,DOG,Pit Bull,6,M,False,Brooklyn,11206.0
712,713,2015-11-23T00:00:00.000,DOG,Shih Tzu,2,M,True,Brooklyn,11220.0
713,714,2015-11-20T00:00:00.000,DOG,POODLE X,1,F,False,Brooklyn,11213.0
714,715,2015-11-25T00:00:00.000,DOG,Pit Bull,4,M,False,Brooklyn,11206.0
715,716,2015-11-26T00:00:00.000,DOG,Chihuahua,4M,M,True,Brooklyn,11239.0
716,717,2015-11-26T00:00:00.000,DOG,American Staffordshire Terrier,10M,M,False,Brooklyn,11221.0
717,718,2015-11-27T00:00:00.000,DOG,Chihuahua Crossbreed,8,M,True,Brooklyn,11207.0
718,719,2015-11-28T00:00:00.000,DOG,,,U,False,Brooklyn,11237.0
719,720,2015-11-27T00:00:00.000,DOG,Chihuahua,,U,False,Brooklyn,11206.0
720,721,2015-11-25T00:00:00.000,DOG,Pit Bull,,U,False,Brooklyn,11216.0
721,722,2015-11-28T00:00:00.000,DOG,Shih Tzu,2,M,True,Brooklyn,11237.0
722,723,2015-11-24T00:00:00.000,DOG,Pit Bull,,U,False,Brooklyn,11212.0
723,724,2015-11-29T00:00:00.000,DOG,Yorkshire Terrier,4,M,True,Brooklyn,11236.0
724,725,2015-11-23T00:00:00.000,DOG,Pit Bull,,U,False,Brooklyn,
725,726,2015-11-27T00:00:00.000,DOG,Shih Tzu,1,M,False,Brooklyn,11219.0
726,727,2015-12-01T00:00:00.000,DOG,,,U,False,Brooklyn,11216.0
727,728,2015-11-30T00:00:00.000,DOG,MIXED,3,M,True,Brooklyn,11210.0
728,729,2015-11-28T00:00:00.000,DOG,Pit Bull,1,F,False,Brooklyn,11226.0
729,730,2015-12-01T00:00:00.000,DOG,Bernese Mountain,,U,False,Brooklyn,11217.0
730,731,2015-12-01T00:00:00.000,DOG,Beagle Crossbreed,2,M,True,Brooklyn,11231.0
731,732,2015-12-02T00:00:00.000,DOG,,,U,False,Brooklyn,11207.0
732,733,2015-12-03T00:00:00.000,DOG,"Bull Dog, French",3,M,True,Brooklyn,11235.0
733,734,2015-12-04T00:00:00.000,DOG,BLACK RUSSIAN TERRIER,,U,False,Brooklyn,11204.0
734,735,2015-11-25T00:00:00.000,DOG,Jack Russ,,M,True,Brooklyn,11208.0
735,736,2015-12-06T00:00:00.000,DOG,Pit Bull,4,M,True,Brooklyn,11212.0
736,737,2015-12-07T00:00:00.000,DOG,BEAGLE/JACK RUSSELL X,4,M,True,Brooklyn,11224.0
737,738,2015-12-06T00:00:00.000,DOG,Chow Chow,8,M,False,Brooklyn,11221.0
738,739,2015-12-03T00:00:00.000,DOG,TERRIER,1,M,True,Brooklyn,11229.0
739,740,2015-12-06T00:00:00.000,DOG,Bichon Frise,12,M,True,Brooklyn,11234.0
740,741,2015-12-05T00:00:00.000,DOG,SUDANESE HOUND X,1,M,True,Brooklyn,11231.0
741,742,2015-12-04T00:00:00.000,DOG,TERRIER X,6,M,True,Brooklyn,11234.0
742,743,2015-12-04T00:00:00.000,DOG,,,U,False,Brooklyn,11219.0
743,744,2015-11-29T00:00:00.000,DOG,Maltese,2,F,True,Brooklyn,11214.0
744,745,2015-12-09T00:00:00.000,DOG,Yorkshire Terrier Crossbreed,3,M,False,Brooklyn,11208.0
745,746,2015-12-09T00:00:00.000,DOG,TERRIER X,11,M,True,Brooklyn,11231.0
746,747,2015-12-12T00:00:00.000,DOG,Chihuahua,,U,False,Brooklyn,11212.0
747,748,2015-12-01T00:00:00.000,DOG,American Pit Bull Mix / Pit Bull Mix,1,M,False,Brooklyn,11208.0
748,749,2015-12-09T00:00:00.000,DOG,,,U,False,Brooklyn,11223.0
749,750,2015-12-14T00:00:00.000,DOG,Yorkshire Terrier,5,M,True,Brooklyn,11237.0
750,751,2015-12-08T00:00:00.000,DOG,Shih Tzu,2,M,False,Brooklyn,11221.0
751,752,2015-12-11T00:00:00.000,DOG,Shih Tzu,2,F,False,Brooklyn,11235.0
752,753,2015-12-12T00:00:00.000,DOG,Pit Bull,2,F,True,Brooklyn,11237.0
753,754,2015-12-12T00:00:00.000,DOG,Pit Bull,1,M,True,Brooklyn,11237.0
754,755,2015-12-15T00:00:00.000,DOG,,,U,False,Brooklyn,11217.0
755,756,2015-12-15T00:00:00.000,DOG,Pit Bull,,U,False,Brooklyn,11203.0
756,757,2015-12-16T00:00:00.000,DOG,Siberian Husky,,U,False,Brooklyn,11222.0
757,758,2015-12-14T00:00:00.000,DOG,,,U,False,Brooklyn,11214.0
758,759,2015-12-14T00:00:00.000,DOG,American Pit Bull Mix / Pit Bull Mix,1,M,True,Brooklyn,11217.0
759,760,2015-12-17T00:00:00.000,DOG,American Pit Bull Mix / Pit Bull Mix,,M,False,Brooklyn,11208.0
760,761,2015-12-18T00:00:00.000,DOG,"Bull Dog, French",,U,False,Brooklyn,11229.0
761,762,2015-12-19T00:00:00.000,DOG,,7,F,True,Brooklyn,
762,763,2015-12-19T00:00:00.000,DOG,American Pit Bull Mix / Pit Bull Mix,4,M,True,Brooklyn,11238.0
763,764,2015-12-19T00:00:00.000,DOG,American Pit Bull Mix / Pit Bull Mix,6,F,True,Brooklyn,11201.0
764,765,2015-12-21T00:00:00.000,DOG,American Pit Bull Terrier/Pit Bull,2,F,True,Brooklyn,11220.0
765,766,2015-12-20T00:00:00.000,DOG,MIXED,,U,False,Brooklyn,11212.0
766,767,2015-10-21T00:00:00.000,DOG,American Pit Bull Terrier/Pit Bull,,U,False,Brooklyn,11236.0
767,768,2015-12-20T00:00:00.000,DOG,Beagle,14,F,False,Brooklyn,11229.0
768,769,2015-12-13T00:00:00.000,DOG,"Poodle, Toy",2,M,False,Brooklyn,11232.0
769,770,2015-12-23T00:00:00.000,DOG,,,U,False,Brooklyn,11224.0
770,771,2015-12-24T00:00:00.000,DOG,Cane Corso,,U,False,Brooklyn,11234.0
771,772,2015-12-24T00:00:00.000,DOG,,8,M,True,Brooklyn,11234.0
772,773,2015-12-24T00:00:00.000,DOG,Miniature Pinscher,11,M,False,Brooklyn,11228.0
773,774,2015-12-26T00:00:00.000,DOG,Chihuahua,2,M,False,Brooklyn,11220.0
774,775,2015-12-27T00:00:00.000,DOG,Bull dog,3,F,True,Brooklyn,11203.0
775,776,2015-12-24T00:00:00.000,DOG,Shih Tzu,6,M,True,Brooklyn,11207.0
776,777,2015-12-24T00:00:00.000,DOG,,,U,False,Brooklyn,
777,778,2015-12-25T00:00:00.000,DOG,MIXED,4,M,True,Brooklyn,11219.0
778,779,2015-12-29T00:00:00.000,DOG,,,U,False,Brooklyn,11229.0
779,780,2015-12-30T00:00:00.000,DOG,Pit Bull,2,M,False,Brooklyn,11223.0
780,781,2016-01-02T00:00:00.000,DOG,Yorkshire Terrier,10,M,True,Brooklyn,11235.0
781,782,2016-01-01T00:00:00.000,DOG,Pit Bull,,U,False,Brooklyn,11237.0
782,783,2016-01-01T00:00:00.000,DOG,Pit Bull,,M,True,Brooklyn,11206.0
783,784,2016-01-01T00:00:00.000,DOG,Pit Bull,,U,True,Brooklyn,11206.0
784,785,2015-12-31T00:00:00.000,DOG,Brussels Griffon,8,M,True,Brooklyn,11213.0
785,786,2015-12-31T00:00:00.000,DOG,,,U,False,Brooklyn,11220.0
786,787,2016-01-01T00:00:00.000,DOG,,,M,False,Brooklyn,11236.0
787,788,2015-12-22T00:00:00.000,DOG,SHIH TZU/POODLE X,2,M,True,Brooklyn,11230.0
788,789,2015-12-10T00:00:00.000,DOG,AMER BULL TERRIER,1,M,False,Brooklyn,11213.0
789,790,2015-11-11T00:00:00.000,DOG,Pit Bull,4,F,True,Brooklyn,11224.0
790,791,2016-01-04T00:00:00.000,DOG,Shih Tzu,,U,False,Brooklyn,11212.0
791,792,2016-01-06T00:00:00.000,DOG,German Shepherd,2,M,False,Brooklyn,11220.0
792,793,2016-01-07T00:00:00.000,DOG,Chihuahua,,U,False,Brooklyn,11206.0
793,794,2016-01-03T00:00:00.000,DOG,MIXED,,U,False,Brooklyn,
794,795,2015-12-25T00:00:00.000,DOG,Rottweiler,,M,False,Brooklyn,11234.0
795,796,2016-01-09T00:00:00.000,DOG,PEKINGESE/CHIHUAHUA,1,F,False,Brooklyn,11207.0
796,797,2016-01-10T00:00:00.000,DOG,PUG/BEAGLE X,10,M,False,Brooklyn,11209.0
797,798,2016-01-12T00:00:00.000,DOG,,7,M,True,Brooklyn,11229.0
798,799,2016-01-08T00:00:00.000,DOG,German Shepherd,5,F,False,Brooklyn,11225.0
799,800,2016-01-12T00:00:00.000,DOG,Pit Bull,2,M,False,Brooklyn,11229.0
800,801,2016-01-13T00:00:00.000,DOG,TOY FOX TERRIER,1,M,False,Brooklyn,11208.0
801,802,2016-01-13T00:00:00.000,DOG,Bull dog,,U,False,Brooklyn,11230.0
802,803,2016-01-08T00:00:00.000,DOG,Pit Bull,,U,False,Brooklyn,11209.0
803,804,2016-01-10T00:00:00.000,DOG,Miniature Pinscher,3,M,True,Brooklyn,11232.0
804,805,2016-01-15T00:00:00.000,DOG,Yorkshire Terrier,,U,False,Brooklyn,11207.0
805,806,2016-01-15T00:00:00.000,DOG,,,U,False,Brooklyn,
806,807,2016-01-15T00:00:00.000,DOG,PIT BULL/ AMERICAN BULLY,3,M,False,Brooklyn,11232.0
807,808,2016-01-15T00:00:00.000,DOG,Pit Bull,,U,False,Brooklyn,11214.0
808,809,2016-01-16T00:00:00.000,DOG,Pit Bull,,U,False,Brooklyn,11213.0
809,810,2016-01-15T00:00:00.000,DOG,,,U,False,Brooklyn,
810,811,2016-01-16T00:00:00.000,DOG,Pit Bull,,U,False,Brooklyn,11237.0
811,812,2015-12-23T00:00:00.000,DOG,Yorkshire Terrier Crossbreed,6,M,True,Brooklyn,11219.0
812,813,2016-01-17T00:00:00.000,DOG,Miniature Pinscher,,U,False,Brooklyn,11218.0
813,814,2016-01-18T00:00:00.000,DOG,Boston Terrier,4,M,True,Brooklyn,
814,815,2016-01-19T00:00:00.000,DOG,American Pit Bull Terrier/Pit Bull,8,F,False,Brooklyn,11218.0
815,816,2016-01-18T00:00:00.000,DOG,Chihuahua Crossbreed,4,F,True,Brooklyn,11233.0
816,817,2016-01-21T00:00:00.000,DOG,Chihuahua,1,M,False,Brooklyn,11219.0
817,818,2016-01-22T00:00:00.000,DOG,PINCHER,,U,False,Brooklyn,11249.0
818,819,2016-01-22T00:00:00.000,DOG,,,U,False,Brooklyn,11225.0
819,820,2016-01-16T00:00:00.000,DOG,Labrador Retriever Crossbreed,,M,True,Brooklyn,11231.0
820,821,2016-01-21T00:00:00.000,DOG,Rottweiler,2,M,False,Brooklyn,11232.0
821,822,2016-01-20T00:00:00.000,DOG,,,U,False,Brooklyn,
822,823,2016-01-21T00:00:00.000,DOG,Rottweiler,2,M,False,Brooklyn,11232.0
823,824,2016-01-21T00:00:00.000,DOG,PERSA CANARIO,9,M,False,Brooklyn,
824,825,2016-01-21T00:00:00.000,DOG,Jack Russ,7,M,False,Brooklyn,11236.0
825,826,2016-01-23T00:00:00.000,DOG,JACK RUSSELL X,2,M,True,Brooklyn,11218.0
826,827,2016-01-22T00:00:00.000,DOG,American Pit Bull Mix / Pit Bull Mix,3,M,True,Brooklyn,11221.0
827,828,2016-01-23T00:00:00.000,DOG,,,U,False,Brooklyn,11201.0
828,829,2016-01-27T00:00:00.000,DOG,,,U,False,Brooklyn,11222.0
829,830,2016-01-18T00:00:00.000,DOG,American Pit Bull Terrier/Pit Bull,,U,False,Brooklyn,11206.0
830,831,2016-01-23T00:00:00.000,DOG,Chihuahua,1,M,False,Brooklyn,11226.0
831,832,2016-01-22T00:00:00.000,DOG,,,U,False,Brooklyn,11221.0
832,833,2016-01-25T00:00:00.000,DOG,American Pit Bull Mix / Pit Bull Mix,,U,False,Brooklyn,11215.0
833,834,2016-01-26T00:00:00.000,DOG,,,U,False,Brooklyn,
834,835,2016-01-27T00:00:00.000,DOG,BEAGLE/LAB X,1,F,True,Brooklyn,11211.0
835,836,2016-01-26T00:00:00.000,DOG,,,U,False,Brooklyn,11213.0
836,837,2016-02-01T00:00:00.000,DOG,American Pit Bull Terrier/Pit Bull,,U,False,Brooklyn,11235.0
837,838,2016-01-31T00:00:00.000,DOG,American Pit Bull Terrier/Pit Bull,,U,False,Brooklyn,11235.0
838,839,2016-02-02T00:00:00.000,DOG,American Pit Bull Terrier/Pit Bull,8,M,True,Brooklyn,11221.0
839,840,2016-02-01T00:00:00.000,DOG,Shih Tzu,,U,False,Brooklyn,11221.0
840,841,2016-01-07T00:00:00.000,DOG,American Pit Bull Terrier/Pit Bull,,U,False,Brooklyn,11213.0
841,842,2016-02-03T00:00:00.000,DOG,Beagle,,U,False,Brooklyn,11201.0
842,843,2016-02-02T00:00:00.000,DOG,BELGIAN SHEPHERD,3,F,True,Brooklyn,11238.0
843,844,2016-02-04T00:00:00.000,DOG,Bernese Mountain,18M,F,True,Brooklyn,11215.0
844,845,2016-02-03T00:00:00.000,DOG,Rottweiler,,U,False,Brooklyn,
845,846,2016-01-20T00:00:00.000,DOG,,,U,False,Brooklyn,
846,847,2016-02-04T00:00:00.000,DOG,Chihuahua,1,M,False,Brooklyn,
847,848,2016-02-04T00:00:00.000,DOG,Boston Terrier,4,M,True,Brooklyn,11237.0
848,849,2016-02-06T00:00:00.000,DOG,Silky Terrier,6,M,False,Brooklyn,11206.0
849,850,2016-02-09T00:00:00.000,DOG,Pit Bull,4,M,False,Brooklyn,11207.0
850,851,2016-02-10T00:00:00.000,DOG,American Pit Bull Mix / Pit Bull Mix,9,F,True,Brooklyn,11228.0
851,852,2016-02-10T00:00:00.000,DOG,,,U,False,Brooklyn,
852,853,2016-01-20T00:00:00.000,DOG,Chihuahua,2,U,False,Brooklyn,11209.0
853,854,2016-02-11T00:00:00.000,DOG,,,U,False,Brooklyn,
854,855,2016-02-15T00:00:00.000,DOG,Yorkshire Terrier,6,M,True,Brooklyn,11214.0
855,856,2016-02-13T00:00:00.000,DOG,American Pit Bull Mix / Pit Bull Mix,4,M,False,Brooklyn,11235.0
856,857,2016-02-13T00:00:00.000,DOG,Maltese,6,M,False,Brooklyn,11220.0
857,858,2016-02-13T00:00:00.000,DOG,,,U,False,Brooklyn,
858,859,2016-02-11T00:00:00.000,DOG,American Pit Bull Terrier/Pit Bull,9,M,False,Brooklyn,11206.0
859,860,2016-02-18T00:00:00.000,DOG,AUSTRALIAN CATTLE BLUE HEELER X,5,M,True,Brooklyn,11217.0
860,861,2016-02-18T00:00:00.000,DOG,Bull dog,,U,False,Brooklyn,11229.0
861,862,2016-02-18T00:00:00.000,DOG,German Shepherd,1,M,True,Brooklyn,11208.0
862,863,2016-02-20T00:00:00.000,DOG,,,U,False,Brooklyn,11221.0
863,864,2016-02-19T00:00:00.000,DOG,MIXED,,U,False,Brooklyn,
864,865,2016-02-22T00:00:00.000,DOG,BELIGUM/GERMAN SHEP X,2,M,True,Brooklyn,11226.0
865,866,2016-02-17T00:00:00.000,DOG,LABRADOR RETR/PIT BULL X,2,M,True,Brooklyn,11208.0
866,867,2016-02-21T00:00:00.000,DOG,,,U,False,Brooklyn,11237.0
867,868,2016-02-23T00:00:00.000,DOG,Cocker Spaniel Crossbreed,6,F,True,Brooklyn,11239.0
868,869,2016-02-22T00:00:00.000,DOG,,,U,False,Brooklyn,11234.0
869,870,2016-02-25T00:00:00.000,DOG,American Pit Bull Mix / Pit Bull Mix,1,F,True,Brooklyn,11211.0
870,871,2016-02-25T00:00:00.000,DOG,Border Terrier,13,M,True,Brooklyn,11201.0
871,872,2016-02-10T00:00:00.000,DOG,Labrador Retriever,2,M,True,Brooklyn,11204.0
872,873,2016-02-29T00:00:00.000,DOG,SHIH TZU/MALTESE X,5,M,True,Brooklyn,11223.0
873,874,2016-02-28T00:00:00.000,DOG,Yorkshire Terrier,3,F,False,Brooklyn,11237.0
874,875,2016-02-25T00:00:00.000,DOG,LAB/COLLIE X,13,F,True,Brooklyn,11215.0
875,876,2016-02-28T00:00:00.000,DOG,Miniature Pinscher,5,M,False,Brooklyn,11215.0
876,877,2016-02-16T00:00:00.000,DOG,Yorkshire Terrier Crossbreed,3,F,True,Brooklyn,11233.0
877,878,2016-02-29T00:00:00.000,DOG,Pit Bull,,U,False,Brooklyn,11213.0
878,879,2016-02-26T00:00:00.000,DOG,,,U,False,Brooklyn,11230.0
879,880,2016-02-27T00:00:00.000,DOG,,,U,False,Brooklyn,
880,881,2016-02-18T00:00:00.000,DOG,Bull dog,,U,False,Brooklyn,11233.0
881,882,2016-02-22T00:00:00.000,DOG,Dalmatian,6,M,True,Brooklyn,11220.0
882,883,2016-02-26T00:00:00.000,DOG,Siberian Husky,,M,False,Brooklyn,11220.0
883,884,2016-03-01T00:00:00.000,DOG,,,U,False,Brooklyn,11218.0
884,885,2016-02-25T00:00:00.000,DOG,SHILOH SHEPHERD,,U,False,Brooklyn,11231.0
885,886,2016-03-05T00:00:00.000,DOG,Pit Bull,2,M,False,Brooklyn,11225.0
886,887,2016-03-03T00:00:00.000,DOG,,,U,False,Brooklyn,11220.0
887,888,2016-01-17T00:00:00.000,DOG,American Pit Bull Mix / Pit Bull Mix,11,M,False,Brooklyn,
888,889,2016-02-24T00:00:00.000,DOG,American Pit Bull Terrier/Pit Bull,5,F,True,Brooklyn,11208.0
889,890,2016-03-03T00:00:00.000,DOG,,,U,False,Brooklyn,11222.0
890,891,2016-03-06T00:00:00.000,DOG,Shih Tzu,,U,False,Brooklyn,
891,892,2016-03-04T00:00:00.000,DOG,RAT TERRIER,4,M,True,Brooklyn,11226.0
892,893,2016-03-05T00:00:00.000,DOG,American Pit Bull Terrier/Pit Bull,8,M,False,Brooklyn,11233.0
893,894,2016-02-21T00:00:00.000,DOG,AMER STAFF/LAB X,6,M,False,Brooklyn,11225.0
894,895,2016-03-09T00:00:00.000,DOG,American Pit Bull Terrier/Pit Bull,,U,False,Brooklyn,11220.0
895,896,2016-03-06T00:00:00.000,DOG,American Pit Bull Terrier/Pit Bull,,U,False,Brooklyn,11224.0
896,897,2016-03-07T00:00:00.000,DOG,,,U,False,Brooklyn,11222.0
897,898,2016-03-11T00:00:00.000,DOG,JACK RUSSELL/CHIHUAHUA X,5,M,False,Brooklyn,11208.0
898,899,2016-03-13T00:00:00.000,DOG,Pug,7,M,True,Brooklyn,11202.0
899,900,2016-03-10T00:00:00.000,DOG,Shiba Inu,1,F,False,Brooklyn,11209.0
900,901,2016-03-10T00:00:00.000,DOG,Pit Bull,5,M,False,Brooklyn,11231.0
901,902,2016-03-12T00:00:00.000,DOG,,,U,False,Brooklyn,
902,903,2016-03-12T00:00:00.000,DOG,Shiba Inu,2,F,True,Brooklyn,11230.0
903,904,2016-03-13T00:00:00.000,DOG,,,U,False,Brooklyn,11219.0
904,905,2016-03-15T00:00:00.000,DOG,,,U,False,Brooklyn,
905,906,2016-03-15T00:00:00.000,DOG,Labrador Retriever Crossbreed,7,M,True,Brooklyn,11234.0
906,907,2016-03-12T00:00:00.000,DOG,American Pit Bull Mix / Pit Bull Mix,11,M,True,Brooklyn,11215.0
907,908,2016-03-16T00:00:00.000,DOG,POODLE,13,F,False,Brooklyn,11234.0
908,909,2016-03-17T00:00:00.000,DOG,German Shepherd Crossbreed,9,M,True,Brooklyn,11207.0
909,910,2016-03-10T00:00:00.000,DOG,Pit Bull,1,M,True,Brooklyn,11209.0
910,911,2016-03-18T00:00:00.000,DOG,SHEPHERD MIX,9,M,False,Brooklyn,11229.0
911,912,2016-03-19T00:00:00.000,DOG,American Pit Bull Terrier/Pit Bull,7,M,False,Brooklyn,11203.0
912,913,2016-03-03T00:00:00.000,DOG,,,U,False,Brooklyn,
913,914,2016-03-18T00:00:00.000,DOG,MIXED,,U,False,Brooklyn,
914,915,2016-03-19T00:00:00.000,DOG,"Bull Dog, English",2,M,False,Brooklyn,11203.0
915,916,2016-03-14T00:00:00.000,DOG,American Pit Bull Mix / Pit Bull Mix,8,M,True,Brooklyn,11235.0
916,917,2016-03-23T00:00:00.000,DOG,"Bull Dog, French",7,F,False,Brooklyn,11249.0
917,918,2016-03-08T00:00:00.000,DOG,,,U,False,Brooklyn,11237.0
918,919,2016-03-25T00:00:00.000,DOG,JACK RUSS TERR X- CHIHUAHUA,5,M,False,Brooklyn,11208.0
919,920,2016-03-30T00:00:00.000,DOG,DOGO ARGENTINO X,3,M,False,Brooklyn,11223.0
920,921,2016-03-28T00:00:00.000,DOG,Cairn Terrier,1,M,True,Brooklyn,
921,922,2016-03-30T00:00:00.000,DOG,Boxer,9,M,True,Brooklyn,11210.0
922,923,2016-03-29T00:00:00.000,DOG,,,U,False,Brooklyn,11205.0
923,924,2016-03-26T00:00:00.000,DOG,"Schnauzer, Standard",4,M,False,Brooklyn,11217.0
924,925,2016-04-01T00:00:00.000,DOG,American Pit Bull Terrier/Pit Bull,5,M,False,Brooklyn,11208.0
925,926,2016-04-01T00:00:00.000,DOG,TERRIER/ROTTWEILER X,6,M,False,Brooklyn,11235.0
926,927,2016-04-02T00:00:00.000,DOG,Pit Bull,,U,False,Brooklyn,
927,928,2016-04-02T00:00:00.000,DOG,Chihuahua,,U,False,Brooklyn,
928,929,2016-03-31T00:00:00.000,DOG,American Pit Bull Terrier/Pit Bull,,U,False,Brooklyn,
929,930,2016-04-03T00:00:00.000,DOG,Pit Bull,,U,False,Brooklyn,
930,931,2016-04-05T00:00:00.000,DOG,American Pit Bull Mix / Pit Bull Mix,4,M,False,Brooklyn,11223.0
931,932,2016-04-04T00:00:00.000,DOG,Golden Retriever,,U,False,Brooklyn,11222.0
932,933,2016-04-06T00:00:00.000,DOG,American Pit Bull Terrier/Pit Bull,3,M,False,Brooklyn,11212.0
933,934,2016-04-07T00:00:00.000,DOG,American Pit Bull Mix / Pit Bull Mix,3,M,False,Brooklyn,11221.0
934,935,2016-04-07T00:00:00.000,DOG,American Pit Bull Mix / Pit Bull Mix,3,M,False,Brooklyn,11221.0
935,936,2016-04-06T00:00:00.000,DOG,,,U,False,Brooklyn,11220.0
936,937,2016-04-05T00:00:00.000,DOG,MIXED,,U,False,Brooklyn,11229.0
937,938,2016-04-08T00:00:00.000,DOG,Pit Bull,7,M,False,Brooklyn,11214.0
938,939,2016-04-07T00:00:00.000,DOG,Pit Bull,1,U,False,Brooklyn,11223.0
939,940,2016-04-07T00:00:00.000,DOG,Dachshund Smooth Coat Miniature,7,M,False,Brooklyn,11220.0
940,941,2016-04-07T00:00:00.000,DOG,STAFFORDSHIRE TERRIER/PITBULL MIX,1,F,True,Brooklyn,11221.0
941,942,2016-04-08T00:00:00.000,DOG,Dalmatian,,U,False,Brooklyn,11208.0
942,943,2016-04-08T00:00:00.000,DOG,,,U,False,Brooklyn,11217.0
943,944,2016-04-02T00:00:00.000,DOG,Chihuahua,,U,False,Brooklyn,11234.0
944,945,2016-04-09T00:00:00.000,DOG,Chihuahua,,U,False,Brooklyn,11206.0
945,946,2016-04-09T00:00:00.000,DOG,MASTIFF,,U,False,Brooklyn,11238.0
946,947,2016-04-11T00:00:00.000,DOG,American Pit Bull Mix / Pit Bull Mix,3,M,True,Brooklyn,11210.0
947,948,2016-04-04T00:00:00.000,DOG,MALTESE X,3,M,False,Brooklyn,11235.0
948,949,2016-04-12T00:00:00.000,DOG,American Pit Bull Terrier/Pit Bull,,M,False,Brooklyn,11206.0
949,950,2016-04-10T00:00:00.000,DOG,CORGI,2,M,False,Brooklyn,11232.0
950,951,2016-03-09T00:00:00.000,DOG,Chihuahua,2-3M,M,False,Brooklyn,11237.0
951,952,2016-04-10T00:00:00.000,DOG,,,U,False,Brooklyn,11211.0
952,953,2016-04-14T00:00:00.000,DOG,Pekingese,3,M,True,Brooklyn,11238.0
953,954,2016-04-16T00:00:00.000,DOG,Pit Bull,,U,False,Brooklyn,11207.0
954,955,2016-04-14T00:00:00.000,DOG,Pharoh hound,2,M,True,Brooklyn,11209.0
955,956,2016-04-17T00:00:00.000,DOG,Labrador Retriever Crossbreed,3,F,True,Brooklyn,11201.0
956,957,2016-04-16T00:00:00.000,DOG,,,U,False,Brooklyn,11201.0
957,958,2016-04-18T00:00:00.000,DOG,Rhodesian Ridgeback,8,M,True,Brooklyn,11225.0
958,959,2016-04-14T00:00:00.000,DOG,Pit Bull,10,F,True,Brooklyn,11209.0
959,960,2016-04-17T00:00:00.000,DOG,Labrador Retriever,,U,False,Brooklyn,11214.0
960,961,2016-04-15T00:00:00.000,DOG,LHASA APSO/MALTESE,5,M,True,Brooklyn,11208.0
961,962,2016-04-19T00:00:00.000,DOG,American Pit Bull Terrier/Pit Bull,3,M,True,Brooklyn,11216.0
962,963,2016-04-19T00:00:00.000,DOG,Beagle,6,M,True,Brooklyn,11238.0
963,964,2016-04-19T00:00:00.000,DOG,PITBULL/ROTTWEILER,,U,False,Brooklyn,
964,965,2016-04-20T00:00:00.000,DOG,Pit Bull,7,M,True,Brooklyn,11237.0
965,966,2016-04-21T00:00:00.000,DOG,Pit Bull,3,M,False,Brooklyn,11221.0
966,967,2016-04-20T00:00:00.000,DOG,,,U,False,Brooklyn,11229.0
967,968,2016-04-19T00:00:00.000,DOG,"Collie, Border",7,F,True,Brooklyn,11249.0
968,969,2016-04-23T00:00:00.000,DOG,Maltese,6,M,True,Brooklyn,11249.0
969,970,2016-04-25T00:00:00.000,DOG,,,U,False,Brooklyn,
970,971,2016-04-17T00:00:00.000,DOG,Beagle Crossbreed,5,M,True,Brooklyn,11204.0
971,972,2016-04-19T00:00:00.000,DOG,Pit Bull,7,F,True,Brooklyn,11231.0
972,973,2016-04-25T00:00:00.000,DOG,BLUE NOSED PIT BULL,3,F,False,Brooklyn,11233.0
973,974,2016-04-26T00:00:00.000,DOG,,,U,False,Brooklyn,11222.0
974,975,2016-04-29T00:00:00.000,DOG,Yorkshire Terrier Crossbreed,1,M,True,Brooklyn,11235.0
975,976,2016-04-28T00:00:00.000,DOG,Pit Bull,,U,False,Brooklyn,
976,977,2016-04-27T00:00:00.000,DOG,American Pit Bull Terrier/Pit Bull,,M,False,Brooklyn,11234.0
977,978,2016-04-26T00:00:00.000,DOG,Pit Bull,,U,False,Brooklyn,11221.0
978,979,2016-04-29T00:00:00.000,DOG,American Pit Bull Terrier/Pit Bull,,U,False,Brooklyn,11212.0
979,980,2016-04-21T00:00:00.000,DOG,SHEPARD X,4,M,True,Brooklyn,11228.0
980,981,2016-05-01T00:00:00.000,DOG,,,U,False,Brooklyn,11207.0
981,982,2016-05-02T00:00:00.000,DOG,Dalmatian,1,M,True,Brooklyn,11221.0
982,983,2016-05-02T00:00:00.000,DOG,SHIH TZU X,,U,False,Brooklyn,11206.0
983,984,2016-04-29T00:00:00.000,DOG,"Mastiff, Tibetan",,U,False,Brooklyn,11237.0
984,985,2016-05-03T00:00:00.000,DOG,Pit Bull,,U,False,Brooklyn,11225.0
985,986,2016-05-05T00:00:00.000,DOG,American Pit Bull Mix / Pit Bull Mix,4,F,False,Brooklyn,11236.0
986,987,2016-04-22T00:00:00.000,DOG,MIXED,2018-02-03T00:00:00.000,M,False,Brooklyn,11207.0
987,988,2016-05-03T00:00:00.000,DOG,Cocker Spaniel,5,M,True,Brooklyn,11229.0
988,989,2016-04-21T00:00:00.000,DOG,Pit Bull,,U,False,Brooklyn,11207.0
989,990,2016-04-12T00:00:00.000,DOG,Pit Bull,,U,False,Brooklyn,11236.0
990,991,2016-04-27T00:00:00.000,DOG,Staffordshire Bull Terrier,,M,False,Brooklyn,11223.0
991,992,2016-05-02T00:00:00.000,DOG,Pit Bull,,U,False,Brooklyn,11211.0
992,993,2016-04-25T00:00:00.000,DOG,Yorkshire Terrier,,U,False,Brooklyn,11206.0
993,994,2016-04-30T00:00:00.000,DOG,Chihuahua,9,M,True,Brooklyn,11230.0
994,995,2016-05-09T00:00:00.000,DOG,Pit Bull,2,M,True,Brooklyn,11208.0
995,996,2016-05-10T00:00:00.000,DOG,Golden Retriever,11,M,True,Brooklyn,11217.0
996,997,2016-05-09T00:00:00.000,DOG,MIXED,,U,False,Brooklyn,11221.0
997,998,2016-05-05T00:00:00.000,DOG,Pit Bull,,U,False,Brooklyn,11231.0
998,999,2016-05-10T00:00:00.000,DOG,Shih Tzu,2,M,False,Brooklyn,11234.0
999,1000,2016-05-08T00:00:00.000,DOG,Pit Bull,,U,False,Brooklyn,11221.0
