borough,grade_level,category,average_frequency_per_week_of_physical_education_instruction,average_minutes_per_week_of_physical_education_instruction,of_students_who_are_receiving_the_required_amount_of_physical_education_instruction,receiving_required_amount_of_physical_education_instruction,of_students_who_are_receiving_less_than_the_required_amount_of_physical_education_instruction,receiving_less_than_required_amount_of_physical_education_instruction,of_students_who_have_an_iep_that_recommends_adaptive_physical_education,students_with_iep_that_recommends_adaptive_physical_education
Bronx,1,All Students,1.92,109.02,2322.0,14.41,13797.0,85.59,206,1.28%
Bronx,1,Asian, - , - ,58.0,9.4,559.0,90.6,s,s
Bronx,1,Black, - , - ,611.0,15.46,3341.0,84.54,79,2.00%
Bronx,1,Hispanic, - , - ,1528.0,14.56,8964.0,85.44,106,1.01%
Bronx,1,Other, - , - ,32.0,14.48,189.0,85.52,s,s
Bronx,1,White, - , - ,93.0,11.11,744.0,88.89,14,1.67%
Bronx,1,Female, - , - ,1087.0,14.05,6647.0,85.95,42,0.54%
Bronx,1,Male, - , - ,1235.0,14.73,7150.0,85.27,164,1.96%
Bronx,1,IEP, - , - ,511.0,14.49,3015.0,85.51,206,5.84%
Bronx,1,ELL, - , - ,482.0,14.04,2952.0,85.96,32,0.93%
Bronx,2,All Students,1.93,110.72,2233.0,13.92,13808.0,86.08,259,1.61%
Bronx,2,Asian, - , - ,71.0,11.2,563.0,88.8,s,s
Bronx,2,Black, - , - ,577.0,14.01,3541.0,85.99,79,1.92%
Bronx,2,Hispanic, - , - ,1453.0,14.06,8879.0,85.94,159,1.54%
Bronx,2,Other, - , - ,29.0,13.94,179.0,86.06,s,s
Bronx,2,White, - , - ,103.0,13.75,646.0,86.25,11,1.47%
Bronx,2,Female, - , - ,1106.0,14.45,6550.0,85.55,67,0.88%
Bronx,2,Male, - , - ,1127.0,13.44,7258.0,86.56,192,2.29%
Bronx,2,IEP, - , - ,503.0,12.55,3504.0,87.45,259,6.46%
Bronx,2,ELL, - , - ,435.0,14.48,2569.0,85.52,38,1.26%
Bronx,3,All Students,1.87,108.55,1975.0,12.53,13788.0,87.47,248,1.57%
Bronx,3,Asian, - , - ,59.0,9.28,577.0,90.72,s,s
Bronx,3,Black, - , - ,523.0,12.98,3507.0,87.02,88,2.18%
Bronx,3,Hispanic, - , - ,1277.0,12.54,8905.0,87.46,139,1.37%
Bronx,3,Other, - , - ,24.0,11.21,190.0,88.79,s,s
Bronx,3,White, - , - ,92.0,13.12,609.0,86.88,12,1.71%
Bronx,3,Female, - , - ,979.0,12.72,6716.0,87.28,67,0.87%
Bronx,3,Male, - , - ,996.0,12.35,7072.0,87.65,181,2.24%
Bronx,3,IEP, - , - ,488.0,11.91,3611.0,88.09,248,6.05%
Bronx,3,ELL, - , - ,342.0,12.82,2326.0,87.18,42,1.57%
Bronx,4,All Students,1.74,108.71,3942.0,25.29,11648.0,74.71,171,1.10%
Bronx,4,Asian, - , - ,120.0,18.75,520.0,81.25,s,s
Bronx,4,Black, - , - ,1016.0,24.1,3199.0,75.9,62,1.47%
Bronx,4,Hispanic, - , - ,2591.0,26.12,7328.0,73.88,98,0.99%
Bronx,4,Other, - , - ,34.0,20.99,128.0,79.01,s,s
Bronx,4,White, - , - ,181.0,27.68,473.0,72.32,9,1.38%
Bronx,4,Female, - , - ,1919.0,25.37,5644.0,74.63,41,0.54%
Bronx,4,Male, - , - ,2023.0,25.2,6004.0,74.8,130,1.62%
Bronx,4,IEP, - , - ,1125.0,26.77,3077.0,73.23,171,4.07%
Bronx,4,ELL, - , - ,614.0,23.14,2039.0,76.86,24,0.90%
Bronx,5,All Students,1.73,110.41,3928.0,25.31,11589.0,74.69,184,1.19%
Bronx,5,Asian, - , - ,147.0,21.09,550.0,78.91,s,s
Bronx,5,Black, - , - ,995.0,23.66,3211.0,76.34,71,1.69%
Bronx,5,Hispanic, - , - ,2543.0,26.06,7216.0,73.94,98,1.00%
Bronx,5,Other, - , - ,35.0,21.88,125.0,78.13,s,s
Bronx,5,White, - , - ,208.0,29.93,487.0,70.07,8,1.15%
Bronx,5,Female, - , - ,1833.0,24.83,5549.0,75.17,53,0.72%
Bronx,5,Male, - , - ,2095.0,25.75,6040.0,74.25,131,1.61%
Bronx,5,IEP, - , - ,1101.0,26.09,3119.0,73.91,184,4.36%
Bronx,5,ELL, - , - ,546.0,22.67,1863.0,77.33,36,1.49%
Bronx,6,All Students,2.14,105.97,8505.0,62.03,5207.0,37.97,194,1.41%
Bronx,6,Asian, - , - ,345.0,55.56,276.0,44.44,7,1.13%
Bronx,6,Black, - , - ,2220.0,61.62,1383.0,38.38,66,1.83%
Bronx,6,Hispanic, - , - ,5644.0,64.61,3092.0,35.39,107,1.22%
Bronx,6,Other, - , - ,72.0,57.14,54.0,42.86,s,s
Bronx,6,White, - , - ,224.0,35.78,402.0,64.22,s,s
Bronx,6,Female, - , - ,4099.0,61.84,2529.0,38.16,50,0.75%
Bronx,6,Male, - , - ,4406.0,62.2,2678.0,37.8,144,2.03%
Bronx,6,IEP, - , - ,2343.0,61.19,1486.0,38.81,194,5.07%
Bronx,6,ELL, - , - ,1630.0,70.11,695.0,29.89,43,1.85%
Bronx,7,All Students,2.12,105.37,10814.0,76.35,3350.0,23.65,154,1.09%
Bronx,7,Asian, - , - ,496.0,76.78,150.0,23.22,s,s
Bronx,7,Black, - , - ,2819.0,74.28,976.0,25.72,66,1.74%
Bronx,7,Hispanic, - , - ,7029.0,77.96,1987.0,22.04,73,0.81%
Bronx,7,Other, - , - ,98.0,87.5,14.0,12.5,s,s
Bronx,7,White, - , - ,372.0,62.52,223.0,37.48,12,2.02%
Bronx,7,Female, - , - ,5054.0,75.23,1664.0,24.77,38,0.57%
Bronx,7,Male, - , - ,5760.0,77.36,1686.0,22.64,116,1.56%
Bronx,7,IEP, - , - ,2824.0,76.91,848.0,23.09,154,4.19%
Bronx,7,ELL, - , - ,1913.0,81.44,436.0,18.56,17,0.72%
Bronx,8,All Students,2.10,104.95,10888.0,74.55,3716.0,25.45,156,1.07%
Bronx,8,Asian, - , - ,488.0,75.19,161.0,24.81,6,0.92%
Bronx,8,Black, - , - ,2927.0,71.44,1170.0,28.56,s,s
Bronx,8,Hispanic, - , - ,6994.0,76.52,2146.0,23.48,85,0.93%
Bronx,8,Other, - , - ,81.0,75.0,27.0,25.0,s,s
Bronx,8,White, - , - ,398.0,65.25,212.0,34.75,7,1.15%
Bronx,8,Female, - , - ,5205.0,73.36,1890.0,26.64,39,0.55%
Bronx,8,Male, - , - ,5683.0,75.68,1826.0,24.32,117,1.56%
Bronx,8,IEP, - , - ,2722.0,75.95,862.0,24.05,156,4.35%
Bronx,8,ELL, - , - ,2051.0,81.1,478.0,18.9,35,1.38%
Bronx,9,All Students,3.22,159.60,11691.0,77.83,3330.0,22.17,150,1.00%
Bronx,9,Asian, - , - ,836.0,87.82,116.0,12.18,s,s
Bronx,9,Black, - , - ,3136.0,78.11,879.0,21.89,57,1.42%
Bronx,9,Hispanic, - , - ,7003.0,76.79,2117.0,23.21,82,0.90%
Bronx,9,Other, - , - ,254.0,84.11,48.0,15.89,s,s
Bronx,9,White, - , - ,462.0,73.1,170.0,26.9,8,1.27%
Bronx,9,Female, - , - ,5387.0,79.16,1418.0,20.84,39,0.57%
Bronx,9,Male, - , - ,6304.0,76.73,1912.0,23.27,111,1.35%
Bronx,9,IEP, - , - ,3060.0,74.78,1032.0,25.22,150,3.67%
Bronx,9,ELL, - , - ,2258.0,79.12,596.0,20.88,36,1.26%
Bronx,0K,All Students,1.93,112.18,2151.0,14.34,12851.0,85.66,160,1.07%
Bronx,0K,Asian, - , - ,69.0,12.04,504.0,87.96,6,1.05%
Bronx,0K,Black, - , - ,528.0,14.32,3159.0,85.68,50,1.36%
Bronx,0K,Hispanic, - , - ,1423.0,14.56,8351.0,85.44,89,0.91%
Bronx,0K,Other, - , - ,23.0,11.98,169.0,88.02,s,s
Bronx,0K,White, - , - ,108.0,13.92,668.0,86.08,s,s
Bronx,0K,Female, - , - ,1035.0,14.44,6134.0,85.56,43,0.60%
Bronx,0K,Male, - , - ,1116.0,14.25,6717.0,85.75,117,1.49%
Bronx,0K,IEP, - , - ,427.0,14.64,2489.0,85.36,160,5.49%
Bronx,0K,ELL, - , - ,421.0,13.97,2593.0,86.03,20,0.66%
Bronx,10,All Students,3.16,160.18,10378.0,75.16,3429.0,24.84,106,0.77%
Bronx,10,Asian, - , - ,802.0,85.87,132.0,14.13,s,s
Bronx,10,Black, - , - ,2784.0,75.06,925.0,24.94,37,1.00%
Bronx,10,Hispanic, - , - ,6149.0,73.84,2178.0,26.16,59,0.71%
Bronx,10,Other, - , - ,203.0,83.2,41.0,16.8,s,s
Bronx,10,White, - , - ,440.0,74.2,153.0,25.8,6,1.01%
Bronx,10,Female, - , - ,4861.0,76.23,1516.0,23.77,44,0.69%
Bronx,10,Male, - , - ,5517.0,74.25,1913.0,25.75,62,0.83%
Bronx,10,IEP, - , - ,2194.0,71.61,870.0,28.39,106,3.46%
Bronx,10,ELL, - , - ,1954.0,78.35,540.0,21.65,21,0.84%
Bronx,11,All Students,3.21,165.75,8745.0,75.4,2853.0,24.6,115,0.99%
Bronx,11,Asian, - , - ,737.0,89.23,89.0,10.77,s,s
Bronx,11,Black, - , - ,2424.0,75.4,791.0,24.6,44,1.37%
Bronx,11,Hispanic, - , - ,4973.0,73.08,1832.0,26.92,56,0.82%
Bronx,11,Other, - , - ,190.0,87.16,28.0,12.84,s,s
Bronx,11,White, - , - ,421.0,78.84,113.0,21.16,11,2.06%
Bronx,11,Female, - , - ,4238.0,76.57,1297.0,23.43,31,0.56%
Bronx,11,Male, - , - ,4507.0,74.34,1556.0,25.66,84,1.39%
Bronx,11,IEP, - , - ,1510.0,69.78,654.0,30.22,115,5.31%
Bronx,11,ELL, - , - ,1282.0,73.51,462.0,26.49,25,1.43%
Bronx,12,All Students,3.12,173.97,8319.0,72.23,3198.0,27.77,299,2.60%
Bronx,12,Asian, - , - ,827.0,88.64,106.0,11.36,s,s
Bronx,12,Black, - , - ,2422.0,71.87,948.0,28.13,116,3.44%
Bronx,12,Hispanic, - , - ,4528.0,69.58,1980.0,30.42,154,2.37%
Bronx,12,Other, - , - ,162.0,82.65,34.0,17.35,s,s
Bronx,12,White, - , - ,380.0,74.51,130.0,25.49,16,3.14%
Bronx,12,Female, - , - ,4079.0,73.84,1445.0,26.16,84,1.52%
Bronx,12,Male, - , - ,4240.0,70.75,1753.0,29.25,215,3.59%
Bronx,12,IEP, - , - ,1563.0,60.79,1008.0,39.21,299,11.63%
Bronx,12,ELL, - , - ,788.0,59.79,530.0,40.21,76,5.77%
Brooklyn,1,All Students,2.27,113.14,5772.0,26.86,15718.0,73.14,277,1.29%
Brooklyn,1,Asian, - , - ,1180.0,30.19,2728.0,69.81,s,s
Brooklyn,1,Black, - , - ,1235.0,20.65,4745.0,79.35,82,1.37%
Brooklyn,1,Hispanic, - , - ,1691.0,25.38,4973.0,74.62,76,1.14%
Brooklyn,1,Other, - , - ,125.0,26.88,340.0,73.12,s,s
Brooklyn,1,White, - , - ,1541.0,34.45,2932.0,65.55,80,1.79%
Brooklyn,1,Female, - , - ,2782.0,26.97,7534.0,73.03,81,0.79%
Brooklyn,1,Male, - , - ,2990.0,26.76,8184.0,73.24,196,1.75%
Brooklyn,1,IEP, - , - ,990.0,23.73,3182.0,76.27,277,6.64%
Brooklyn,1,ELL, - , - ,1436.0,28.16,3663.0,71.84,65,1.27%
Brooklyn,2,All Students,2.22,111.26,5394.0,25.41,15836.0,74.59,300,1.41%
Brooklyn,2,Asian, - , - ,1131.0,28.41,2850.0,71.59,34,0.85%
Brooklyn,2,Black, - , - ,1257.0,20.44,4894.0,79.56,105,1.71%
Brooklyn,2,Hispanic, - , - ,1483.0,23.05,4951.0,76.95,89,1.38%
Brooklyn,2,Other, - , - ,92.0,23.41,301.0,76.59,9,2.29%
Brooklyn,2,White, - , - ,1431.0,33.51,2840.0,66.49,63,1.48%
Brooklyn,2,Female, - , - ,2619.0,25.57,7624.0,74.43,84,0.82%
Brooklyn,2,Male, - , - ,2775.0,25.26,8212.0,74.74,216,1.97%
Brooklyn,2,IEP, - , - ,1012.0,23.09,3370.0,76.91,300,6.85%
Brooklyn,2,ELL, - , - ,957.0,24.25,2989.0,75.75,58,1.47%
Brooklyn,3,All Students,2.11,110.30,4578.0,21.13,17089.0,78.87,251,1.16%
Brooklyn,3,Asian, - , - ,911.0,23.12,3029.0,76.88,s,s
Brooklyn,3,Black, - , - ,1146.0,17.41,5436.0,82.59,95,1.44%
Brooklyn,3,Hispanic, - , - ,1327.0,20.45,5163.0,79.55,72,1.11%
Brooklyn,3,Other, - , - ,100.0,25.0,300.0,75.0,s,s
Brooklyn,3,White, - , - ,1094.0,25.71,3161.0,74.29,61,1.43%
Brooklyn,3,Female, - , - ,2336.0,21.91,8324.0,78.09,80,0.75%
Brooklyn,3,Male, - , - ,2242.0,20.37,8765.0,79.63,171,1.55%
Brooklyn,3,IEP, - , - ,911.0,19.0,3884.0,81.0,251,5.23%
Brooklyn,3,ELL, - , - ,641.0,19.63,2624.0,80.37,57,1.75%
Brooklyn,4,All Students,1.91,108.90,6482.0,30.78,14577.0,69.22,217,1.03%
Brooklyn,4,Asian, - , - ,1531.0,40.36,2262.0,59.64,s,s
Brooklyn,4,Black, - , - ,1414.0,21.72,5096.0,78.28,80,1.23%
Brooklyn,4,Hispanic, - , - ,1896.0,29.62,4506.0,70.38,64,1.00%
Brooklyn,4,Other, - , - ,78.0,27.96,201.0,72.04,s,s
Brooklyn,4,White, - , - ,1563.0,38.36,2512.0,61.64,48,1.18%
Brooklyn,4,Female, - , - ,3164.0,30.68,7149.0,69.32,70,0.68%
Brooklyn,4,Male, - , - ,3318.0,30.88,7428.0,69.12,147,1.37%
Brooklyn,4,IEP, - , - ,1267.0,27.37,3362.0,72.63,217,4.69%
Brooklyn,4,ELL, - , - ,963.0,34.36,1840.0,65.64,53,1.89%
Brooklyn,5,All Students,1.87,110.45,6083.0,29.96,14221.0,70.04,216,1.06%
Brooklyn,5,Asian, - , - ,1448.0,40.66,2113.0,59.34,s,s
Brooklyn,5,Black, - , - ,1455.0,22.46,5024.0,77.54,91,1.40%
Brooklyn,5,Hispanic, - , - ,1730.0,28.08,4432.0,71.92,49,0.80%
Brooklyn,5,Other, - , - ,82.0,32.28,172.0,67.72,s,s
Brooklyn,5,White, - , - ,1368.0,35.55,2480.0,64.45,51,1.33%
Brooklyn,5,Female, - , - ,2994.0,30.21,6917.0,69.79,75,0.76%
Brooklyn,5,Male, - , - ,3089.0,29.72,7304.0,70.28,141,1.36%
Brooklyn,5,IEP, - , - ,1263.0,27.46,3337.0,72.54,216,4.70%
Brooklyn,5,ELL, - , - ,683.0,30.38,1565.0,69.62,45,2.00%
Brooklyn,6,All Students,2.32,121.36,14694.0,77.51,4264.0,22.49,188,0.99%
Brooklyn,6,Asian, - , - ,2970.0,86.11,479.0,13.89,s,s
Brooklyn,6,Black, - , - ,4319.0,71.54,1718.0,28.46,72,1.19%
Brooklyn,6,Hispanic, - , - ,4322.0,76.47,1330.0,23.53,56,0.99%
Brooklyn,6,Other, - , - ,202.0,79.84,51.0,20.16,s,s
Brooklyn,6,White, - , - ,2881.0,80.77,686.0,19.23,43,1.21%
Brooklyn,6,Female, - , - ,7173.0,76.75,2173.0,23.25,81,0.87%
Brooklyn,6,Male, - , - ,7521.0,78.25,2091.0,21.75,107,1.11%
Brooklyn,6,IEP, - , - ,3163.0,75.27,1039.0,24.73,188,4.47%
Brooklyn,6,ELL, - , - ,1706.0,76.67,519.0,23.33,51,2.29%
Brooklyn,7,All Students,2.42,125.14,16483.0,86.25,2627.0,13.75,178,0.93%
Brooklyn,7,Asian, - , - ,3093.0,94.62,176.0,5.38,s,s
Brooklyn,7,Black, - , - ,5150.0,79.72,1310.0,20.28,66,1.02%
Brooklyn,7,Hispanic, - , - ,4716.0,84.59,859.0,15.41,52,0.93%
Brooklyn,7,Other, - , - ,199.0,83.61,39.0,16.39,s,s
Brooklyn,7,White, - , - ,3325.0,93.19,243.0,6.81,36,1.01%
Brooklyn,7,Female, - , - ,7985.0,86.14,1285.0,13.86,52,0.56%
Brooklyn,7,Male, - , - ,8498.0,86.36,1342.0,13.64,126,1.28%
Brooklyn,7,IEP, - , - ,3304.0,83.1,672.0,16.9,178,4.48%
Brooklyn,7,ELL, - , - ,1743.0,84.98,308.0,15.02,45,2.19%
Brooklyn,8,All Students,2.30,119.81,16803.0,84.7,3035.0,15.3,186,0.94%
Brooklyn,8,Asian, - , - ,3080.0,94.8,169.0,5.2,s,s
Brooklyn,8,Black, - , - ,5849.0,80.04,1459.0,19.96,74,1.01%
Brooklyn,8,Hispanic, - , - ,4707.0,81.11,1096.0,18.89,50,0.86%
Brooklyn,8,Other, - , - ,112.0,78.32,31.0,21.68,s,s
Brooklyn,8,White, - , - ,3055.0,91.6,280.0,8.4,43,1.29%
Brooklyn,8,Female, - , - ,8258.0,84.48,1517.0,15.52,68,0.70%
Brooklyn,8,Male, - , - ,8545.0,84.92,1518.0,15.08,118,1.17%
Brooklyn,8,IEP, - , - ,3237.0,82.79,673.0,17.21,186,4.76%
Brooklyn,8,ELL, - , - ,1798.0,86.48,281.0,13.52,39,1.88%
Brooklyn,9,All Students,3.49,166.52,17067.0,79.86,4305.0,20.14,162,0.76%
Brooklyn,9,Asian, - , - ,3104.0,87.91,427.0,12.09,s,s
Brooklyn,9,Black, - , - ,6380.0,75.4,2081.0,24.6,62,0.73%
Brooklyn,9,Hispanic, - , - ,4598.0,79.51,1185.0,20.49,43,0.74%
Brooklyn,9,Other, - , - ,343.0,79.03,91.0,20.97,s,s
Brooklyn,9,White, - , - ,2642.0,83.53,521.0,16.47,38,1.20%
Brooklyn,9,Female, - , - ,7774.0,80.14,1926.0,19.86,56,0.58%
Brooklyn,9,Male, - , - ,9293.0,79.62,2379.0,20.38,106,0.91%
Brooklyn,9,IEP, - , - ,3342.0,75.53,1083.0,24.47,162,3.66%
Brooklyn,9,ELL, - , - ,2077.0,81.77,463.0,18.23,49,1.93%
Brooklyn,0K,All Students,2.26,116.45,5295.0,26.19,14919.0,73.81,248,1.23%
Brooklyn,0K,Asian, - , - ,999.0,27.64,2615.0,72.36,35,0.97%
Brooklyn,0K,Black, - , - ,1127.0,21.23,4181.0,78.77,69,1.30%
Brooklyn,0K,Hispanic, - , - ,1536.0,24.47,4742.0,75.53,65,1.04%
Brooklyn,0K,Other, - , - ,139.0,26.83,379.0,73.17,8,1.54%
Brooklyn,0K,White, - , - ,1494.0,33.23,3002.0,66.77,71,1.58%
Brooklyn,0K,Female, - , - ,2596.0,26.56,7178.0,73.44,78,0.80%
Brooklyn,0K,Male, - , - ,2699.0,25.85,7741.0,74.15,170,1.63%
Brooklyn,0K,IEP, - , - ,852.0,25.51,2488.0,74.49,248,7.43%
Brooklyn,0K,ELL, - , - ,1353.0,26.79,3697.0,73.21,58,1.15%
Brooklyn,10,All Students,3.54,170.68,16558.0,76.77,5011.0,23.23,124,0.57%
Brooklyn,10,Asian, - , - ,3164.0,83.93,606.0,16.07,s,s
Brooklyn,10,Black, - , - ,6221.0,73.17,2281.0,26.83,57,0.67%
Brooklyn,10,Hispanic, - , - ,4438.0,77.25,1307.0,22.75,31,0.54%
Brooklyn,10,Other, - , - ,350.0,77.09,104.0,22.91,s,s
Brooklyn,10,White, - , - ,2385.0,76.99,713.0,23.01,19,0.61%
Brooklyn,10,Female, - , - ,7435.0,74.78,2508.0,25.22,45,0.45%
Brooklyn,10,Male, - , - ,9123.0,78.47,2503.0,21.53,79,0.68%
Brooklyn,10,IEP, - , - ,2869.0,74.56,979.0,25.44,124,3.22%
Brooklyn,10,ELL, - , - ,2148.0,83.48,425.0,16.52,23,0.89%
Brooklyn,11,All Students,3.68,182.92,13931.0,80.41,3393.0,19.59,127,0.73%
Brooklyn,11,Asian, - , - ,2958.0,91.21,285.0,8.79,22,0.68%
Brooklyn,11,Black, - , - ,5160.0,74.13,1801.0,25.87,54,0.78%
Brooklyn,11,Hispanic, - , - ,3426.0,80.12,850.0,19.88,27,0.63%
Brooklyn,11,Other, - , - ,261.0,83.39,52.0,16.61,s,s
Brooklyn,11,White, - , - ,2126.0,84.0,405.0,16.0,s,s
Brooklyn,11,Female, - , - ,6626.0,79.82,1675.0,20.18,51,0.61%
Brooklyn,11,Male, - , - ,7305.0,80.96,1718.0,19.04,76,0.84%
Brooklyn,11,IEP, - , - ,1994.0,75.7,640.0,24.3,127,4.82%
Brooklyn,11,ELL, - , - ,1287.0,85.46,219.0,14.54,31,2.06%
Brooklyn,12,All Students,3.45,183.32,14383.0,77.99,4060.0,22.01,295,1.60%
Brooklyn,12,Asian, - , - ,2872.0,88.48,374.0,11.52,30,0.92%
Brooklyn,12,Black, - , - ,5676.0,72.62,2140.0,27.38,s,s
Brooklyn,12,Hispanic, - , - ,3353.0,76.87,1009.0,23.13,67,1.54%
Brooklyn,12,Other, - , - ,270.0,84.38,50.0,15.63,s,s
Brooklyn,12,White, - , - ,2212.0,81.96,487.0,18.04,46,1.70%
Brooklyn,12,Female, - , - ,6982.0,78.58,1903.0,21.42,121,1.36%
Brooklyn,12,Male, - , - ,7401.0,77.43,2157.0,22.57,174,1.82%
Brooklyn,12,IEP, - , - ,2410.0,75.22,794.0,24.78,295,9.21%
Brooklyn,12,ELL, - , - ,953.0,76.98,285.0,23.02,66,5.33%
Manhattan,1,All Students,1.71,114.54,1296.0,14.43,7683.0,85.57,140,1.56%
Manhattan,1,Asian, - , - ,226.0,18.54,993.0,81.46,7,0.57%
Manhattan,1,Black, - , - ,80.0,6.25,1201.0,93.75,49,3.83%
Manhattan,1,Hispanic, - , - ,526.0,13.82,3279.0,86.18,66,1.73%
Manhattan,1,Other, - , - ,51.0,15.74,273.0,84.26,s,s
Manhattan,1,White, - , - ,413.0,17.57,1937.0,82.43,s,s
Manhattan,1,Female, - , - ,650.0,14.94,3702.0,85.06,36,0.83%
Manhattan,1,Male, - , - ,646.0,13.96,3981.0,86.04,104,2.25%
Manhattan,1,IEP, - , - ,238.0,12.3,1697.0,87.7,140,7.24%
Manhattan,1,ELL, - , - ,200.0,12.89,1351.0,87.11,33,2.13%
Manhattan,2,All Students,1.75,116.69,1272.0,14.31,7618.0,85.69,100,1.12%
Manhattan,2,Asian, - , - ,208.0,18.07,943.0,81.93,6,0.52%
Manhattan,2,Black, - , - ,80.0,6.39,1171.0,93.61,29,2.32%
Manhattan,2,Hispanic, - , - ,569.0,14.37,3392.0,85.63,60,1.51%
Manhattan,2,Other, - , - ,41.0,13.06,273.0,86.94,s,s
Manhattan,2,White, - , - ,374.0,16.9,1839.0,83.1,s,s
Manhattan,2,Female, - , - ,646.0,14.94,3677.0,85.06,23,0.53%
Manhattan,2,Male, - , - ,626.0,13.71,3941.0,86.29,77,1.69%
Manhattan,2,IEP, - , - ,258.0,12.68,1777.0,87.32,100,4.91%
Manhattan,2,ELL, - , - ,194.0,14.48,1146.0,85.52,25,1.87%
Manhattan,3,All Students,1.71,112.94,1178.0,13.2,7744.0,86.8,99,1.11%
Manhattan,3,Asian, - , - ,228.0,17.46,1078.0,82.54,s,s
Manhattan,3,Black, - , - ,84.0,6.55,1198.0,93.45,28,2.18%
Manhattan,3,Hispanic, - , - ,502.0,12.94,3376.0,87.06,57,1.47%
Manhattan,3,Other, - , - ,48.0,15.29,266.0,84.71,s,s
Manhattan,3,White, - , - ,316.0,14.75,1826.0,85.25,9,0.42%
Manhattan,3,Female, - , - ,584.0,13.48,3748.0,86.52,22,0.51%
Manhattan,3,Male, - , - ,594.0,12.94,3996.0,87.06,77,1.68%
Manhattan,3,IEP, - , - ,233.0,11.21,1845.0,88.79,99,4.76%
Manhattan,3,ELL, - , - ,153.0,13.01,1023.0,86.99,22,1.87%
Manhattan,4,All Students,1.70,109.54,1584.0,18.06,7187.0,81.94,92,1.05%
Manhattan,4,Asian, - , - ,318.0,25.12,948.0,74.88,9,0.71%
Manhattan,4,Black, - , - ,154.0,11.23,1217.0,88.77,22,1.60%
Manhattan,4,Hispanic, - , - ,688.0,17.45,3254.0,82.55,56,1.42%
Manhattan,4,Other, - , - ,59.0,21.3,218.0,78.7,s,s
Manhattan,4,White, - , - ,365.0,19.06,1550.0,80.94,s,s
Manhattan,4,Female, - , - ,785.0,18.37,3488.0,81.63,35,0.82%
Manhattan,4,Male, - , - ,799.0,17.76,3699.0,82.24,57,1.27%
Manhattan,4,IEP, - , - ,372.0,16.96,1822.0,83.04,92,4.19%
Manhattan,4,ELL, - , - ,177.0,15.53,963.0,84.47,35,3.07%
Manhattan,5,All Students,1.64,111.02,1489.0,17.38,7077.0,82.62,77,0.90%
Manhattan,5,Asian, - , - ,265.0,21.79,951.0,78.21,s,s
Manhattan,5,Black, - , - ,181.0,12.35,1285.0,87.65,21,1.43%
Manhattan,5,Hispanic, - , - ,592.0,15.79,3158.0,84.21,47,1.25%
Manhattan,5,Other, - , - ,39.0,17.89,179.0,82.11,s,s
Manhattan,5,White, - , - ,412.0,21.5,1504.0,78.5,s,s
Manhattan,5,Female, - , - ,695.0,16.99,3395.0,83.01,22,0.54%
Manhattan,5,Male, - , - ,794.0,17.74,3682.0,82.26,55,1.23%
Manhattan,5,IEP, - , - ,387.0,17.56,1817.0,82.44,77,3.49%
Manhattan,5,ELL, - , - ,136.0,15.37,749.0,84.63,19,2.15%
Manhattan,6,All Students,2.01,102.43,4975.0,60.82,3205.0,39.18,90,1.10%
Manhattan,6,Asian, - , - ,667.0,60.47,436.0,39.53,9,0.82%
Manhattan,6,Black, - , - ,890.0,62.81,527.0,37.19,s,s
Manhattan,6,Hispanic, - , - ,2179.0,59.5,1483.0,40.5,50,1.37%
Manhattan,6,Other, - , - ,173.0,63.84,98.0,36.16,s,s
Manhattan,6,White, - , - ,1066.0,61.73,661.0,38.27,6,0.35%
Manhattan,6,Female, - , - ,2414.0,60.38,1584.0,39.62,24,0.60%
Manhattan,6,Male, - , - ,2561.0,61.24,1621.0,38.76,66,1.58%
Manhattan,6,IEP, - , - ,1193.0,59.86,800.0,40.14,90,4.52%
Manhattan,6,ELL, - , - ,606.0,64.33,336.0,35.67,25,2.65%
Manhattan,7,All Students,1.96,100.72,6387.0,79.14,1684.0,20.86,71,0.88%
Manhattan,7,Asian, - , - ,843.0,77.34,247.0,22.66,s,s
Manhattan,7,Black, - , - ,1233.0,83.31,247.0,16.69,16,1.08%
Manhattan,7,Hispanic, - , - ,3084.0,82.28,664.0,17.72,40,1.07%
Manhattan,7,Other, - , - ,158.0,80.61,38.0,19.39,s,s
Manhattan,7,White, - , - ,1069.0,68.66,488.0,31.34,8,0.51%
Manhattan,7,Female, - , - ,3053.0,79.07,808.0,20.93,19,0.49%
Manhattan,7,Male, - , - ,3334.0,79.19,876.0,20.81,52,1.24%
Manhattan,7,IEP, - , - ,1538.0,80.23,379.0,19.77,71,3.70%
Manhattan,7,ELL, - , - ,791.0,85.7,132.0,14.3,17,1.84%
Manhattan,8,All Students,1.98,100.70,6511.0,78.54,1779.0,21.46,95,1.15%
Manhattan,8,Asian, - , - ,767.0,74.11,268.0,25.89,s,s
Manhattan,8,Black, - , - ,1322.0,82.01,290.0,17.99,28,1.74%
Manhattan,8,Hispanic, - , - ,3249.0,81.98,714.0,18.02,53,1.34%
Manhattan,8,Other, - , - ,115.0,68.05,54.0,31.95,s,s
Manhattan,8,White, - , - ,1058.0,70.02,453.0,29.98,10,0.66%
Manhattan,8,Female, - , - ,3155.0,77.96,892.0,22.04,37,0.91%
Manhattan,8,Male, - , - ,3356.0,79.09,887.0,20.91,58,1.37%
Manhattan,8,IEP, - , - ,1550.0,79.98,388.0,20.02,95,4.90%
Manhattan,8,ELL, - , - ,854.0,85.83,141.0,14.17,24,2.41%
Manhattan,9,All Students,2.80,139.57,11496.0,73.59,4125.0,26.41,64,0.41%
Manhattan,9,Asian, - , - ,1418.0,69.99,608.0,30.01,s,s
Manhattan,9,Black, - , - ,2768.0,74.67,939.0,25.33,23,0.62%
Manhattan,9,Hispanic, - , - ,5437.0,72.7,2042.0,27.3,32,0.43%
Manhattan,9,Other, - , - ,391.0,76.37,121.0,23.63,s,s
Manhattan,9,White, - , - ,1482.0,78.12,415.0,21.88,6,0.32%
Manhattan,9,Female, - , - ,6558.0,77.04,1954.0,22.96,23,0.27%
Manhattan,9,Male, - , - ,4938.0,69.46,2171.0,30.54,41,0.58%
Manhattan,9,IEP, - , - ,2120.0,71.77,834.0,28.23,64,2.17%
Manhattan,9,ELL, - , - ,1159.0,69.32,513.0,30.68,12,0.72%
Manhattan,0K,All Students,1.74,120.41,1288.0,14.8,7412.0,85.2,133,1.53%
Manhattan,0K,Asian, - , - ,196.0,17.47,926.0,82.53,6,0.53%
Manhattan,0K,Black, - , - ,83.0,7.07,1091.0,92.93,36,3.07%
Manhattan,0K,Hispanic, - , - ,515.0,14.05,3150.0,85.95,79,2.16%
Manhattan,0K,Other, - , - ,49.0,13.03,327.0,86.97,s,s
Manhattan,0K,White, - , - ,445.0,18.83,1918.0,81.17,s,s
Manhattan,0K,Female, - , - ,591.0,14.28,3549.0,85.72,31,0.75%
Manhattan,0K,Male, - , - ,697.0,15.29,3863.0,84.71,102,2.24%
Manhattan,0K,IEP, - , - ,245.0,15.04,1384.0,84.96,133,8.16%
Manhattan,0K,ELL, - , - ,149.0,11.09,1194.0,88.91,27,2.01%
Manhattan,10,All Students,2.83,142.43,10773.0,69.81,4658.0,30.19,45,0.29%
Manhattan,10,Asian, - , - ,1537.0,66.34,780.0,33.66,s,s
Manhattan,10,Black, - , - ,2554.0,72.66,961.0,27.34,14,0.40%
Manhattan,10,Hispanic, - , - ,5159.0,70.41,2168.0,29.59,25,0.34%
Manhattan,10,Other, - , - ,296.0,68.05,139.0,31.95,s,s
Manhattan,10,White, - , - ,1227.0,66.79,610.0,33.21,s,s
Manhattan,10,Female, - , - ,5979.0,72.01,2324.0,27.99,15,0.18%
Manhattan,10,Male, - , - ,4794.0,67.26,2334.0,32.74,30,0.42%
Manhattan,10,IEP, - , - ,1738.0,69.44,765.0,30.56,45,1.80%
Manhattan,10,ELL, - , - ,1120.0,64.97,604.0,35.03,15,0.87%
Manhattan,11,All Students,2.81,144.14,9129.0,68.31,4235.0,31.69,41,0.31%
Manhattan,11,Asian, - , - ,1401.0,63.34,811.0,36.66,s,s
Manhattan,11,Black, - , - ,2254.0,71.74,888.0,28.26,8,0.25%
Manhattan,11,Hispanic, - , - ,4283.0,70.84,1763.0,29.16,27,0.45%
Manhattan,11,Other, - , - ,187.0,66.79,93.0,33.21,s,s
Manhattan,11,White, - , - ,1004.0,59.62,680.0,40.38,s,s
Manhattan,11,Female, - , - ,5050.0,69.57,2209.0,30.43,8,0.11%
Manhattan,11,Male, - , - ,4079.0,66.81,2026.0,33.19,33,0.54%
Manhattan,11,IEP, - , - ,1227.0,67.34,595.0,32.66,41,2.25%
Manhattan,11,ELL, - , - ,746.0,66.08,383.0,33.92,9,0.80%
Manhattan,12,All Students,2.88,156.19,8880.0,64.89,4804.0,35.11,86,0.63%
Manhattan,12,Asian, - , - ,1351.0,63.01,793.0,36.99,7,0.33%
Manhattan,12,Black, - , - ,2216.0,66.75,1104.0,33.25,s,s
Manhattan,12,Hispanic, - , - ,4152.0,66.85,2059.0,33.15,45,0.72%
Manhattan,12,Other, - , - ,164.0,59.42,112.0,40.58,s,s
Manhattan,12,White, - , - ,997.0,57.53,736.0,42.47,7,0.40%
Manhattan,12,Female, - , - ,5013.0,67.1,2458.0,32.9,34,0.46%
Manhattan,12,Male, - , - ,3867.0,62.24,2346.0,37.76,52,0.84%
Manhattan,12,IEP, - , - ,1198.0,60.51,782.0,39.49,86,4.34%
Manhattan,12,ELL, - , - ,454.0,55.5,364.0,44.5,35,4.28%
Queens,1,All Students,2.41,122.32,6636.0,30.83,14885.0,69.17,270,1.25%
Queens,1,Asian, - , - ,2253.0,36.8,3869.0,63.2,59,0.96%
Queens,1,Black, - , - ,300.0,9.54,2844.0,90.46,42,1.34%
Queens,1,Hispanic, - , - ,2965.0,34.38,5658.0,65.62,94,1.09%
Queens,1,Other, - , - ,158.0,23.51,514.0,76.49,13,1.93%
Queens,1,White, - , - ,960.0,32.43,2000.0,67.57,62,2.09%
Queens,1,Female, - , - ,3204.0,31.12,7090.0,68.88,73,0.71%
Queens,1,Male, - , - ,3432.0,30.57,7795.0,69.43,197,1.75%
Queens,1,IEP, - , - ,1182.0,31.47,2574.0,68.53,270,7.19%
Queens,1,ELL, - , - ,1929.0,35.12,3563.0,64.88,69,1.26%
Queens,2,All Students,2.38,121.98,6516.0,29.94,15246.0,70.06,327,1.50%
Queens,2,Asian, - , - ,2288.0,35.83,4097.0,64.17,69,1.08%
Queens,2,Black, - , - ,323.0,9.82,2967.0,90.18,73,2.22%
Queens,2,Hispanic, - , - ,2777.0,32.64,5732.0,67.36,110,1.29%
Queens,2,Other, - , - ,157.0,24.04,496.0,75.96,7,1.07%
Queens,2,White, - , - ,971.0,33.2,1954.0,66.8,68,2.32%
Queens,2,Female, - , - ,3176.0,30.04,7396.0,69.96,93,0.88%
Queens,2,Male, - , - ,3340.0,29.85,7850.0,70.15,234,2.09%
Queens,2,IEP, - , - ,1185.0,28.71,2943.0,71.29,327,7.92%
Queens,2,ELL, - , - ,1410.0,33.28,2827.0,66.72,79,1.86%
Queens,3,All Students,2.31,122.64,5805.0,26.13,16414.0,73.87,274,1.23%
Queens,3,Asian, - , - ,2074.0,31.06,4603.0,68.94,s,s
Queens,3,Black, - , - ,280.0,8.12,3170.0,91.88,78,2.26%
Queens,3,Hispanic, - , - ,2467.0,28.65,6145.0,71.35,83,0.96%
Queens,3,Other, - , - ,103.0,18.01,469.0,81.99,s,s
Queens,3,White, - , - ,881.0,30.3,2027.0,69.7,55,1.89%
Queens,3,Female, - , - ,2807.0,26.14,7930.0,73.86,84,0.78%
Queens,3,Male, - , - ,2998.0,26.11,8484.0,73.89,190,1.65%
Queens,3,IEP, - , - ,1055.0,24.77,3205.0,75.23,274,6.43%
Queens,3,ELL, - , - ,843.0,26.29,2364.0,73.71,71,2.21%
Queens,4,All Students,2.11,121.52,6959.0,33.06,14093.0,66.94,231,1.10%
Queens,4,Asian, - , - ,2171.0,35.03,4026.0,64.97,48,0.77%
Queens,4,Black, - , - ,795.0,23.2,2632.0,76.8,68,1.98%
Queens,4,Hispanic, - , - ,2783.0,34.16,5364.0,65.84,68,0.83%
Queens,4,Other, - , - ,105.0,26.25,295.0,73.75,s,s
Queens,4,White, - , - ,1105.0,38.35,1776.0,61.65,s,s
Queens,4,Female, - , - ,3365.0,33.08,6806.0,66.92,70,0.69%
Queens,4,Male, - , - ,3594.0,33.03,7287.0,66.97,161,1.48%
Queens,4,IEP, - , - ,1310.0,31.3,2875.0,68.7,231,5.52%
Queens,4,ELL, - , - ,871.0,31.07,1932.0,68.93,40,1.43%
Queens,5,All Students,2.08,121.73,6694.0,32.37,13983.0,67.63,207,1.00%
Queens,5,Asian, - , - ,2034.0,33.78,3987.0,66.22,42,0.70%
Queens,5,Black, - , - ,788.0,23.61,2549.0,76.39,67,2.01%
Queens,5,Hispanic, - , - ,2703.0,33.53,5359.0,66.47,59,0.73%
Queens,5,Other, - , - ,94.0,20.13,373.0,79.87,s,s
Queens,5,White, - , - ,1075.0,38.53,1715.0,61.47,s,s
Queens,5,Female, - , - ,3301.0,32.98,6709.0,67.02,53,0.53%
Queens,5,Male, - , - ,3393.0,31.81,7274.0,68.19,154,1.44%
Queens,5,IEP, - , - ,1273.0,31.37,2785.0,68.63,207,5.10%
Queens,5,ELL, - , - ,721.0,31.48,1569.0,68.52,42,1.83%
Queens,6,All Students,2.57,122.88,16801.0,83.28,3373.0,16.72,216,1.07%
Queens,6,Asian, - , - ,5342.0,86.54,831.0,13.46,s,s
Queens,6,Black, - , - ,2552.0,73.61,915.0,26.39,51,1.47%
Queens,6,Hispanic, - , - ,6479.0,87.04,965.0,12.96,82,1.10%
Queens,6,Other, - , - ,383.0,83.99,73.0,16.01,s,s
Queens,6,White, - , - ,2045.0,77.64,589.0,22.36,45,1.71%
Queens,6,Female, - , - ,8047.0,83.32,1611.0,16.68,64,0.66%
Queens,6,Male, - , - ,8754.0,83.24,1762.0,16.76,152,1.45%
Queens,6,IEP, - , - ,3155.0,81.46,718.0,18.54,216,5.58%
Queens,6,ELL, - , - ,2068.0,90.11,227.0,9.89,64,2.79%
Queens,7,All Students,2.48,118.45,18497.0,91.87,1637.0,8.13,189,0.94%
Queens,7,Asian, - , - ,5366.0,90.86,540.0,9.14,33,0.56%
Queens,7,Black, - , - ,3186.0,90.56,332.0,9.44,45,1.28%
Queens,7,Hispanic, - , - ,7039.0,93.97,452.0,6.03,67,0.89%
Queens,7,Other, - , - ,425.0,93.2,31.0,6.8,6,1.32%
Queens,7,White, - , - ,2481.0,89.79,282.0,10.21,38,1.38%
Queens,7,Female, - , - ,8904.0,91.98,776.0,8.02,70,0.72%
Queens,7,Male, - , - ,9593.0,91.76,861.0,8.24,119,1.14%
Queens,7,IEP, - , - ,3223.0,89.21,390.0,10.79,189,5.23%
Queens,7,ELL, - , - ,1916.0,94.52,111.0,5.48,45,2.22%
Queens,8,All Students,2.38,113.86,17624.0,88.1,2381.0,11.9,228,1.14%
Queens,8,Asian, - , - ,4902.0,82.26,1057.0,17.74,s,s
Queens,8,Black, - , - ,3363.0,90.87,338.0,9.13,55,1.49%
Queens,8,Hispanic, - , - ,6773.0,92.82,524.0,7.18,78,1.07%
Queens,8,Other, - , - ,313.0,93.43,22.0,6.57,s,s
Queens,8,White, - , - ,2273.0,83.78,440.0,16.22,49,1.81%
Queens,8,Female, - , - ,8534.0,88.05,1158.0,11.95,86,0.89%
Queens,8,Male, - , - ,9090.0,88.14,1223.0,11.86,142,1.38%
Queens,8,IEP, - , - ,2879.0,86.43,452.0,13.57,228,6.84%
Queens,8,ELL, - , - ,1807.0,92.29,151.0,7.71,55,2.81%
Queens,9,All Students,3.54,170.27,17721.0,85.18,3082.0,14.82,187,0.90%
Queens,9,Asian, - , - ,4726.0,88.82,595.0,11.18,30,0.56%
Queens,9,Black, - , - ,3738.0,82.63,786.0,17.37,52,1.15%
Queens,9,Hispanic, - , - ,6733.0,85.27,1163.0,14.73,60,0.76%
Queens,9,Other, - , - ,503.0,80.61,121.0,19.39,8,1.28%
Queens,9,White, - , - ,2021.0,82.9,417.0,17.1,37,1.52%
Queens,9,Female, - , - ,8164.0,85.24,1414.0,14.76,64,0.67%
Queens,9,Male, - , - ,9557.0,85.14,1668.0,14.86,123,1.10%
Queens,9,IEP, - , - ,3099.0,81.7,694.0,18.3,187,4.93%
Queens,9,ELL, - , - ,2199.0,88.03,299.0,11.97,45,1.80%
Queens,0K,All Students,2.40,124.46,6395.0,30.45,14610.0,69.55,238,1.13%
Queens,0K,Asian, - , - ,1982.0,34.27,3801.0,65.73,44,0.76%
Queens,0K,Black, - , - ,301.0,9.84,2758.0,90.16,42,1.37%
Queens,0K,Hispanic, - , - ,2940.0,35.05,5447.0,64.95,82,0.98%
Queens,0K,Other, - , - ,163.0,22.0,578.0,78.0,14,1.89%
Queens,0K,White, - , - ,1009.0,33.25,2026.0,66.75,56,1.85%
Queens,0K,Female, - , - ,3088.0,30.33,7092.0,69.67,53,0.52%
Queens,0K,Male, - , - ,3307.0,30.55,7518.0,69.45,185,1.71%
Queens,0K,IEP, - , - ,1131.0,33.23,2273.0,66.77,238,6.99%
Queens,0K,ELL, - , - ,2002.0,36.39,3499.0,63.61,47,0.85%
Queens,10,All Students,3.71,181.57,16512.0,82.88,3410.0,17.12,275,1.38%
Queens,10,Asian, - , - ,4687.0,85.14,818.0,14.86,58,1.05%
Queens,10,Black, - , - ,3424.0,82.77,713.0,17.23,62,1.50%
Queens,10,Hispanic, - , - ,6047.0,83.1,1230.0,16.9,s,s
Queens,10,Other, - , - ,465.0,80.17,115.0,19.83,s,s
Queens,10,White, - , - ,1889.0,77.96,534.0,22.04,42,1.73%
Queens,10,Female, - , - ,7798.0,82.68,1634.0,17.32,96,1.02%
Queens,10,Male, - , - ,8714.0,83.07,1776.0,16.93,179,1.71%
Queens,10,IEP, - , - ,2440.0,80.0,610.0,20.0,275,9.02%
Queens,10,ELL, - , - ,2076.0,89.44,245.0,10.56,88,3.79%
Queens,11,All Students,3.59,181.81,13756.0,83.07,2804.0,16.93,198,1.20%
Queens,11,Asian, - , - ,4098.0,84.37,759.0,15.63,50,1.03%
Queens,11,Black, - , - ,2815.0,84.18,529.0,15.82,49,1.47%
Queens,11,Hispanic, - , - ,4876.0,82.42,1040.0,17.58,62,1.05%
Queens,11,Other, - , - ,300.0,83.33,60.0,16.67,s,s
Queens,11,White, - , - ,1667.0,80.03,416.0,19.97,s,s
Queens,11,Female, - , - ,6766.0,83.99,1290.0,16.01,64,0.79%
Queens,11,Male, - , - ,6990.0,82.2,1514.0,17.8,134,1.58%
Queens,11,IEP, - , - ,1731.0,79.51,446.0,20.49,198,9.10%
Queens,11,ELL, - , - ,1457.0,86.93,219.0,13.07,71,4.24%
Queens,12,All Students,3.43,181.49,13071.0,78.02,3682.0,21.98,378,2.26%
Queens,12,Asian, - , - ,3766.0,77.54,1091.0,22.46,80,1.65%
Queens,12,Black, - , - ,2949.0,79.02,783.0,20.98,109,2.92%
Queens,12,Hispanic, - , - ,4539.0,78.15,1269.0,21.85,100,1.72%
Queens,12,Other, - , - ,213.0,78.02,60.0,21.98,11,4.03%
Queens,12,White, - , - ,1604.0,77.0,479.0,23.0,78,3.74%
Queens,12,Female, - , - ,6416.0,78.55,1752.0,21.45,118,1.44%
Queens,12,Male, - , - ,6655.0,77.52,1930.0,22.48,260,3.03%
Queens,12,IEP, - , - ,1770.0,78.7,479.0,21.3,378,16.81%
Queens,12,ELL, - , - ,814.0,77.45,237.0,22.55,100,9.51%
Staten Island,1,All Students,2.94,122.39,1723.0,37.42,2881.0,62.58,85,1.85%
Staten Island,1,Asian, - , - ,132.0,38.6,210.0,61.4,s,s
Staten Island,1,Black, - , - ,192.0,32.6,397.0,67.4,14,2.38%
Staten Island,1,Hispanic, - , - ,508.0,34.72,955.0,65.28,18,1.23%
Staten Island,1,Other, - , - ,44.0,36.97,75.0,63.03,s,s
Staten Island,1,White, - , - ,847.0,40.51,1244.0,59.49,50,2.39%
Staten Island,1,Female, - , - ,840.0,38.25,1356.0,61.75,24,1.09%
Staten Island,1,Male, - , - ,883.0,36.67,1525.0,63.33,61,2.53%
Staten Island,1,IEP, - , - ,390.0,31.15,862.0,68.85,85,6.79%
Staten Island,1,ELL, - , - ,140.0,30.24,323.0,69.76,s,s
Staten Island,2,All Students,2.87,123.25,1732.0,36.79,2976.0,63.21,71,1.51%
Staten Island,2,Asian, - , - ,109.0,30.45,249.0,69.55,7,1.96%
Staten Island,2,Black, - , - ,191.0,33.28,383.0,66.72,s,s
Staten Island,2,Hispanic, - , - ,487.0,31.54,1057.0,68.46,23,1.49%
Staten Island,2,Other, - , - ,39.0,34.21,75.0,65.79,s,s
Staten Island,2,White, - , - ,906.0,42.78,1212.0,57.22,32,1.51%
Staten Island,2,Female, - , - ,837.0,37.65,1386.0,62.35,20,0.90%
Staten Island,2,Male, - , - ,895.0,36.02,1590.0,63.98,51,2.05%
Staten Island,2,IEP, - , - ,398.0,31.02,885.0,68.98,71,5.53%
Staten Island,2,ELL, - , - ,110.0,28.57,275.0,71.43,7,1.82%
Staten Island,3,All Students,2.90,124.96,1783.0,38.34,2867.0,61.66,71,1.53%
Staten Island,3,Asian, - , - ,111.0,33.74,218.0,66.26,s,s
Staten Island,3,Black, - , - ,172.0,28.67,428.0,71.33,7,1.17%
Staten Island,3,Hispanic, - , - ,429.0,31.29,942.0,68.71,18,1.31%
Staten Island,3,Other, - , - ,44.0,44.44,55.0,55.56,s,s
Staten Island,3,White, - , - ,1027.0,45.62,1224.0,54.38,42,1.87%
Staten Island,3,Female, - , - ,854.0,38.98,1337.0,61.02,22,1.00%
Staten Island,3,Male, - , - ,929.0,37.78,1530.0,62.22,49,1.99%
Staten Island,3,IEP, - , - ,456.0,33.31,913.0,66.69,71,5.19%
Staten Island,3,ELL, - , - ,89.0,30.38,204.0,69.62,9,3.07%
Staten Island,4,All Students,2.42,122.59,2154.0,46.64,2464.0,53.36,50,1.08%
Staten Island,4,Asian, - , - ,117.0,33.24,235.0,66.76,s,s
Staten Island,4,Black, - , - ,226.0,41.32,321.0,58.68,s,s
Staten Island,4,Hispanic, - , - ,617.0,45.64,735.0,54.36,14,1.04%
Staten Island,4,Other, - , - ,29.0,48.33,31.0,51.67,s,s
Staten Island,4,White, - , - ,1165.0,50.5,1142.0,49.5,28,1.21%
Staten Island,4,Female, - , - ,1070.0,48.13,1153.0,51.87,10,0.45%
Staten Island,4,Male, - , - ,1084.0,45.26,1311.0,54.74,40,1.67%
Staten Island,4,IEP, - , - ,576.0,43.5,748.0,56.5,50,3.78%
Staten Island,4,ELL, - , - ,123.0,45.9,145.0,54.1,6,2.24%
Staten Island,5,All Students,2.45,119.68,2236.0,49.6,2272.0,50.4,46,1.02%
Staten Island,5,Asian, - , - ,126.0,38.77,199.0,61.23,s,s
Staten Island,5,Black, - , - ,255.0,45.86,301.0,54.14,s,s
Staten Island,5,Hispanic, - , - ,680.0,53.25,597.0,46.75,10,0.78%
Staten Island,5,Other, - , - ,25.0,37.88,41.0,62.12,s,s
Staten Island,5,White, - , - ,1150.0,50.35,1134.0,49.65,26,1.14%
Staten Island,5,Female, - , - ,1128.0,50.63,1100.0,49.37,15,0.67%
Staten Island,5,Male, - , - ,1108.0,48.6,1172.0,51.4,31,1.36%
Staten Island,5,IEP, - , - ,610.0,47.58,672.0,52.42,46,3.59%
Staten Island,5,ELL, - , - ,107.0,45.92,126.0,54.08,s,s
Staten Island,6,All Students,2.68,129.52,3380.0,80.61,813.0,19.39,50,1.19%
Staten Island,6,Asian, - , - ,287.0,86.97,43.0,13.03,s,s
Staten Island,6,Black, - , - ,354.0,70.24,150.0,29.76,s,s
Staten Island,6,Hispanic, - , - ,837.0,80.17,207.0,19.83,22,2.11%
Staten Island,6,Other, - , - ,43.0,76.79,13.0,23.21,s,s
Staten Island,6,White, - , - ,1859.0,82.29,400.0,17.71,21,0.93%
Staten Island,6,Female, - , - ,1566.0,78.34,433.0,21.66,18,0.90%
Staten Island,6,Male, - , - ,1814.0,82.68,380.0,17.32,32,1.46%
Staten Island,6,IEP, - , - ,906.0,77.3,266.0,22.7,50,4.27%
Staten Island,6,ELL, - , - ,149.0,78.84,40.0,21.16,9,4.76%
Staten Island,7,All Students,2.42,116.60,2659.0,61.45,1668.0,38.55,48,1.11%
Staten Island,7,Asian, - , - ,294.0,81.44,67.0,18.56,s,s
Staten Island,7,Black, - , - ,374.0,69.91,161.0,30.09,6,1.12%
Staten Island,7,Hispanic, - , - ,732.0,68.99,329.0,31.01,12,1.13%
Staten Island,7,Other, - , - ,17.0,42.5,23.0,57.5,s,s
Staten Island,7,White, - , - ,1242.0,53.3,1088.0,46.7,27,1.16%
Staten Island,7,Female, - , - ,1257.0,60.14,833.0,39.86,13,0.62%
Staten Island,7,Male, - , - ,1402.0,62.67,835.0,37.33,35,1.56%
Staten Island,7,IEP, - , - ,751.0,63.7,428.0,36.3,48,4.07%
Staten Island,7,ELL, - , - ,110.0,66.67,55.0,33.33,8,4.85%
Staten Island,8,All Students,2.38,117.59,2931.0,67.29,1425.0,32.71,71,1.63%
Staten Island,8,Asian, - , - ,319.0,85.07,56.0,14.93,s,s
Staten Island,8,Black, - , - ,390.0,73.31,142.0,26.69,9,1.69%
Staten Island,8,Hispanic, - , - ,799.0,72.57,302.0,27.43,22,2.00%
Staten Island,8,Other, - , - ,28.0,57.14,21.0,42.86,s,s
Staten Island,8,White, - , - ,1395.0,60.68,904.0,39.32,34,1.48%
Staten Island,8,Female, - , - ,1363.0,64.97,735.0,35.03,26,1.24%
Staten Island,8,Male, - , - ,1568.0,69.44,690.0,30.56,45,1.99%
Staten Island,8,IEP, - , - ,762.0,72.85,284.0,27.15,71,6.79%
Staten Island,8,ELL, - , - ,134.0,79.76,34.0,20.24,6,3.57%
Staten Island,9,All Students,4.28,192.78,4621.0,95.61,212.0,4.39,76,1.57%
Staten Island,9,Asian, - , - ,439.0,98.43,7.0,1.57,s,s
Staten Island,9,Black, - , - ,735.0,93.27,53.0,6.73,13,1.65%
Staten Island,9,Hispanic, - , - ,1263.0,94.47,74.0,5.53,26,1.94%
Staten Island,9,Other, - , - ,136.0,95.77,6.0,4.23,s,s
Staten Island,9,White, - , - ,2048.0,96.6,72.0,3.4,34,1.60%
Staten Island,9,Female, - , - ,2265.0,96.14,91.0,3.86,25,1.06%
Staten Island,9,Male, - , - ,2356.0,95.12,121.0,4.88,51,2.06%
Staten Island,9,IEP, - , - ,1060.0,92.25,89.0,7.75,76,6.61%
Staten Island,9,ELL, - , - ,188.0,93.07,14.0,6.93,7,3.47%
Staten Island,0K,All Students,2.98,121.41,1806.0,40.74,2627.0,59.26,94,2.12%
Staten Island,0K,Asian, - , - ,129.0,40.57,189.0,59.43,s,s
Staten Island,0K,Black, - , - ,182.0,34.02,353.0,65.98,11,2.06%
Staten Island,0K,Hispanic, - , - ,560.0,40.82,812.0,59.18,17,1.24%
Staten Island,0K,Other, - , - ,51.0,41.13,73.0,58.87,s,s
Staten Island,0K,White, - , - ,884.0,42.42,1200.0,57.58,61,2.93%
Staten Island,0K,Female, - , - ,902.0,41.78,1257.0,58.22,29,1.34%
Staten Island,0K,Male, - , - ,904.0,39.75,1370.0,60.25,65,2.86%
Staten Island,0K,IEP, - , - ,338.0,32.72,695.0,67.28,94,9.10%
Staten Island,0K,ELL, - , - ,166.0,37.47,277.0,62.53,s,s
Staten Island,10,All Students,3.94,181.56,4166.0,90.19,453.0,9.81,68,1.47%
Staten Island,10,Asian, - , - ,453.0,93.79,30.0,6.21,7,1.45%
Staten Island,10,Black, - , - ,606.0,90.45,64.0,9.55,s,s
Staten Island,10,Hispanic, - , - ,1137.0,92.06,98.0,7.94,18,1.46%
Staten Island,10,Other, - , - ,65.0,91.55,6.0,8.45,s,s
Staten Island,10,White, - , - ,1905.0,88.19,255.0,11.81,29,1.34%
Staten Island,10,Female, - , - ,2016.0,90.44,213.0,9.56,24,1.08%
Staten Island,10,Male, - , - ,2150.0,89.96,240.0,10.04,44,1.84%
Staten Island,10,IEP, - , - ,885.0,92.0,77.0,8.0,68,7.07%
Staten Island,10,ELL, - , - ,,,,,s,s
Staten Island,11,All Students,4.41,205.02,3724.0,89.54,435.0,10.46,69,1.66%
Staten Island,11,Asian, - , - ,,,,,s,s
Staten Island,11,Black, - , - ,474.0,90.46,50.0,9.54,14,2.67%
Staten Island,11,Hispanic, - , - ,840.0,90.23,91.0,9.77,20,2.15%
Staten Island,11,Other, - , - ,,,,,s,s
Staten Island,11,White, - , - ,1959.0,88.64,251.0,11.36,30,1.36%
Staten Island,11,Female, - , - ,1726.0,89.11,211.0,10.89,22,1.14%
Staten Island,11,Male, - , - ,1998.0,89.92,224.0,10.08,47,2.12%
Staten Island,11,IEP, - , - ,790.0,92.4,65.0,7.6,69,8.07%
Staten Island,11,ELL, - , - ,65.0,85.53,11.0,14.47,8,10.53%
Staten Island,12,All Students,4.10,198.74,3376.0,86.81,513.0,13.19,106,2.73%
Staten Island,12,Asian, - , - ,,,,,s,s
Staten Island,12,Black, - , - ,451.0,82.6,95.0,17.4,18,3.30%
Staten Island,12,Hispanic, - , - ,779.0,87.63,110.0,12.37,24,2.70%
Staten Island,12,Other, - , - ,,,,,s,s
Staten Island,12,White, - , - ,1720.0,86.3,273.0,13.7,59,2.96%
Staten Island,12,Female, - , - ,1634.0,87.33,237.0,12.67,42,2.24%
Staten Island,12,Male, - , - ,1742.0,86.32,276.0,13.68,64,3.17%
Staten Island,12,IEP, - , - ,627.0,86.48,98.0,13.52,106,14.62%
Staten Island,12,ELL, - , - ,48.0,87.27,7.0,12.73,7,12.73%
