borough,block,lot,bin,building,agency,_2010_score,_2010source_eui_kbtu_ft,_2010_ghg_emissions_intensity_kgco2e_ft,_2014_score,_2014_source_eui_kbtu_ft,_2014_ghg_emissions_intensity_kgco2e_ft
1,93,1,1001280,ACS Administrative Site (Leased),ACS,57,239,6.2,76,219.5,5.8
1,350,8,1004240,Escuela Hispana Montessori #2 (Leased),ACS,Not Available,162.5,5.1,Not Available,151,5.3
1,479,1,1007156,Chinese Community Concern Parents,ACS,Not Available,289.4,8.6,Not Available,294.1,9.6
1,2014,36,1060189,Lutheran Social Service of NY #11 (Leased),ACS,Not Available,237.1,7.5,Not Available,220,7.1
1,2032,17,1060503,Lutheran Social Service of NY #13 (Leased),ACS,Not Available,193.6,5.1,Not Available,208.5,5.5
1,2076,41,1061917,Lutheran Social Service of NY #14 (Leased),ACS,Not Available,167.4,4.9,Not Available,142.7,4.1
1,2108,23,1062503,United Federation of Black Community Organization (Leased),ACS,Not Available,173.1,4.6,Not Available,185,5
1,2111,58,1062652,Rena Day Care Center (Leased),ACS,Not Available,151.6,4,Not Available,147.8,4
2,2276,1,2000133,Horizon Juvenile Center,ACS,Not Available,154.4,4.7,Not Available,144.4,4.5
2,2368,39,2001228,South East Bronx Neighborhood Center Inc. (Leased),ACS,Not Available,138.8,3.6,Not Available,148.3,3.9
2,2383,12,2001505,Fulton Day Care Center (Leased),ACS,Not Available,180.6,4.9,Not Available,176.9,4.9
2,2411,41,2001876,Philip Michaels Day Care Center (Leased),ACS,Not Available,200.1,5.2,Not Available,206.5,5.5
2,2420,40,2001910,Children Pride Early Learning Center,ACS,Not Available,272.1,9.2,Not Available,224.6,8
2,2516,51,2003301,Highbridge Advisory SRCC (Leased),ACS,Not Available,178.9,4.7,Not Available,186,5
2,2696,30,2005346,Lutheran Social Services of NY (Leased),ACS,Not Available,106.9,2.8,Not Available,164.5,4.3
2,2705,9,2005481,La Peninsula Head Start Program,ACS,Not Available,Not Available,Not Available,Not Available,149,3.9
2,2738,35,2005938,Bridges Juvenile Center Intake and Admissions,ACS,Not Available,28.7,0.8,Not Available,8.1,0.2
2,2837,11,2008017,Mid Bronx Early Childhood Center Inc. (Leased),ACS,Not Available,203.3,6.5,Not Available,210.9,6.7
2,2861,129,2109470,Babove Worldwide Institute Inc.,ACS,Not Available,160.7,5.1,Not Available,123.2,4.3
2,2877,522,2008966,Lutheran Social Services of NY (Leased),ACS,Not Available,272.9,7.2,Not Available,211.3,5.6
2,2888,21,2009316,Labor Bathgate Day Care Center (Leased),ACS,Not Available,236.1,6.1,Not Available,184,4.9
2,2939,90,2009866,East Tremont-Crotona Day Care Center (Leased),ACS,Not Available,150.2,5.1,Not Available,128.7,4.5
2,3044,24,2011440,Trabajamos Community Head Start Inc. (Leased),ACS,Not Available,260.8,6.8,Not Available,256.9,6.8
2,3089,24,2012517,Belmont Community Day Care Center (Leased),ACS,Not Available,204,5.3,Not Available,207.7,5.5
2,3125,1,2013174,Cardinal Day Care Center #2 (Leased),ACS,Not Available,108.1,2.8,Not Available,118.7,3.1
2,3178,32,2013953,Morris Day Care/Senior Center/Steven Soles Day Care Center (Leased),ACS,Not Available,195.2,5.2,Not Available,192.7,5.2
2,3217,60,2014731,University Heights Day Care Center (Leased),ACS,Not Available,62.2,1.6,Not Available,47.3,1.2
2,3732,39,2023653,H.G. Birch Watson Day Care Center (Leased),ACS,Not Available,131.4,3.5,Not Available,171.4,6.7
2,3736,1,2023714,Tremont Crotona Day Care Center (Leased),ACS,Not Available,126.4,3.3,Not Available,172.6,4.6
2,3748,15,2024083,Bronxdale Tenants League DDC Inc. (Leased),ACS,Not Available,103.3,2.8,Not Available,126.8,3.5
2,4101,1,2044743,ACS Bronx Field Office (Leased),ACS,7,316.2,8.9,21,243.1,6.9
2,4651,44,2057523,Williamsbridge NAACP Early EEC (Leased),ACS,Not Available,146.1,4,Not Available,122.2,3.4
2,4829,6,2063070,North Bronx NCNW Community Development Center (Leased),ACS,Not Available,153.8,4,Not Available,163.7,4.3
2,5713,87,2087522,Kingsbridge (Leased),ACS,100,0,0,84,102.7,3.5
3,184,25,3000937,Strong Place for Hope DCC (Leased),ACS,Not Available,298.4,9,Not Available,256.2,7.5
3,391,56,3006144,Sunset Bay Community Services Inc. (Leased),ACS,Not Available,118.5,3.2,Not Available,126.8,3.4
3,552,5,3008517,P.A.L. Miccio Day Care Center (Leased),ACS,Not Available,194.9,5.1,Not Available,191.3,5.1
3,947,54,3019440,Park Slope North Child Development Center Inc. (Leased),ACS,Not Available,209.8,7.2,Not Available,207.3,7.4
3,1036,18,3023510,Shirley Chisolum #2 (Leased),ACS,Not Available,102.2,2.6,Not Available,143.7,4.9
3,1224,45,3030896,Friends of Crown Heights #2 (Leased),ACS,Not Available,211.9,5.5,Not Available,214.2,5.7
3,1230,44,3031082,Albany Day Care and Senior Center (Leased),ACS,Not Available,137.8,4,Not Available,151.1,4.5
3,1235,58,3031302,United Interfaith Action Council of Brooklyn Inc. (Leased),ACS,Not Available,107.6,4.2,Not Available,94.3,3.5
3,1240,56,3031515,Friends of Crown Heights Educational Center Inc. (Leased),ACS,Not Available,144.7,4.3,Not Available,167.9,4.8
3,1246,1,3031845,Friends of Crown Heights Educational Center Inc. (Leased),ACS,Not Available,88.5,2.3,Not Available,82.8,2.2
3,1253,7,3032188,Day Care Center (Leased),ACS,Not Available,105.1,2.8,Not Available,100.4,2.7
3,1280,54,3033470,Friends of Crown Heights Educational Center Inc. (Leased),ACS,Not Available,141.5,3.7,Not Available,144.7,3.9
3,1296,1,3034153,Friends of Crown Heights #3 (Leased),ACS,Not Available,215,6.7,Not Available,196.2,6.4
3,1331,9,3035444,Mosdoth Day Care Center (Leased),ACS,Not Available,172.2,4.6,Not Available,155.5,4.2
3,1361,66,3036100,Friends of Crown Heights Educational Center Inc. (Leased),ACS,Not Available,147.6,3.9,Not Available,151.2,4.1
3,1420,51,3038317,All My Children Daycare and Nursery School (Leased),ACS,Not Available,177.2,4.6,Not Available,159.1,4.2
3,1431,54,3038522,Shirley Chisolon Day Care Center (Leased),ACS,Not Available,114.6,3,Not Available,127.4,4.5
3,1498,6,3040195,SCO Family of Services (Leased),ACS,Not Available,104.8,3.3,Not Available,107.4,3.5
3,1520,51,3339185,Shirley Chisholm Day Care Center Inc. (Leased),ACS,Not Available,163.5,4.7,Not Available,168.4,5.1
3,1538,46,3041852,Shirley Chisholm Day Care Center Inc. (Leased),ACS,Not Available,161.9,4.3,Not Available,145.4,3.9
3,1624,1,3044209,Lutheran Social Services of NY (Leased),ACS,Not Available,160.6,4.3,Not Available,163.2,4.4
3,2014,26,3057638,Young Minds Day Care Center (Leased),ACS,Not Available,202.7,5.4,Not Available,210.8,5.7
3,2022,18,3057913,Administration Site (Leased),ACS,21,313.6,9.8,37,257.8,7.7
3,2451,8,3063507,Nuestros Ninos Child Development (Leased),ACS,Not Available,149.2,4,Not Available,154,4.1
3,3023,32,3070819,Bushwick Improvement Society Inc. (Leased),ACS,Not Available,138.4,3.6,Not Available,122.6,3.2
3,3043,1,3070967,Bushwick United Housing Development Fund Corp (Leased),ACS,Not Available,75,2.2,Not Available,94.7,2.9
3,3227,10,3073394,Bushwick United Housing Development Fund Corp (Leased),ACS,Not Available,131,3.4,Not Available,118.1,3.1
3,3228,20,3073408,Bushwick United Housing Development Fund Corp (Leased),ACS,Not Available,135.1,4.4,Not Available,131.9,4.4
3,3259,23,3074237,Grand Street Settlement Inc.(Leased),ACS,Not Available,196.7,5.3,Not Available,159.6,4.3
3,3331,25,3076253,Lutheran Social Services of NY (Leased),ACS,Not Available,217,5.7,Not Available,195.6,5.3
3,3362,55,3076869,New Life Child Care Center (Leased),ACS,Not Available,307.5,9.6,Not Available,364.9,13
3,3433,5,3079655,Labor and Industry for Education Inc.,ACS,Not Available,122.3,3.3,Not Available,122.7,3.5
3,3448,15,3080179,Labor and Industry for Education Inc. (Leased),ACS,Not Available,82,2.7,Not Available,83.2,2.8
3,3498,8,3378202,Crossroads Juvenile Center,ACS,Not Available,152.8,4.6,Not Available,182.9,6
3,3531,23,3081165,Friends of Crown Heights Educational Center Inc. (Leased),ACS,Not Available,124.1,3.6,Not Available,165.6,5
3,3568,1,3326658,SCO Family of Services (Leased),ACS,Not Available,233.5,6.1,Not Available,170.4,4.5
3,3803,46,3342526,University Settlement Society of New York Inc. (Leased),ACS,Not Available,173.2,4.5,Not Available,170,4.5
3,3805,26,3084628,Police Athletic League Inc. (Leased),ACS,Not Available,162.3,4.3,Not Available,171.8,4.6
3,3976,70,3088473,Friends of Crown Heights Educational Center Inc. (Leased),ACS,Not Available,149.1,3.9,Not Available,113.7,3
3,4006,37,3089020,Friends of Crown Heights Educational Center Inc.(Leased),ACS,Not Available,158.2,4.1,Not Available,157.7,4.2
3,4039,1,3089620,Urban Strategies Day Care Center (Leased),ACS,Not Available,179.4,4.6,Not Available,157.6,4.2
3,4089,25,3090717,United Community Day Care Center Inc. (Leased),ACS,Not Available,294.6,9.9,Not Available,303.3,10.1
3,4298,7,3096389,Friends of Crown Heights Educational Center Inc. (Leased),ACS,Not Available,128.3,4.3,Not Available,105.9,3.8
3,4315,40,3097095,Friends of Crown Heights Educational Center Inc. (Leased),ACS,Not Available,210.1,5.5,Not Available,212.5,5.7
3,4457,1,3098472,Friends of Crown Heights Educational Center Inc. (Leased),ACS,Not Available,184.3,6.3,Not Available,191.6,7.1
3,5049,1,3115846,Episcopal Social Services of NY (Leased),ACS,Not Available,212.2,5.5,Not Available,109.5,2.9
3,7065,1,3189617,YWCA of the City of New York (Leased),ACS,Not Available,161.2,4.8,Not Available,154.4,4.9
4,386,7,4004679,Catholic Charities Neighborhood Services Inc. (Leased),ACS,Not Available,119.8,4,Not Available,115.6,3.8
4,1669,38,4041534,SCO Family of Services (Leased),ACS,Not Available,218.1,5.8,Not Available,239.7,6.5
4,1726,5,4042862,Episcopal Social Services of NY (Leased),ACS,Not Available,184.1,4.8,Not Available,171.5,4.5
4,1749,7,4043525,The Child Center of NY Inc.(Leased),ACS,Not Available,158.9,4.2,Not Available,150.6,4
4,10021,1,4214446,Clifford Glover Day Care Center Inc. (Leased),ACS,Not Available,146.3,3.8,Not Available,149.7,4
4,10155,29,4216225,Dual Center ACS Administrative Site (Leased),ACS,74,179.4,5.1,28,214.4,6.3
4,10193,1,4216947,All My Children Daycare and Nursery School (Leased),ACS,Not Available,136,3.7,Not Available,104.5,3.1
4,10917,29,4233644,Charles R Drew Early Learning Center (Leased),ACS,Not Available,182.7,5,Not Available,179.6,4.9
4,10941,206,4234212,Blanche Day Care Center,ACS,Not Available,162.8,5.6,Not Available,215,7.8
4,12022,20,4260903,All My Children Daycare and Nursery School (Leased),ACS,Not Available,192.1,5.2,Not Available,167.1,4.5
4,12039,44,4261337,Omega PSI PHI Fraternity NU-Omicron Chapter ECEC (Leased),ACS,Not Available,214.3,5.7,Not Available,214.8,5.8
4,12062,51,4261925,Alpha Kappa Alpha Sorority Child Care Center (Leased),ACS,Not Available,144.5,3.7,Not Available,151.9,4
4,12599,8,4271346,Babove Worldwide Institute Inc. (Leased),ACS,Not Available,137.5,5.4,Not Available,123.7,4.2
5,174,6,5004830,Childrens Aide Society Inc.,ACS,Not Available,198.8,6.2,Not Available,158.6,4.8
3,583,1,3008671,Board of Elections (Leased),BOENY,96,25.8,0.7,100,6,0.2
3,239,16,3001939,Brooklyn Heights Branch and Business Library,BPL,Not Available,177.3,5.2,Not Available,137.9,4.6
3,338,33,3004336,Carroll Gardens Branch Library,BPL,Not Available,129.2,4.2,Not Available,147.9,5.5
3,798,34,3013507,Sunset Park Branch Library,BPL,Not Available,241.1,7.4,Not Available,240.6,7.7
3,928,6,3018376,Pacific Branch Library,BPL,Not Available,185.8,5.7,Not Available,165.1,6.1
3,1006,1,3022144,Park Slope Branch Library,BPL,Not Available,92.2,3.2,Not Available,189.5,6.7
3,1183,2,3029665,Central Library and Learning Center,BPL,Not Available,187.3,5.5,Not Available,168.6,5.1
3,1396,6,3037543,Eastern Parkway Branch Library and Learning Center,BPL,Not Available,240.3,7.9,Not Available,262.7,8.6
4,9691,1,4207071,Queens Supreme Court,DCAS,74,191.4,6.5,81,161.4,5.6
3,1498,35,3040218,Saratoga Branch Library,BPL,Not Available,233.8,6.9,Not Available,196.2,5.7
3,1665,1,3046408,Macon Branch Library,BPL,Not Available,234.3,7.7,Not Available,248.4,8.3
3,1997,32,3057384,Bedford Branch Library and Learning Center,BPL,Not Available,184.4,5.7,Not Available,171,5.7
3,2189,1,3060090,Williamsburg Branch Library,BPL,Not Available,151.7,5.1,Not Available,134.8,4.9
3,2762,21,3068818,Leonard Branch Library,BPL,Not Available,241.7,7.3,Not Available,176.7,5.7
3,3098,19,3071470,Bushwick Branch Library,BPL,Not Available,190.3,5.7,Not Available,148.3,5.3
3,3241,18,3073751,DeKalb Branch Library,BPL,Not Available,186,6,Not Available,171.1,5.9
3,3489,150,3080669,Brownsville Branch Library,BPL,Not Available,202.8,6.1,Not Available,185.4,6
3,3794,18,3084596,Stone Avenue Branch Library,BPL,Not Available,153.8,4.6,Not Available,197.2,6.9
3,3923,52,3087001,Arlington Branch Library,BPL,Not Available,185.8,5.8,Not Available,173.5,5.9
3,4090,1,3090726,New Lots Branch Library,BPL,Not Available,155.1,4.9,Not Available,234.8,7.3
3,4717,38,3103597,East Flatbush Branch Library,BPL,Not Available,204.3,5.9,Not Available,179.8,5.6
3,4791,46,3106505,Crown Heights Branch Library (Leased),BPL,Not Available,178,5,Not Available,165.1,5.1
3,5086,15,3116706,Flatbush Branch Library and Learning Center,BPL,Not Available,245.3,8,Not Available,203.7,6.9
3,5416,14,3127572,Kensington Branch Library,BPL,Not Available,102,3.2,Not Available,291,9.4
3,5518,4,3132091,Mapleton Branch Library,BPL,Not Available,211.9,6.2,Not Available,231.5,7
3,5598,48,3135907,Borough Park Branch Library,BPL,Not Available,123.8,3.2,Not Available,136.8,4.8
3,5907,1,3147279,Bay Ridge Branch Library,BPL,Not Available,228.9,6.7,Not Available,206.3,6.2
3,6302,36,3164019,Dyker Branch Library,BPL,Not Available,223.1,7.1,Not Available,189.8,5.9
3,6343,64,3165745,New Utrecht Branch Library,BPL,Not Available,237,6.7,Not Available,236.8,7.1
3,6709,54,3179706,Midwood Branch Library,BPL,Not Available,261.4,7.3,Not Available,218.6,6.3
3,6783,68,3182576,Kings Highway Branch Library,BPL,Not Available,218.1,6.6,Not Available,226.2,7
3,7019,43,3189001,Coney Island Branch Library and Learning Ctr.,BPL,Not Available,223.4,6.9,Not Available,219.1,6.8
3,7405,920,3202630,Kings Bay Branch Library,BPL,Not Available,263.6,7.2,Not Available,262.7,7.8
3,7868,39,3219626,Flatlands Branch Library,BPL,Not Available,237.8,7.1,Not Available,191.8,6.3
3,8680,32,3245028,Brighton Beach Branch Library,BPL,Not Available,263.6,7.7,Not Available,283,9.7
1,16,10,1084594,Museum of Jewish Heritage,CIG,Not Available,461.8,12,Not Available,446.9,11.8
1,34,37,1000866,Police Museum,CIG,Not Available,246.3,8,Not Available,18.1,0.5
1,544,16,1008774,The Public Theater,CIG,Not Available,349.8,9.1,Not Available,625.7,19.5
1,1008,15,1023391,New York City Center Campus: New York City Center,CIG,Not Available,142.6,6,Not Available,180.5,6.6
1,1009,1,1023449,Carnegie Hall,CIG,Not Available,236.1,9.2,Not Available,302.2,10.2
1,1111,1,1083810,Metropolitan Museum of Art,CIG,Not Available,482.1,19.4,Not Available,522.2,18.9
1,1130,1,1083846,American Museum of Natural History,CIG,Not Available,326.5,12.8,Not Available,341.3,12.3
1,1134,1,1081022,David H. Koch Theater (Leased),CIG,Not Available,326.8,14.6,Not Available,367.6,14.8
1,1134,1,1081023,Lincoln Center Campus: Avery Fisher Hall,CIG,Not Available,11.1,0.5,Not Available,10.1,0.3
2,5937,440,2117850,Wave Hill Campus: Glyndor House,CIG,Not Available,45.4,1.6,Not Available,90,3.7
1,1134,1,1081022,Lincoln Center Campus: Metropolitan Opera House,CIG,Not Available,11.1,0.5,Not Available,10.1,0.3
4,10093,1,4438731,Queens Family Court,DCAS,39,289.1,8.7,37,280.9,8.5
1,1137,1,1000000,Lincoln Center Campus: Lincoln Center Garage (Rose Building) (Leased),CIG,Not Available,11.1,0.5,Not Available,10.1,0.3
1,1137,1,1000000,Lincoln Center Campus: Lincoln Center Garage / Plaza,CIG,Not Available,11.1,0.5,Not Available,10.1,0.3
1,1137,7501,1077844,Lincoln Center Campus: Samuel B. & David Rose Building,CIG,Not Available,11.1,0.5,Not Available,10.1,0.3
1,1570,29,1050735,Metropolitan Museum of Art Storage,CIG,1,499.3,16.5,1,551.9,19.4
1,1609,1,1074157,Museum of the City of New York,CIG,Not Available,240.3,8,Not Available,312.2,9.7
1,1610,1,1051499,El Museo Del Barrio,CIG,Not Available,412,10.7,Not Available,401.8,10.6
1,1909,9,1057819,The Studio Museum in Harlem (Leased),CIG,Not Available,271,7,Not Available,339,9
1,2179,701,1064383,"The Cloisters, Fort Tryon Park and MET (Leased)",CIG,Not Available,312.2,8.1,Not Available,412.3,10.9
2,2462,1,2002826,Bronx Museum of the Arts,CIG,Not Available,355.1,11.4,Not Available,326.2,10.7
2,3120,20,2123911,Bronx Zoo Campus: Administration East,CIG,Not Available,654.4,32.8,Not Available,713.9,36
2,3120,20,2123911,Bronx Zoo Campus: Administration West,CIG,Not Available,654.4,32.8,Not Available,713.9,36
2,3120,20,2123911,Bronx Zoo Campus: Aquatic Bird House,CIG,Not Available,654.4,32.8,Not Available,713.9,36
2,3120,20,2123911,Bronx Zoo Campus: Bronx Zoo Store,CIG,Not Available,654.4,32.8,Not Available,713.9,36
2,3120,20,2123911,Bronx Zoo Campus: Center for Global Conservation,CIG,Not Available,654.4,32.8,Not Available,713.9,36
2,3120,20,2123911,Bronx Zoo Campus: Congo Gorilla Forest,CIG,Not Available,654.4,32.8,Not Available,713.9,36
2,3120,20,2123911,Bronx Zoo Campus: Dancing Crane,CIG,Not Available,654.4,32.8,Not Available,713.9,36
2,3120,20,2123911,Bronx Zoo Campus: Farm Apartments,CIG,Not Available,654.4,32.8,Not Available,713.9,36
2,3120,20,2123911,Bronx Zoo Campus: Heads & Horns,CIG,Not Available,654.4,32.8,Not Available,713.9,36
2,3120,20,2123911,Bronx Zoo Campus: Jungle World,CIG,Not Available,654.4,32.8,Not Available,713.9,36
2,3120,20,2123911,Bronx Zoo Campus: Madagascar (Old Lion House),CIG,Not Available,654.4,32.8,Not Available,713.9,36
2,3120,20,2123911,Bronx Zoo Campus: Monkey House,CIG,Not Available,654.4,32.8,Not Available,713.9,36
2,3120,20,2123911,Bronx Zoo Campus: Mouse House,CIG,Not Available,654.4,32.8,Not Available,713.9,36
2,3120,20,2123911,Bronx Zoo Campus: Reptile House,CIG,Not Available,654.4,32.8,Not Available,713.9,36
2,3120,20,2123911,Bronx Zoo Campus: Sea Lion Exhibit,CIG,Not Available,654.4,32.8,Not Available,713.9,36
2,3120,20,2123911,Bronx Zoo Campus: Seabird Aviary (Aitken),CIG,Not Available,654.4,32.8,Not Available,713.9,36
2,3120,20,2123911,"Bronx Zoo Campus: Shelter Bldg (Elephant, Rhino, Tiger)",CIG,Not Available,654.4,32.8,Not Available,713.9,36
2,3120,20,2123911,Bronx Zoo Campus: TOPS,CIG,Not Available,654.4,32.8,Not Available,713.9,36
2,3120,20,2123911,Bronx Zoo Campus: Wildlife Health Center,CIG,Not Available,654.4,32.8,Not Available,713.9,36
2,3120,20,2123911,Bronx Zoo Campus: World of Birds,CIG,Not Available,654.4,32.8,Not Available,713.9,36
2,3120,20,2123911,Bronx Zoo Campus: Zoo Center,CIG,Not Available,654.4,32.8,Not Available,713.9,36
2,3272,1,2820080,New York Botanical Garden Campus: Charles B. Harding Laboratory Building,CIG,Not Available,121.3,3.7,Not Available,381,12.8
2,3272,1,2113012,New York Botanical Garden Campus: Enid A. Haupt Conservatory,CIG,Not Available,121.3,3.7,Not Available,381,12.8
2,3272,1,2113012,New York Botanical Garden Campus: Garden Cafe & Terrace Room,CIG,Not Available,121.3,3.7,Not Available,381,12.8
2,3272,1,2113265,New York Botanical Garden Campus: Harriet Barnes Pratt Library Wing,CIG,Not Available,121.3,3.7,Not Available,381,12.8
2,3272,1,2113265,New York Botanical Garden Campus: International Plant Science Center,CIG,Not Available,121.3,3.7,Not Available,381,12.8
2,3272,1,2113265,New York Botanical Garden Campus: Jeannette Kittredge Watson Science and Education Building,CIG,Not Available,121.3,3.7,Not Available,381,12.8
2,3272,1,2113265,New York Botanical Garden Campus: LuEsther T. Mertz Library (Museum Building),CIG,Not Available,121.3,3.7,Not Available,381,12.8
2,3272,1,2113265,New York Botanical Garden Campus: Pfizer Plant Research Laboratory,CIG,Not Available,121.3,3.7,Not Available,381,12.8
2,3273,1,2823840,New York Botanical Garden Campus: Stone Mill,CIG,Not Available,121.3,3.7,Not Available,381,12.8
2,3273,122,2094718,NYBG: Warehouse Upper and Lower,CIG,Not Available,121.3,3.7,1,419.1,12.1
2,4336,1,2115623,New York Botanical Garden Campus: Nolen Glasshouses,CIG,Not Available,121.3,3.7,Not Available,381,12.8
2,4336,1,2115623,New York Botanical Garden Campus: Operations Garage/Storage Building,CIG,Not Available,121.3,3.7,Not Available,381,12.8
2,4336,1,2115623,New York Botanical Garden Campus: Operations Multi-Purpose Building,CIG,Not Available,121.3,3.7,Not Available,381,12.8
2,5937,440,2101020,Wave Hill Campus: Wave Hill House,CIG,Not Available,45.4,1.6,Not Available,90,3.7
2,5937,440,2101020,Wave Hill Campus: Wave Hill Museum Building,CIG,Not Available,45.4,1.6,Not Available,90,3.7
3,1183,1,3337842,Brooklyn Botanical Garden Campus: Brooklyn Botanical Garden Administrative Building,CIG,Not Available,227.8,8.5,Not Available,362.3,13.4
3,1183,1,3337842,Brooklyn Botanical Garden Campus: Brooklyn Botanical Garden Conservatory,CIG,Not Available,227.8,8.5,Not Available,362.3,13.4
3,1183,1,3337842,Brooklyn Botanical Garden Campus: Brooklyn Botanical Garden Palm House,CIG,Not Available,227.8,8.5,Not Available,362.3,13.4
3,1183,1,3337842,Brooklyn Botanical Garden Campus: Brooklyn Botanical Garden Service Garage,CIG,Not Available,227.8,8.5,Not Available,362.3,13.4
3,1183,26,3029667,Brooklyn Museum,CIG,Not Available,290.7,9.8,Not Available,308.4,10.6
3,1190,61,3029723,BBG Technical Services Center,CIG,Not Available,152.7,4.5,Not Available,96.2,3.3
3,1229,1,3031049,Brooklyn Children's Museum,CIG,Not Available,204.5,5.5,Not Available,204.5,5.6
3,2095,45,3345162,BAM Harvey Theater (Majestic Theater),CIG,Not Available,316.4,9.3,Not Available,368.9,11.3
3,2110,3,3059182,BAM Peter Jay Sharp Theater (Opera House),CIG,Not Available,322,10.6,Not Available,310.2,10.3
3,2111,11,3059184,Brooklyn Academy of Music (BAM Richard B. Fisher Building),CIG,Not Available,Not Available,Not Available,Not Available,278.6,8.3
3,5778,1,3257059,American Museum of Natural History Storage,CIG,14,119.1,3.1,45,72.4,1.9
3,8698,1,3245159,New York Aquarium Campus: Aqua Theater,CIG,Not Available,832.8,24.5,Not Available,580.2,17.5
3,8698,1,3115623,New York Aquarium Campus: Conservation Hall,CIG,Not Available,832.8,24.5,Not Available,580.2,17.5
3,8698,1,3115623,New York Aquarium Campus: Explore the Shore/Alien Stingers,CIG,Not Available,832.8,24.5,Not Available,580.2,17.5
3,8698,1,3115623,New York Aquarium Campus: Operations Building,CIG,Not Available,832.8,24.5,Not Available,580.2,17.5
3,8698,1,3115623,New York Aquarium Campus: Osborn Laboratories of Marine Sciences (OLMS),CIG,Not Available,832.8,24.5,Not Available,580.2,17.5
3,8698,1,3115623,New York Aquarium Campus: Sea Cliffs,CIG,Not Available,832.8,24.5,Not Available,580.2,17.5
4,75,1,4000548,P.S. 1 Contemporary Art Center,CIG,Not Available,80.2,2.8,Not Available,199.2,6.9
4,644,1,4441089,Museum of the Moving Image,CIG,Not Available,174.5,5.6,Not Available,483.9,16.6
4,2018,1,4441124,New York Hall of Science,CIG,Not Available,208.5,6.2,Not Available,218.6,7.2
4,2018,1,4840396,Queens Museum of Art,CIG,Not Available,272.6,9.9,Not Available,348.3,10.8
4,4960,1,4112147,Flushing Town Hall,CIG,Not Available,299.5,10.2,Not Available,257.7,8.6
2,3222,62,2100240,Colston Hall,CUNY-C,Not Available,95.3,2.5,Not Available,122.6,3.3
4,5107,200,4439683,Queens Botanical Garden Campus: Administration Building,CIG,Not Available,213.1,6.8,Not Available,234.6,8.2
4,5107,200,4439682,Queens Botanical Garden Campus: Greenhouse / Maintenance Building,CIG,Not Available,213.1,6.8,Not Available,234.6,8.2
4,10097,10,4315254,"JCAL, Jamaica Performing Arts Center",CIG,Not Available,283.8,9.2,Not Available,390.4,14
4,10101,11,4215617,Jamaica Center for Arts and Learning,CIG,Not Available,46.2,1.2,Not Available,65.3,1.8
5,9,1,5000088,Staten Island Museum,CIG,Not Available,168.9,5.2,Not Available,141.8,4.6
5,76,1,5146247,Snug Harbor Campus: Snug Harbor Bldg O/SICM Barn,CIG,Not Available,166.8,6.3,Not Available,143.1,5.1
5,76,200,5113028,Snug Harbor Campus: B-C Hyphen,CIG,Not Available,166.8,6.3,Not Available,143.1,5.1
5,76,200,5113027,Snug Harbor Campus: Bldg A/Staten Island Museum,CIG,Not Available,166.8,6.3,Not Available,143.1,5.1
5,76,200,5000000,Snug Harbor Campus: Bldg C/Newhouse Center,CIG,Not Available,166.8,6.3,Not Available,143.1,5.1
5,76,200,5000000,Snug Harbor Campus: Bldg D/Noble Collection,CIG,Not Available,166.8,6.3,Not Available,143.1,5.1
5,76,200,5000000,Snug Harbor Campus: Bldg E,CIG,Not Available,166.8,6.3,Not Available,143.1,5.1
5,76,200,5000000,Snug Harbor Campus: Bldg F,CIG,Not Available,166.8,6.3,Not Available,143.1,5.1
5,76,200,5000000,Snug Harbor Campus: Bldg G/Newhouse Gallery,CIG,Not Available,166.8,6.3,Not Available,143.1,5.1
5,76,200,5000000,Snug Harbor Campus: Bldg H,CIG,Not Available,166.8,6.3,Not Available,143.1,5.1
5,76,200,5000000,Snug Harbor Campus: Bldg L/Power Plant,CIG,Not Available,166.8,6.3,Not Available,143.1,5.1
5,76,200,5000000,Snug Harbor Campus: Bldg M/SI Children's Museum,CIG,Not Available,166.8,6.3,Not Available,143.1,5.1
5,76,200,5000000,Snug Harbor Campus: Bldg P/Admin,CIG,Not Available,166.8,6.3,Not Available,143.1,5.1
5,76,200,5000000,Snug Harbor Campus: Bldg R/Great Hall,CIG,Not Available,166.8,6.3,Not Available,143.1,5.1
5,76,200,5000000,Snug Harbor Campus: Bldg T/Music Hall,CIG,Not Available,166.8,6.3,Not Available,143.1,5.1
5,314,70,5106733,Staten Island Zoo Campus: Main Zoo Building,CIG,Not Available,339,11.4,Not Available,355.2,12.5
1,374,20,1004415,M015,DOE,47,169.3,10.9,64,143.9,9.6
5,4442,51,5121944,Staten Island Historical Society Campus: P.S. 28 #34,CIG,Not Available,70.6,2.5,Not Available,50.2,2
1,127,1,1088292,Fiterman Hall,CUNY-C,Not Available,251.9,10.5,Not Available,143.9,6.2
1,142,50,1066406,Chambers St. Bldg (Main Campus),CUNY-C,Not Available,251.9,10.5,Not Available,408.2,15.4
1,497,1,1007560,CUNY in the Heights (Leased),CUNY-C,Not Available,174.9,5.6,Not Available,161.5,4.3
1,841,75,1080744,Guttman Community College (Leased),CUNY-C,Not Available,9.6,0.7,Not Available,273.8,8.9
2,2343,14,2820268,East Academic Complex - C,CUNY-C,Not Available,174.9,5.6,Not Available,273.3,9.1
2,2343,32,2001019,B Bldg,CUNY-C,Not Available,174.9,5.6,Not Available,273.2,9.1
2,2346,18,2001038,Allied Health and Sciences Bldg - A,CUNY-C,Not Available,174.9,5.6,Not Available,273.3,9.1
2,2350,24,2001088,Administration Bldg - G,CUNY-C,Not Available,174.9,5.6,Not Available,209.3,7.5
2,2350,39,2001091,Savoy Bldg - D,CUNY-C,Not Available,174.9,5.6,Not Available,233.6,6.8
2,3222,1,2014898,Loew Hall,CUNY-C,Not Available,95.3,2.5,Not Available,122.5,3.3
2,3222,40,2097306,Alumni Gymnasium,CUNY-C,Not Available,95.3,2.5,Not Available,122.5,3.3
2,3222,40,2097307,Loew Annex,CUNY-C,Not Available,95.3,2.5,Not Available,123.1,3.3
2,3222,62,2100252,Bliss Hall,CUNY-C,Not Available,95.3,2.5,Not Available,122.6,3.3
2,3222,62,2100247,Brown Annex,CUNY-C,Not Available,95.3,2.5,Not Available,122.8,3.3
2,3222,62,2100242,Butler Hall,CUNY-C,Not Available,95.3,2.5,Not Available,122.8,3.3
2,3222,62,2100240,Community Hall,CUNY-C,Not Available,95.3,2.5,Not Available,122.7,3.3
2,3222,62,2100251,Energy Plant,CUNY-C,Not Available,95.3,2.5,Not Available,122.4,3.3
2,3222,62,2100248,Gould Hall,CUNY-C,Not Available,95.3,2.5,Not Available,122.7,3.3
2,3222,62,2100243,Gould Memorial Library,CUNY-C,Not Available,95.3,2.5,Not Available,122.6,3.3
2,3222,62,2100253,Guggenheim Hall,CUNY-C,Not Available,95.3,2.5,Not Available,122.4,3.3
2,3222,62,2100243,"Hall of Fame, Auditorium and Colonnade",CUNY-C,Not Available,95.3,2.5,Not Available,122.3,3.3
2,3222,62,2100256,Havemeyer Lab,CUNY-C,Not Available,95.3,2.5,Not Available,123.2,3.3
2,3222,62,2096464,Language Hall,CUNY-C,Not Available,95.3,2.5,Not Available,122.3,3.3
2,3222,62,2100250,New Hall,CUNY-C,Not Available,95.3,2.5,Not Available,122.6,3.3
2,3222,62,2100249,Nichols Hall,CUNY-C,Not Available,95.3,2.5,Not Available,122.6,3.3
2,3222,62,2831930,North Hall and Library,CUNY-C,Not Available,95.3,2.5,Not Available,122.6,3.3
2,3222,62,2100244,Philosophy Hall,CUNY-C,Not Available,95.3,2.5,Not Available,122.5,3.3
2,3222,62,2100241,Polowczyk Hall,CUNY-C,Not Available,95.3,2.5,Not Available,122.5,3.3
2,3222,62,2100247,Roscoe C. Brown Student Center,CUNY-C,Not Available,95.3,2.5,Not Available,122.6,3.3
2,3222,62,2100254,Sage Hall,CUNY-C,Not Available,95.3,2.5,Not Available,122.6,3.3
2,3222,62,2100255,South Hall,CUNY-C,Not Available,95.3,2.5,Not Available,122.6,3.3
2,3222,62,2116208,The Children's Center,CUNY-C,Not Available,95.3,2.5,Not Available,122.3,3.3
2,3222,620,2104900,Meister Hall,CUNY-C,Not Available,95.3,2.5,Not Available,122.6,3.3
2,3222,620,2100254,Sage Annex,CUNY-C,Not Available,95.3,2.5,Not Available,122.3,3.3
2,3223,50,2090982,MacCracken Hall,CUNY-C,Not Available,95.3,2.5,Not Available,41.9,1.1
2,3224,1,2014903,Snow Hall,CUNY-C,Not Available,95.3,2.5,Not Available,25.6,0.7
3,8760,60,3326936,Academic Village,CUNY-C,Not Available,293.6,10.4,Not Available,302.3,10.2
3,8760,60,3326937,Administration Building,CUNY-C,Not Available,293.6,10.4,Not Available,302.5,10.2
3,8760,60,3326934,Arts and Sciences Center,CUNY-C,Not Available,293.6,10.4,Not Available,302.2,10.2
3,8760,60,3326939,Central Services,CUNY-C,Not Available,293.6,10.4,Not Available,302.5,10.2
3,8760,60,3347727,College Center,CUNY-C,Not Available,293.6,10.4,Not Available,302.2,10.2
3,8760,60,3347725,Health and Physical Education Center,CUNY-C,Not Available,293.6,10.4,Not Available,302.6,10.2
3,8760,60,3326938,Leon M. Goldstein High School for the Sciences,CUNY-C,Not Available,293.6,10.4,Not Available,302.4,10.2
3,8760,60,3226937,Leon M. Goldstein Performing Arts Center,CUNY-C,Not Available,293.6,10.4,Not Available,302.3,10.2
3,8760,60,3326935,Marine and Academic Center,CUNY-C,Not Available,293.6,10.4,Not Available,302.4,10.2
3,8760,60,3348024,Robert J. Kibbee Library and Media Center,CUNY-C,Not Available,293.6,10.4,Not Available,302.3,10.2
3,8760,60,3852579,Temporary Building #1 (UAPC),CUNY-C,Not Available,293.6,10.4,Not Available,303.1,10.2
3,8760,60,3852580,Temporary Building #2,CUNY-C,Not Available,293.6,10.4,Not Available,302.1,10.2
3,8760,60,3852581,Temporary Building #3,CUNY-C,Not Available,293.6,10.4,Not Available,303.3,10.2
3,8760,60,3852582,Temporary Building #4,CUNY-C,Not Available,293.6,10.4,Not Available,302.4,10.2
3,8760,60,3852583,Temporary Building #5,CUNY-C,Not Available,293.6,10.4,Not Available,302.5,10.2
3,8760,60,3852584,Temporary Building #6,CUNY-C,Not Available,293.6,10.4,Not Available,301.5,10.2
3,8760,60,3852585,Temporary Building #7,CUNY-C,Not Available,293.6,10.4,Not Available,302.2,10.2
3,8760,60,3852586,Temporary Building #8,CUNY-C,Not Available,293.6,10.4,Not Available,302.5,10.2
3,8760,60,3347724,West Academic Cluster - Wing C,CUNY-C,Not Available,293.6,10.4,Not Available,302.7,10.2
3,8760,60,3347724,West Academic Cluster - Wing D,CUNY-C,Not Available,293.6,10.4,Not Available,302.5,10.2
3,8760,60,3347724,West Academic Cluster - Wing E,CUNY-C,Not Available,293.6,10.4,Not Available,302.7,10.2
3,8760,60,3347724,West Academic Cluster - Wing F,CUNY-C,Not Available,293.6,10.4,Not Available,302.1,10.2
4,273,1,4003516,C - Center 3 Bldg,CUNY-C,Not Available,60.7,2.5,Not Available,111.2,3.8
4,274,1,4003517,B - B Building (Leased),CUNY-C,Not Available,60.7,2.5,Not Available,109,3.7
4,278,1,4003534,M - Joseph Shenker Hall,CUNY-C,Not Available,60.7,2.5,Not Available,192,5.7
4,279,1,4003535,E - E Bldg,CUNY-C,Not Available,60.7,2.5,Not Available,192,5.7
4,7490,2,4862628,Administration / Business Building,CUNY-C,Not Available,303.5,11.3,Not Available,310.2,11.5
4,7490,2,4439439,C Building,CUNY-C,Not Available,303.5,11.3,Not Available,310.7,11.5
4,7490,2,4862627,Cafeteria / Student Union Building,CUNY-C,Not Available,303.5,11.3,Not Available,310.1,11.5
4,7490,2,4439431,Humanities Building,CUNY-C,Not Available,303.5,11.3,Not Available,310.2,11.5
4,7490,2,4439435,Kennedy Hall Gymnasium,CUNY-C,Not Available,303.5,11.3,Not Available,310,11.5
4,7490,2,4444187,Kurt Schmeller Library,CUNY-C,Not Available,303.5,11.3,Not Available,310.1,11.5
4,7490,2,4439438,Medical Arts Building,CUNY-C,Not Available,303.5,11.3,Not Available,310.1,11.5
4,7490,2,4439433,Oakland Building,CUNY-C,Not Available,303.5,11.3,Not Available,310.2,11.5
4,7490,2,4439434,Science Building,CUNY-C,Not Available,303.5,11.3,Not Available,310,11.5
4,7490,2,4845889,Service Building,CUNY-C,Not Available,303.5,11.3,Not Available,310.4,11.5
4,7490,2,4439432,Technology Building,CUNY-C,Not Available,303.5,11.3,Not Available,309.9,11.5
4,7490,2,4458074,W Building,CUNY-C,Not Available,303.5,11.3,Not Available,306.2,11.4
4,7490,2,4439437,Y2 Building,CUNY-C,Not Available,303.5,11.3,Not Available,542.3,17.6
1,225,8,1002933,Hunter MFA,CUNY-S,Not Available,204.5,6.7,Not Available,48.5,1.9
1,807,28,1015181,School of Professional Studies,CUNY-S,Not Available,Not Available,Not Available,Not Available,56.9,1.5
1,864,1101,1017097,Graduate Center,CUNY-S,Not Available,238.1,7.7,Not Available,231.7,7.1
1,878,20,1086544,Administrative Building,CUNY-S,Not Available,204.6,5.5,Not Available,195.9,7.5
1,878,20,1018015,Lawrence and Eris Field Bldg,CUNY-S,Not Available,204.6,5.5,Not Available,195.9,7.5
1,878,20,1086513,Steven L. Newman Hall,CUNY-S,Not Available,204.6,5.5,Not Available,195.8,7.5
1,880,24,1086514,William and Anita Newman Vertical,CUNY-S,Not Available,204.6,5.5,Not Available,261.3,8
1,881,29,1018106,Annex,CUNY-S,Not Available,204.6,5.5,Not Available,261,8
1,881,31,1018107,Library and Technology Bldg,CUNY-S,Not Available,204.6,5.5,Not Available,261.1,8
1,962,100,1069579,Brookdale East Building,CUNY-S,Not Available,204.5,6.7,Not Available,162.1,6.9
1,962,100,1069579,Brookdale North Building,CUNY-S,Not Available,204.5,6.7,Not Available,162.1,6.9
1,962,100,1069579,Brookdale West Building,CUNY-S,Not Available,204.5,6.7,Not Available,162.1,6.9
1,1050,6,1026319,Master of Fine Arts Building,CUNY-S,Not Available,204.5,6.7,Not Available,48.5,1.9
1,1084,25,1086199,Westport Building,CUNY-S,Not Available,176.6,6.3,Not Available,177.5,4.7
1,1086,1,1027072,BMW Building,CUNY-S,Not Available,176.6,6.3,Not Available,262.3,8.6
1,1087,25,1027085,Haaren Hall Building,CUNY-S,Not Available,176.6,6.3,Not Available,262.8,8.6
1,1087,25,1027984,New Building,CUNY-S,Not Available,176.6,6.3,Not Available,262.8,8.6
1,1120,9,1028237,William E. Macaulay Honors College,CUNY-S,Not Available,293.2,8.9,Not Available,218.6,7.1
1,1131,1,1028826,North Hall,CUNY-S,Not Available,176.6,6.3,Not Available,330.5,12.6
1,1380,30,1041133,Roosevelt House,CUNY-S,Not Available,204.5,6.7,Not Available,247.4,7.4
1,1402,13,1042468,West Building,CUNY-S,Not Available,204.5,6.7,Not Available,296.3,10.3
1,1402,49,1042478,East Building,CUNY-S,Not Available,204.5,6.7,Not Available,296.3,10.3
1,1403,1,1081419,North Building,CUNY-S,Not Available,204.5,6.7,Not Available,296.3,10.3
1,1403,1,1081418,Thomas Hunter Hall,CUNY-S,Not Available,204.5,6.7,Not Available,296.4,10.3
1,1506,21,1047404,Hunter College High School,CUNY-S,Not Available,204.5,6.7,56,122.8,3.3
1,1767,30,1088293,Graduate Center Housing (Leased),CUNY-S,Not Available,Not Available,Not Available,94,77.7,3.6
1,1767,39,1088302,Silberman School of Social Work,CUNY-S,Not Available,204.5,6.7,Not Available,234,6.7
1,1957,1,1084075,Aaron Davis Hall,CUNY-S,Not Available,251.1,7.6,Not Available,202.7,5.5
1,1957,1,1813294,ASRC - Advanced Science Research Center,CUNY-S,Not Available,251.1,7.6,Not Available,202.8,5.5
1,1957,1,1813294,Center for Discovery and Innovation,CUNY-S,Not Available,251.1,7.6,Not Available,202.7,5.5
1,1957,1,1084067,Mott Hall - D. O. E.,CUNY-S,Not Available,251.1,7.6,Not Available,202.9,5.5
1,1957,1,1084073,Spitzer School of Architecture,CUNY-S,Not Available,251.1,7.6,Not Available,202.8,5.5
1,1957,1,1084068,Structural Biology Center,CUNY-S,Not Available,251.1,7.6,Not Available,202.8,5.5
1,1957,100,1059410,Marshak Hall,CUNY-S,Not Available,251.1,7.6,Not Available,299.4,9.6
1,1957,105,1085670,Howard E. Wille Administration Building,CUNY-S,Not Available,251.1,7.6,Not Available,299.4,9.6
1,1957,105,1084077,Shepard Hall,CUNY-S,Not Available,251.1,7.6,Not Available,299.5,9.6
1,1957,129,1084078,Steinman Hall,CUNY-S,Not Available,251.1,7.6,Not Available,299.4,9.6
1,1957,200,1084085,Baskerville Hall,CUNY-S,Not Available,251.1,7.6,Not Available,298.8,9.6
1,1957,200,1084083,Compton - Goethals Hall,CUNY-S,Not Available,251.1,7.6,Not Available,299.6,9.6
1,1957,200,1084082,Harris Hall,CUNY-S,Not Available,251.1,7.6,Not Available,299.6,9.6
1,1957,200,1084081,North Academic Center,CUNY-S,Not Available,251.1,7.6,Not Available,149.6,4.8
1,1957,200,1084084,Wingate Hall,CUNY-S,Not Available,251.1,7.6,Not Available,298.9,9.6
2,3246,2,2015222,Reservoir Building- H.S. (DOE),CUNY-S,Not Available,106.5,4.5,Not Available,174.7,4.7
2,3247,1,2119733,Childcare Center,CUNY-S,Not Available,106.5,4.5,Not Available,173.8,4.6
2,3247,1,2097317,Concert Hall,CUNY-S,Not Available,106.5,4.5,Not Available,174.1,4.6
2,3247,1,2097312,Davis Hall,CUNY-S,Not Available,106.5,4.5,Not Available,174.3,4.6
2,3247,1,2097313,Fine Arts Building,CUNY-S,Not Available,106.5,4.5,Not Available,174,4.6
2,3247,1,2098696,Gillet Hall,CUNY-S,Not Available,106.5,4.5,Not Available,174.2,4.6
2,3247,1,2097315,Library,CUNY-S,Not Available,106.5,4.5,Not Available,174.3,4.6
2,3247,1,2097318,Music Building,CUNY-S,Not Available,106.5,4.5,Not Available,174.1,4.6
2,3247,1,2829116,Nursing Building,CUNY-S,Not Available,106.5,4.5,Not Available,174.3,4.6
2,3247,1,2097314,Old Gymnasium Building,CUNY-S,Not Available,106.5,4.5,Not Available,174.3,4.6
2,3247,1,2116604,Science Hall,CUNY-S,Not Available,106.5,4.5,Not Available,174.3,4.6
2,3247,1,2098697,Speech and Theater Building,CUNY-S,Not Available,106.5,4.5,Not Available,174.2,4.6
2,3247,1,2097316,Student Life Building,CUNY-S,Not Available,106.5,4.5,Not Available,160.5,5.6
2,3247,165,2097309,APEX Bldg,CUNY-S,Not Available,106.5,4.5,Not Available,174.2,4.6
2,3247,220,2095245,Shuster Hall,CUNY-S,Not Available,106.5,4.5,Not Available,174.3,4.6
2,3247,230,2015246,Carman Hall,CUNY-S,Not Available,106.5,4.5,Not Available,174.2,4.6
3,86,18,3329429,Environmental Center,CUNY-S,Not Available,183.5,4.9,Not Available,165.5,4.8
3,86,7501,3000176,Midway Building,CUNY-S,Not Available,183.5,4.9,Not Available,185.9,5.2
3,97,2,3000182,Voorhees Building,CUNY-S,Not Available,183.5,4.9,Not Available,165.5,4.8
3,128,1,3335892,Atrium,CUNY-S,Not Available,183.5,4.9,Not Available,220.8,7
3,128,1,3335892,Namm Hall,CUNY-S,Not Available,183.5,4.9,Not Available,220.8,7
3,128,1,3335890,Pearl Bldg,CUNY-S,Not Available,183.5,4.9,Not Available,220.8,7
3,128,26,3000243,General Bldg (Con Edison),CUNY-S,Not Available,183.5,4.9,Not Available,221,7
3,1259,36,3032563,391 Eastern Pkwy (1534 Bedford Ave),CUNY-S,Not Available,150.1,6.6,Not Available,196.2,5.2
3,1287,48,3033791,"AB1 - School of Science, Health and Technology",CUNY-S,Not Available,150.1,6.6,Not Available,513.5,15.1
3,1288,1,3033796,School of Business and Student Services,CUNY-S,Not Available,150.1,6.6,Not Available,169.9,6
3,1289,25,3337869,Carroll Street Building,CUNY-S,Not Available,150.1,6.6,Not Available,243,8.9
3,1294,1,3034075,Bedford Building,CUNY-S,Not Available,150.1,6.6,Not Available,169.9,6
3,7552,100,3205787,Roosevelt Hall,CUNY-S,Not Available,319.2,11.6,Not Available,565.3,14.9
3,7552,100,3205787,Roosevelt Hall Extension,CUNY-S,Not Available,319.2,11.6,Not Available,565.3,14.9
3,7552,100,3389802,West End Building,CUNY-S,Not Available,319.2,11.6,Not Available,565.3,14.9
3,7552,100,3391507,West Quad Building,CUNY-S,Not Available,319.2,11.6,Not Available,565.2,14.9
3,7552,100,3347326,William James Hall,CUNY-S,Not Available,319.2,11.6,Not Available,565.2,14.9
3,7555,27,3205803,Student Union,CUNY-S,Not Available,319.2,11.6,Not Available,5.2,0.2
3,7556,150,3327322,Boylan Hall,CUNY-S,Not Available,319.2,11.6,Not Available,5.2,0.2
3,7556,150,3327317,Ingersoll Hall,CUNY-S,Not Available,319.2,11.6,Not Available,1.3,0
3,7556,150,3327317,Ingersoll Hall Extension,CUNY-S,Not Available,319.2,11.6,Not Available,5.2,0.2
3,7556,150,3327319,LaGuardia Hall,CUNY-S,Not Available,319.2,11.6,Not Available,5.2,0.2
3,7556,150,3327318,Whitehead Hall,CUNY-S,Not Available,319.2,11.6,Not Available,5.2,0.2
3,7556,150,3327321,Whitman / Gershwin Hall,CUNY-S,Not Available,319.2,11.6,Not Available,5.3,0.2
4,4976,27,4112321,Flushing Center for Higher Education,CUNY-S,Not Available,229,7.5,Not Available,167.6,5.2
4,6507,30,4141868,Queens Hall,CUNY-S,Not Available,229,7.5,Not Available,130.9,4.3
4,6517,1,4439913,Benjamin Rosenthal Library,CUNY-S,Not Available,229,7.5,Not Available,223.2,7.5
4,6517,1,4439917,Colden Auditorium,CUNY-S,Not Available,229,7.5,Not Available,223.1,7.5
4,6517,1,4467560,Dining Hall,CUNY-S,Not Available,229,7.5,Not Available,223.4,7.5
4,6517,1,4467567,Dining Hall Addition,CUNY-S,Not Available,229,7.5,Not Available,223.1,7.5
4,6517,1,4439916,Fitzgerald Gymnasium,CUNY-S,Not Available,229,7.5,Not Available,223.2,7.5
4,6517,1,4467561,G Building,CUNY-S,Not Available,229,7.5,Not Available,223.2,7.5
4,6517,1,4439918,Goldstein Theatre,CUNY-S,Not Available,229,7.5,Not Available,223.5,7.5
4,6517,1,4467569,Gregory Razran Hall,CUNY-S,Not Available,229,7.5,Not Available,223.2,7.5
4,6517,1,4439915,Heating Plant,CUNY-S,Not Available,229,7.5,Not Available,222.1,7.5
4,6517,1,4543598,Honors Center,CUNY-S,Not Available,229,7.5,Not Available,223.6,7.5
4,6517,1,4439912,Hortense Powdermaker Hall,CUNY-S,Not Available,229,7.5,Not Available,223.3,7.5
4,6517,1,4467562,I Bldg,CUNY-S,Not Available,229,7.5,Not Available,222.7,7.5
4,6517,1,4439910,Jefferson Hall,CUNY-S,Not Available,229,7.5,Not Available,223.4,7.5
4,6517,1,4439921,King Hall,CUNY-S,Not Available,229,7.5,Not Available,223.1,7.5
4,6517,1,4442884,Laura Arthur Colwin Hall,CUNY-S,Not Available,229,7.5,Not Available,223,7.5
4,6517,1,4442883,Lloyd T. Delany Hall,CUNY-S,Not Available,229,7.5,Not Available,223.4,7.5
4,6517,1,4141870,Margaret Kiely Hall,CUNY-S,Not Available,229,7.5,Not Available,466.9,21.4
4,6517,1,4439911,Paul Klapper Hall,CUNY-S,Not Available,229,7.5,Not Available,223.2,7.5
4,6517,1,4439919,Rathaus Hall,CUNY-S,Not Available,229,7.5,Not Available,111.9,3.8
4,6517,1,4439902,Remsen Hall,CUNY-S,Not Available,229,7.5,Not Available,223.2,7.5
4,6517,1,4467563,School of Music,CUNY-S,Not Available,229,7.5,Not Available,223.3,7.5
4,6517,1,4439904,Science Building,CUNY-S,Not Available,229,7.5,Not Available,223.3,7.5
4,6517,1,4439914,Virginia Frese Hall,CUNY-S,Not Available,229,7.5,Not Available,222.1,7.5
4,6517,200,4467570,Student Union,CUNY-S,Not Available,229,7.5,Not Available,223.2,7.5
4,6743,29,4146646,Kissena Hall,CUNY-S,Not Available,229,7.5,Not Available,142.1,4.6
4,10099,52,4215611,Science Building,CUNY-S,Not Available,33.1,0.9,Not Available,289.1,9.2
4,10103,16,4448849,Classroom Building,CUNY-S,Not Available,33.1,0.9,Not Available,289,9.2
4,10103,16,4439752,St. Monicas / Child Care Center,CUNY-S,Not Available,33.1,0.9,Not Available,289.9,9.2
4,10104,43,4215630,Academic Core,CUNY-S,Not Available,33.1,0.9,Not Available,290.3,9.2
4,10118,34,4858182,Health and Physical Education Complex,CUNY-S,Not Available,33.1,0.9,Not Available,144.1,4.6
4,10152,66,4462248,Performing Arts Center,CUNY-S,Not Available,33.1,0.9,Not Available,100.8,2.7
5,2040,1,5131066,Biological and Chemical Sciences,CUNY-S,Not Available,313.9,10.1,Not Available,418.2,11
5,2040,1,5107297,Center for the Arts,CUNY-S,Not Available,313.9,10.1,Not Available,418.1,11
5,2040,1,5107304,Education Building,CUNY-S,Not Available,313.9,10.1,Not Available,209.2,5.5
5,2040,1,5107303,English / Modern Languages,CUNY-S,Not Available,313.9,10.1,Not Available,418.5,11.1
5,2040,1,5107301,Library / Cyber Cafe,CUNY-S,Not Available,313.9,10.1,Not Available,418.2,11
5,2040,1,5130987,Marcus Hall - Nursing,CUNY-S,Not Available,313.9,10.1,Not Available,418.1,11
5,2040,1,5107302,Mathematics Building,CUNY-S,Not Available,313.9,10.1,Not Available,418.1,11
5,2040,1,5107299,North Administration Building,CUNY-S,Not Available,313.9,10.1,Not Available,418.1,11
5,2040,1,5107305,"Psychology / Sociology, Anthropology and Social Work",CUNY-S,Not Available,313.9,10.1,Not Available,418.4,11.1
5,2040,1,5107298,South Administration Building,CUNY-S,Not Available,313.9,10.1,Not Available,418,11
5,2040,1,5107300,West Administration Building,CUNY-S,Not Available,313.9,10.1,Not Available,415.2,11
4,9680,1,4448759,Queens Civil Court,DCAS,63,234.9,7,79,190.6,5.7
3,2604,1,3065442,Testing Station,DCA,Not Available,68.3,2,Not Available,107.2,4
1,94,25,1001289,100 Gold Street Office Building,DCAS,30,319.6,8.9,51,260.6,7.8
1,121,1,1001394,Manhattan Municipal Building,DCAS,88,150,5.4,92,134.8,4.7
1,122,1,1079147,City Hall,DCAS,24,293.8,9,94,103.2,3.8
1,122,1,1079146,Tweed Courthouse,DCAS,16,376.3,14.7,12,411.5,14.7
1,153,1,1079216,Emigrant Savings Building (Leased),DCAS,92,134.8,6.1,94,115.9,4.8
1,153,1,1079215,Sun Building,DCAS,69,207.3,6.9,76,175.6,5.4
1,153,24,1001670,Manhattan Surrogate's Court,DCAS,53,249.1,10.5,58,237.5,9.1
1,154,23,1078613,City Planning Building,DCAS,56,222.4,7.2,52,216.5,7
1,155,1,1001672,Court Square Building,DCAS,77,185.7,5.4,81,170.6,5.4
1,160,21,1085748,Manhattan Supreme Court,DCAS,47,265.5,10.9,55,238.3,9
1,166,27,1001830,Louis J. Lefkowitz Building,DCAS,82,170.1,6.9,79,168.9,6.1
1,167,1,1079000,Manhattan Criminal Court,DCAS,63,224.2,8,71,201.1,7.2
1,168,32,1001831,Health Building,DCAS,81,172,6.5,78,170.4,6.1
1,169,10,1001833,Manhattan Civil Court,DCAS,84,157.4,6.1,92,133.3,4.5
1,170,6,1001835,Clocktower Building (Leased),DCAS,69,208.4,8.2,87,149.5,6.2
1,171,31,1001842,Manhattan Family Court,DCAS,79,179.5,6.5,90,150.2,5
1,197,17,1002358,Excelsior Building,DCAS,54,213.1,6.5,56,193.9,6.2
1,200,1,1066494,Chinatown Senior Center,DCAS,Not Available,164.1,6.1,Not Available,191.8,8
1,423,22,1005645,115 Chrystie Street Office Building,DCAS,95,101.1,2.7,81,111,3.3
1,855,1,1016743,Manhattan Appellate Court,DCAS,11,354.9,13.8,17,318.3,11.4
1,1044,22,1025397,Midtown Community Court,DCAS,Not Available,Not Available,Not Available,97,86.5,2.5
1,1769,45,1054382,Harlem Courthouse,DCAS,35,231.7,9.2,53,175.9,7.1
2,2443,94,2099027,Bronx Concourse Plaza,DCAS,55,243.2,6.7,68,222.7,6.4
2,2444,1,2097114,Bronx County Hall of Justice,DCAS,4,509.2,15.7,9,436.5,13.4
2,2454,1,2002704,Bronx Family and Criminal Court,DCAS,32,323.3,10,60,288.1,9.2
2,2462,39,2101266,Bronx Housing Court,DCAS,38,268.6,7.7,43,239.6,6.9
2,2468,1,2002869,Bronx County Courthouse,DCAS,92,137.5,5.8,96,109.5,4
2,2947,18,2009911,Bronx Bergen Building,DCAS,34,277.5,10,65,182.8,6.6
2,4832,9,2063174,Bronx Neighborhood Building,DCAS,37,213.6,9.9,53,163.5,7.1
3,85,6,3000172,OEM Headquarters,DCAS,2,517.9,14.5,14,481.9,13.8
3,139,1,3000256,Brooklyn Borough Hall,DCAS,5,419.9,15.1,36,248.4,7.7
3,139,20,3000257,Brooklyn Supreme Court,DCAS,33,310.4,12.3,91,138.4,4.8
3,169,17,3000534,Brooklyn Criminal Court,DCAS,37,298.3,11.8,32,367,14.9
3,237,1,3001881,Brooklyn Appellate Court,DCAS,49,217.9,7.8,58,184.6,5.5
3,1274,1,3033161,Brooklyn Armory,DCAS,Not Available,Not Available,Not Available,Not Available,46.1,2
3,2467,1,3063635,Construction Shops,DCAS,Not Available,32.6,1.4,Not Available,64.2,2
4,83,1,4000698,Long Island City Courthouse,DCAS,68,179.8,6.7,49,209.5,8.4
4,2274,2,4052812,Queens Borough Hall,DCAS,68,208.5,6.5,72,198.8,6.3
4,9653,1,4206522,Queens Criminal Court,DCAS,57,238.5,7.9,63,223.9,7.4
4,9653,1,4206522,Queens Criminal Court (Annex),DCAS,74,192.7,5.5,77,185,5.5
5,7,1,5000063,Staten Island Borough Hall,DCAS,57,214.1,7.9,60,208.1,8
5,7,12,5000064,Staten Island Supreme Court,DCAS,4,386.8,12.4,4,385.3,12.7
5,8,70,5000085,130 Stuyvesant Place Office,DCAS,49,254.7,8.3,25,309.4,11.7
5,9,22,5000090,Staten Island Family Court,DCAS,20,247.1,8,9,277.9,9
5,159,65,5004530,Staten Island Civil Court,DCAS,37,215.1,7.1,32,210.5,7.4
5,542,9,5014078,Staten Island Criminal Court,DCAS,29,244.6,7.7,39,219.2,7.4
1,275,28,1003286,Manhattan Repair Shop,DEP,Not Available,385.9,22.2,Not Available,215.2,9.8
1,969,22,1083653,"Maintenance Facility (BWSO, FMC) (Leased)",DEP,Not Available,244.9,11.9,Not Available,219,9.5
1,1819,30,1085917,Wards Island WPCP Campus: Wards Island,DEP,21,734.8,19.9,15,762.8,21.7
1,2069,26,1075503,Manhattan Sewer Maintenance Yard,DEP,Not Available,126.6,4.6,Not Available,218,8
1,2101,117,1084789,North River WPCP Campus: 725 West 135th St,DEP,8,743.1,30.7,6,768,30.9
2,2780,2,2118145,Hunts Point WPCP Campus: 1270 Ryawa Ave,DEP,50,1752.3,47.2,42,1864.5,52
1,381,38,1004564,M034,DOE,56,143.1,6.9,59,139.1,7.3
2,3251,401,2015443,Jerome Avenue Campus: 3201 Jerome Ave,DEP,Not Available,160.8,4.3,Not Available,120.4,3.2
2,3330,60,2017876,North Bronx Yard and Reservoir HQ,DEP,100,41.7,1.2,80,116.5,6.4
3,221,7,3852786,Red Hook WPCP Campus: 63 Flushing Ave,DEP,72,325.9,9.7,81,276.6,7.5
3,1882,1,3054189,Shaft Maintenance/Kent Avenue Machine Shop,DEP,Not Available,91,2.7,Not Available,120.5,3.7
3,1894,38,3054607,Hazmat Citywide Field Operations,DEP,Not Available,248.9,8.5,Not Available,160.4,5.7
3,2491,101,3336623,Newtown Creek WPCP Campus: Pollution Control,DEP,12,1101.8,31,10,654.9,18.3
3,2491,201,3336650,Newtown Creek WPCP Campus: Pollution Control,DEP,12,1101.8,31,10,654.9,18.3
3,2525,1,3332517,Newtown Creek WPCP Campus: Main Building,DEP,12,1101.8,31,10,654.9,18.3
3,2525,1,3398215,Newtown Creek WPCP Campus: Skimmings Building,DEP,12,1101.8,31,10,654.9,18.3
3,2527,2,3398222,Newtown Creek WPCP Campus: Pollution Control,DEP,12,1101.8,31,10,654.9,18.3
3,2613,1,3065473,B-9 Yard (Leased),DEP,Not Available,204.8,8.3,Not Available,126,4.8
3,2944,11,3070524,BWS Storehouse (GS1),DEP,4,156.7,6.7,1,192.2,8.4
3,4440,1,3848583,26th Ward WPCP Campus: 122-66 Flatlands Ave,DEP,24,734.3,24.5,30,646,19.1
3,5835,1,3397290,Owl's Head WPCP Campus: Bldg 1,DEP,65,501.8,19.2,67,469.6,18.7
3,7452,1,3204772,Coney Island WPCP Campus: 2580 Knapp St,DEP,21,780.4,26.2,27,689.3,24.3
4,776,150,4539570,Bowery Bay WPCP Campus: BIN 4539570,DEP,69,409.3,13.1,67,414.7,12
4,2681,34,4059932,Construction Services (Leased),DEP,Not Available,125,5.3,Not Available,143.5,5.9
4,3925,1,4440692,Tallman Island WPCP Campus: BIN 4440692,DEP,65,1519.4,87.2,36,2024.4,56
4,11900,2,4459553,Jamaica WPCP Campus: 130th Pl,DEP,6,800.9,22.9,14,644.7,19.3
4,16162,120,4303723,Rockaway WPCP Campus: BIN 4303723,DEP,53,1033.9,29.7,50,928.7,26.8
5,185,400,5156442,Port Richmond WPCP Campus: BIN 5156442,DEP,67,687.2,19.9,59,789.9,24
5,215,46,5106681,R-2 Water and Sewer Maintenance Yard,DEP,Not Available,146.6,4.9,Not Available,171.2,6
5,5067,500,5156492,Oakwood Beach WPCP Campus: BIN 5156492,DEP,13,795.9,25.5,25,648.4,19.6
1,472,7501,1075959,CPC Open Door Senior Center,DFTA,Not Available,192.9,5.4,Not Available,167.5,5.1
1,1680,45,1074278,Leonardo Coverio Senior Center,DFTA,Not Available,121.9,5,Not Available,147.1,5.9
3,1212,6,3030302,Fort Greene Grant Square Senior Center (Leased),DFTA,Not Available,309.2,8.1,Not Available,383.7,10.2
3,4140,13,3092631,Cypress Hills Senior Center (Leased),DFTA,Not Available,337.6,8.8,Not Available,257,6.8
3,6642,45,3176314,Council Center for Senior Citizens (Leased),DFTA,13,322.9,8.6,Not Available,385.1,10.3
1,111,150,1083359,Life Family Shelter,DHS,Not Available,172.1,7.1,Not Available,151.6,6.1
1,372,14,1004357,Shelter,DHS,Not Available,352,11.3,Not Available,254.3,9
1,387,49,1004651,George Daly House Residence,DHS,Not Available,147.9,5.3,Not Available,144.2,5.4
1,457,7,1006537,Palace Employment Residence,DHS,Not Available,126.4,3.3,Not Available,104.1,2.8
1,458,4,1079828,Kenton Hotel Shelter,DHS,Not Available,266.1,9,Not Available,226.8,8.1
1,458,11,1006546,Manhattan Bowery Shelter,DHS,Not Available,211.6,5.7,Not Available,415.6,21.9
1,529,15,1008425,SCCW Central Shelter,DHS,Not Available,180.3,5.3,Not Available,160.9,4.9
1,962,97,1087298,Bellevue Men's Shelter,DHS,Not Available,238.9,14.4,Not Available,220.3,10.4
1,1319,11,1037587,New Providence SRO (Single Room Occupancy) Residence,DHS,Not Available,332.5,11.2,Not Available,320.3,10.6
1,1628,24,1051796,Jennie A. Clarke Residence Campus: Jennie A. Clarke Residence,DHS,Not Available,398,16.5,Not Available,460.7,19.3
1,1745,5,1076434,East 119th Street Veterans Residence,DHS,Not Available,221.2,8,Not Available,215.9,8.1
1,1876,20,1056586,Regent Hotel Shelter,DHS,Not Available,168.4,7,Not Available,194.1,8.6
1,2105,1,1076737,Harlem 1 Men's Shelter,DHS,Not Available,159.7,4.1,Not Available,380.2,20.3
1,2138,79,1063381,Fort Washington Armory-Shelter (Project Renewal),DHS,Not Available,188.9,6.6,Not Available,199.9,7.1
2,2353,57,2088140,Emergency Assistance Unit (EAU),DHS,Not Available,0,0,Not Available,317,9
2,2425,20,2102353,Webster Avenue SRO,DHS,Not Available,89.9,3.1,Not Available,78.3,2.8
2,2527,14,2003496,University Avenue Family Residences,DHS,Not Available,139.6,5.7,Not Available,134.1,5.6
2,2567,13,2003811,Jackson Family Residence,DHS,Not Available,82,2.1,Not Available,162.9,6.2
2,2572,6,2091301,Transitional Housing Office,DHS,32,276,8.7,75,166,6.3
2,2587,1,2003989,Willow Avenue Shelter Campus: Willow Avenue Men's Shelter,DHS,Not Available,68.5,1.8,Not Available,63.6,1.7
2,2587,1,2003989,Willow Avenue Shelter Campus: Willow Avenue Men's Shelter,DHS,Not Available,68.5,1.8,Not Available,63.6,1.7
1,387,1,1004627,M064,DOE,62,119.6,4.7,57,113.8,4.5
2,2613,1,2004260,Franklin Women's Shelter,DHS,Not Available,216.1,8.5,Not Available,199.1,7.9
2,2761,43,2006338,Seneca Houses Residence,DHS,Not Available,180.1,7.3,Not Available,221,9.2
2,2865,49,2090448,Mount Eden Avenue SRO (Single Room Occupancy) Residence,DHS,Not Available,223.6,8.1,Not Available,211.3,7.7
2,3007,1,2010906,Freeman Houses Residence,DHS,Not Available,205.9,8.8,Not Available,236,10.3
2,3752,13,2088552,Commonwealth Avenue SRO (Single Room Occupancy) Residence,DHS,Not Available,211.7,7.5,Not Available,222.1,7.9
3,1102,12,3026581,Park Slope Armory Shelter,DHS,Not Available,184,9,Not Available,173,8.9
3,1199,15,3029748,Atlantic Avenue Men's Shelter (Armory),DHS,Not Available,176.1,6.6,Not Available,197.2,8.4
3,1472,1,3319475,East New York Avenue SRO (Single Room Occupancy) Residence,DHS,Not Available,222.3,8.1,Not Available,193.2,6.8
3,1649,1,3045367,Pamoja House Shelter,DHS,Not Available,35.2,1,Not Available,84.6,4.8
3,1967,68,3056327,BRC Women's Shelter,DHS,Not Available,374.3,10.3,Not Available,317.6,8.5
3,2885,1,3338306,Barbara Kleinman Residence Campus: Barbara Kleinman Residence,DHS,Not Available,Not Available,Not Available,Not Available,123.2,3.8
3,3243,44,3073772,Stockholm Street Family Residence,DHS,Not Available,342.2,14,Not Available,367.4,15.3
3,3426,5,3319581,Bushwick Family Residence,DHS,Not Available,424.3,15.6,Not Available,416.2,15.6
3,3583,6,3082035,Fannie Barnes (Urban Transitional Housing),DHS,Not Available,93.5,4.2,Not Available,66.8,3.1
3,3699,1,3083637,HELP Women's Center Shelter,DHS,Not Available,364.3,15.6,Not Available,244.7,10.1
3,3844,1,3085646,Linden Family Residence,DHS,Not Available,415.2,16.1,Not Available,472.4,18.1
3,3871,101,3332519,Flatlands Avenue Residence,DHS,Not Available,470.3,16.7,Not Available,487.5,17.3
3,4077,24,3090429,Rose McCarthy Family Residence Campus: Rose McCarthy Family Residence,DHS,Not Available,69.2,2.6,Not Available,154.8,6.5
3,4077,28,3090430,Rose McCarthy Family Residence Campus: Rose McCarthy Family Residence,DHS,Not Available,69.2,2.6,Not Available,154.8,6.5
3,4258,36,3095610,Samaritan Forbell Residence,DHS,Not Available,516.3,13.4,Not Available,469.6,12.4
3,4833,1,3337083,Kingsboro MICA 8 Shelter,DHS,Not Available,19.2,0.5,Not Available,42.4,1.8
4,68,2,4000526,Borden Avenue Shelter,DHS,Not Available,334.2,11.4,Not Available,374.8,13.4
4,9662,20,4314908,Briarwood Residence,DHS,Not Available,202.1,7.3,Not Available,258,9.8
4,9833,4,4448804,Jamaica Arms Hotel / Family Respite Residence,DHS,Not Available,260.8,10.8,Not Available,279.3,12.5
4,13307,91,4430508,Springfield Family Residence,DHS,Not Available,438.9,16.5,Not Available,449.6,16.6
1,167,1,1088394,"Manhattan House Detention, South Tower",DOC,Not Available,193.4,6.6,Not Available,174.2,5.9
1,198,1,1002364,"Manhattan House Detention, North Tower",DOC,Not Available,196.3,6.8,Not Available,176.8,6
2,2605,40,0,Rikers Island AMKC Campus: Buildings 3&4,DOC,Not Available,344.9,12.7,Not Available,359.2,14.6
2,2605,40,0,Rikers Island AMKC Campus: Hart Island Module / S1,DOC,Not Available,344.9,12.7,Not Available,359.2,14.6
2,2605,40,0,Rikers Island AMKC Campus: Module 1,DOC,Not Available,344.9,12.7,Not Available,359.2,14.6
2,2605,40,0,Rikers Island AMKC Campus: Modules DD/(6),DOC,Not Available,344.9,12.7,Not Available,359.2,14.6
2,2605,40,0,Rikers Island AMKC Campus: Modules OO & PP/ (11&12),DOC,Not Available,344.9,12.7,Not Available,359.2,14.6
2,2605,40,0,Rikers Island AMKC Campus: Modules WW & XX/ (7&8),DOC,Not Available,344.9,12.7,Not Available,359.2,14.6
2,2605,40,0,Rikers Island AMKC Campus: Pantry Buildings 1&2,DOC,Not Available,344.9,12.7,Not Available,359.2,14.6
2,2605,40,0,Rikers Island AMKC Campus: Pantry Buildings 3&4,DOC,Not Available,344.9,12.7,Not Available,359.2,14.6
2,2605,40,0,Rikers Island AMKC Campus: Pantry Buildings 5,DOC,Not Available,344.9,12.7,Not Available,359.2,14.6
2,2605,40,2109476,Rikers Island AMKC Campus: Rikers Island AMKC Campus: AMKC Detention Facility,DOC,Not Available,344.9,12.7,Not Available,359.2,14.6
2,2605,40,0,Rikers Island Bakery,DOC,Not Available,344.9,12.7,Not Available,570.5,28.6
2,2605,40,0,Rikers Island Division 1 Storehouse,DOC,Not Available,344.9,12.7,1,391.5,15.4
2,2605,40,0,Rikers Island EMTC Campus: Locker Room,DOC,Not Available,344.9,12.7,Not Available,391.8,15.5
2,2605,40,2116651,Rikers Island EMTC Campus: Rikers Island EMTC Campus: EMTC Detention Facility,DOC,Not Available,344.9,12.7,Not Available,391.8,15.5
2,2605,40,0,Rikers Island EMTC Campus: Sprung 1 (HIIP),DOC,Not Available,344.9,12.7,Not Available,391.8,15.5
2,2605,40,0,Rikers Island GMDC Campus: East Sprungs & WS,DOC,Not Available,344.9,12.7,Not Available,429,16.5
2,2605,40,2097042,Rikers Island GMDC Campus: Rikers Island GMDC Campus: GMDC Detention Facility,DOC,Not Available,344.9,12.7,Not Available,429,16.5
2,2605,40,0,"Rikers Island GMDC Campus: Rikers Island GMDC Campus: GMDC MODS 4,5,8,9,10,11,12,13",DOC,Not Available,344.9,12.7,Not Available,429,16.5
2,2605,40,0,"Rikers Island GMDC Campus: Rikers Island GMDC Campus: MODS 14,15,16,LL,N,QQ,RR",DOC,Not Available,344.9,12.7,Not Available,429,16.5
2,2605,40,0,Rikers Island GMDC Campus: Rikers Island GMDC Campus: West Sprungs,DOC,Not Available,344.9,12.7,Not Available,429,16.5
2,2605,40,2096863,Rikers Island GRVC Detention Facility,DOC,Not Available,344.9,12.7,Not Available,539.3,19.4
2,2605,40,0,Rikers Island JATC Campus: Rikers Island JATC Campus: JATC Detention Facility,DOC,Not Available,344.9,12.7,Not Available,392.1,15.5
2,2605,40,0,Rikers Island Laundry Facility,DOC,Not Available,344.9,12.7,Not Available,390,15.4
2,2605,40,0,Rikers Island New Central Warehouse,DOC,Not Available,344.9,12.7,1,390.3,15.4
2,2605,40,0,Rikers Island NIC Campus: Rikers Island NIC Campus: North Infirmary Command (NIC),DOC,Not Available,344.9,12.7,Not Available,391.6,15.5
2,2605,40,0,Rikers Island OBCC Campus: Rikers Island OBCC Campus: 300 Bed Annex,DOC,Not Available,344.9,12.7,Not Available,392.6,15.5
2,2605,40,0,Rikers Island OBCC Campus: Rikers Island OBCC Campus: CPSU 500 Bed Annex,DOC,Not Available,344.9,12.7,Not Available,392.6,15.5
2,2605,40,0,Rikers Island OBCC Campus: Rikers Island OBCC Campus: Main Building,DOC,Not Available,344.9,12.7,Not Available,392.6,15.5
2,2605,40,2116652,Rikers Island Powerhouse,DOC,Not Available,344.9,12.7,Not Available,391.5,15.5
2,2605,40,0,Rikers Island RMSC Campus: Rikers Island RMSC Campus: 800 Bed Addition,DOC,Not Available,344.9,12.7,Not Available,480.1,17.8
2,2605,40,0,Rikers Island RMSC Campus: Rikers Island RMSC Campus: Dorms 17-20,DOC,Not Available,344.9,12.7,Not Available,480.1,17.8
2,2605,40,2109477,Rikers Island RMSC Campus: RMSC Detention Facility,DOC,Not Available,344.9,12.7,Not Available,480.1,17.8
2,2605,40,0,"Rikers Island RNDC Campus: Rikers Island RNDC Campus: Mods 2,4,10",DOC,Not Available,344.9,12.7,Not Available,399.5,15.7
2,2605,40,2109479,Rikers Island RNDC Campus: Rikers Island RNDC Campus: RNDC Detention Facility,DOC,Not Available,344.9,12.7,Not Available,399.5,15.7
2,2605,40,0,"Rikers Island RNDC Campus: Rikers Island RNDC Campus: Sprungs, MOD 3",DOC,Not Available,344.9,12.7,Not Available,399.5,15.7
2,2605,40,2000000,Rikers Island Telecom / SOD / COD,DOC,Not Available,344.9,12.7,Not Available,392.4,15.5
2,2605,40,0,Rikers Island Transportation Garage,DOC,Not Available,344.9,12.7,Not Available,391.3,15.5
2,2605,40,0,Rikers Island West Facility Campus: 200 Bed Modules,DOC,Not Available,344.9,12.7,Not Available,2483.6,70.8
2,2605,40,2109475,Rikers Island West Facility Campus: Rikers Island West Facility Campus: WF Detention Facility,DOC,Not Available,344.9,12.7,Not Available,2483.6,70.8
3,175,1,3000605,Brooklyn House of Detention #129,DOC,Not Available,412.3,15.4,Not Available,540.5,20.5
4,9653,1,4458616,BIN 4458616,DOC,Not Available,60,2.8,Not Available,55.2,2.6
4,9653,1,4458617,Queens Detention Complex (BIN 4458617),DOC,Not Available,56.1,2.6,Not Available,52.5,2.4
1,16,40,1087945,M276,DOE,Not Available,Not Available,Not Available,12,242.7,7.7
1,16,215,1084587,M477,DOE,47,201.2,6,39,203.9,6.3
1,16,220,1085459,M089,DOE,34,155.5,4.9,45,158.2,5.3
1,23,13,1000811,M282,DOE,100,24.7,0.6,63,130.1,3.4
1,51,15,1001035,M894,DOE,24,169.8,11.2,23,157.5,7.9
1,52,1,1001037,M833,DOE,16,218.1,11.2,16,201.9,7.8
1,100,7502,1087485,M971 (Leased),DOE,Not Available,Not Available,0,1,394,10.4
1,111,160,1083357,M126,DOE,81,110.8,4.8,94,84.7,3.2
1,113,100,1001388,M520,DOE,8,271.3,13.5,24,225.7,8.4
1,142,1,1001533,M234,DOE,70,134.2,5.2,51,159.1,6.4
1,142,25,1083240,M840,DOE,51,260.9,6.8,71,215.2,5.7
1,236,38,1003086,M130,DOE,66,144.3,4.8,63,147.6,5.3
1,245,7,1003143,M137,DOE,96,85.7,3.2,93,94,3.6
1,259,44,1003214,M446,DOE,97,68.6,2.5,96,74.5,3.1
1,269,41,1003223,M056,DOE,97,79.3,3.4,95,80,3.1
1,273,1,1003248,M002,DOE,88,103.2,4.6,94,88.5,3.4
1,279,40,1003375,M001,DOE,83,116.6,4.3,78,124.6,4.9
1,288,15,1003736,M134,DOE,73,114.2,4.8,90,100.9,3.9
1,289,1,1075787,M124,DOE,68,130.3,5.3,51,138.7,6
1,301,3,1082489,M131,DOE,90,117.5,4.7,82,129.1,5.4
1,309,1,1003998,M042,DOE,68,118.7,4.2,81,124,4.7
1,325,25,1004062,M097,DOE,44,97.3,3.7,76,95.3,3.8
1,331,140,1004066,M110,DOE,97,91.1,3.2,97,90.3,3.7
1,335,1,1004070,M022,DOE,63,130.1,6.1,88,89.9,3.2
1,343,1,1004080,M142,DOE,94,80.5,3.3,85,99.9,4.7
1,344,1,1004091,M140,DOE,85,84.8,3.9,73,99.2,5
1,354,80,1004323,M025,DOE,95,98.9,2.6,86,117.6,4.7
1,355,1,1004325,M020,DOE,97,76.8,3.3,98,74.3,3.1
1,356,100,1004349,M188,DOE,81,88,3.3,80,88.1,3.4
1,394,12,1079053,M061,DOE,54,134.6,5.5,46,144.1,5.9
1,408,30,1005283,"M445 within (M445, M447)",DOE,87,109.2,5.7,83,114.5,5
1,422,72,1005626,M510,DOE,84,116.9,4,83,111.7,4.4
1,431,14,1005760,M063,DOE,77,90.6,3.5,97,66.5,2.4
1,439,17,1005974,M060,DOE,62,139.5,7.6,68,129.8,7.2
1,446,20,1006208,M751,DOE,81,121.4,4.5,71,129.2,5.2
1,453,34,1006478,M019,DOE,91,89.2,3.7,80,109,5.3
1,491,16,1007378,M615,DOE,96,103.7,3.5,96,95.5,3.4
1,577,19,1009713,M883,DOE,17,131.3,3.9,77,122.1,3.8
1,581,54,1086648,M641,DOE,57,127.3,4.6,57,116.6,4.6
1,585,41,1009872,M003,DOE,86,65.6,2.7,59,90.9,4.1
1,606,49,1010543,M041,DOE,98,70.1,1.9,93,87.5,3.8
1,724,23,1012829,M033,DOE,33,165.7,6.3,51,141.1,5.5
1,741,10,1079152,M070,DOE,97,68.6,1.8,81,100.3,5
1,742,7,1013096,M440,DOE,81,118.2,4.7,78,122.7,4.9
1,744,24,1013260,M011,DOE,80,108.2,5.5,65,124.8,6.8
1,767,68,1013858,M451,DOE,26,172.7,5.2,16,177,5.8
1,774,19,1014174,M600,DOE,91,100,5.6,92,97.5,4.3
1,804,1,1015097,M882,DOE,100,72.5,1.9,100,69.2,1.8
1,805,17,1015148,M920,DOE,63,281.4,9.9,71,230.1,7.9
1,824,15,1080668,M873,DOE,58,143.4,3.7,53,139.5,3.7
1,848,7502,1016163,M905,DOE,100,44.1,1.1,100,33.9,0.9
1,855,16,1016745,M874,DOE,84,106.9,2.8,69,119.3,3.2
1,872,57,1017828,M460,DOE,96,100.2,5.6,92,112.8,5.2
1,878,16,1018014,M660,DOE,81,135.4,5.3,77,136.9,5.6
1,889,1,1018491,M620,DOE,39,196.6,9,43,177.3,6.7
1,904,24,1019775,M047,DOE,51,156.6,7,49,149.9,5.7
1,913,7,1020080,M116,DOE,91,102.2,4.8,90,103.9,5
1,921,64,1020416,M661,DOE,79,182,8.5,89,158.9,5.9
1,922,8,1020419,M475,DOE,86,109.3,5.7,71,125.3,5.5
1,925,12,1020513,M040,DOE,74,104.9,5.1,67,113.1,4.7
1,926,1,1081671,M104,DOE,84,78.2,3.4,97,75,2.9
1,955,1,1022052,M844,DOE,60,156.8,6.5,76,131.1,4.8
1,967,2,1089385,M281,DOE,Not Available,Not Available,Not Available,21,193.9,6.4
1,996,21,1022615,M896,DOE,98,91.6,2.6,86,135.3,4.5
1,998,41,1069583,M486,DOE,34,216.5,8.4,36,199.6,7.1
1,1029,43,1024906,M832 (closed),DOE,Not Available,Not Available,4.8,Not Available,Not Available,0
1,1038,14,1025092,M017,DOE,93,90.1,3.4,91,95.1,3.7
1,1043,22,1025241,M058,DOE,97,115.7,5,93,130.9,4.8
1,1059,15,1026646,M625,DOE,100,80.6,3.6,100,81.1,3.7
1,1062,3,1026740,M111,DOE,60,110.7,5.8,71,100.2,3.9
1,1065,1,1026841,M834,DOE,43,164.9,5,54,138.3,4.6
1,1073,1,1083785,M051,DOE,93,111.9,4.2,100,17.3,0.6
1,1073,14,1089418,M338,DOE,Not Available,Not Available,Not Available,26,182,5.3
1,1079,29,1083802,M535,DOE,48,143.7,6.8,90,121.5,5.7
1,1148,14,1030178,M044,DOE,69,78.2,3.5,87,89.5,4.6
1,1149,7,1030196,M087,DOE,89,83,4.2,91,79,4.1
1,1152,29,1030320,M191,DOE,88,99.4,4.7,84,106.3,5.5
1,1154,108,1030328,M837 (Leased),DOE,43,222.8,6.9,55,190.9,5.8
1,1156,30,1030341,M485,DOE,73,155.2,7.2,77,139,5.3
1,1157,25,1030343,M490,DOE,46,194.3,7.8,56,167.8,5.8
1,1158,40,1030351,M199,DOE,86,95.2,4.7,72,113.6,4.7
1,1205,6,1081042,M084,DOE,66,102.2,5,82,85.5,4.4
1,1214,29,1032119,M009,DOE,93,88.6,4.2,92,93.9,5.1
1,1215,1,1032128,M470,DOE,74,139.3,5.3,82,117.8,5.2
1,1219,47,1032308,M166,DOE,55,127.5,11.6,53,129,11.8
1,1223,5,1032522,M118,DOE,73,125.8,6.7,68,131.9,7.3
1,1230,1,1032754,M841,DOE,6,171,7.4,43,180.6,8.1
1,1253,65,1034190,M075,DOE,70,122.9,6.1,72,119.1,6.2
1,1330,13,1038593,M488,DOE,Not Available,Not Available,Not Available,37,197.3,6
1,1330,13,1038593,M630 (closed),DOE,93,84.1,4.3,Not Available,Not Available,0
1,1373,1,1084848,M271,DOE,8,230.2,6.1,14,207.5,5.6
1,1418,7,1087680,M267,DOE,6,292,11.2,11,268.1,9.7
1,1430,5,1044058,M167,DOE,70,81.7,4,95,68,3.3
1,1442,1,1083343,M480,DOE,94,108.2,5.9,97,91.8,4.1
1,1461,7,1045569,"M183 within (M183, M390)",DOE,87,108,4.7,84,112.2,5.1
1,1471,5,1045949,M855,DOE,25,226.4,6.4,37,188.5,5.6
1,1489,1,1046411,M158,DOE,97,104.9,3.7,96,108,4.1
1,1493,21,1046668,M006,DOE,56,137.6,6.8,82,108.5,4.3
1,1516,7502,1048043,M169,DOE,9,262.5,6.8,20,262.3,6.9
1,1524,23,1048492,M198,DOE,76,118,5.9,94,82.5,4.1
1,1545,5,1049876,M190,DOE,96,104.8,3.8,97,102,3.8
1,1554,15,1050217,M816,DOE,100,29.8,0.8,90,94.9,5.6
1,1554,23,1087665,M114,DOE,61,184.7,5,14,267.1,8.2
1,1558,34,1050338,M646,DOE,43,170,6.1,56,143.9,5.4
1,1568,8,1050618,M066,DOE,79,114.9,3.9,88,98.4,3.6
1,1595,15,1051410,"M185 within (M185, M208)",DOE,97,53.1,2.3,78,102.3,5
1,1595,15,1051410,"M208 within (M185, M208)",DOE,97,53.1,2.3,78,102.3,5
1,1601,1,1051434,"M149 within (M149, M207)",DOE,31,142.8,6.4,27,147.2,6.5
1,1601,1,1051434,"M207 within (M149, M207)",DOE,31,142.8,6.4,27,147.2,6.5
1,1609,7,1051497,M171,DOE,70,110.8,4.3,70,110.8,4.6
1,1612,50,1051515,M013,DOE,84,96.2,4.8,80,101.1,5
1,1614,21,1051584,M108,DOE,60,76.1,3.6,82,89.1,4.9
1,1632,11,1081340,M072,DOE,74,113.8,4.5,83,100.5,4.4
1,1634,65,1052058,M895,DOE,30,114,3,85,114.4,3
1,1639,3,1081346,M101,DOE,40,109.6,5.6,65,122,6.1
1,1640,139,1083184,M057,DOE,14,168.4,7,71,134.5,4.9
1,1652,16,1052384,M121,DOE,85,111,4.1,74,129.8,4.8
1,1654,33,1075643,M495,DOE,84,100.5,4.5,96,78.3,3.1
1,1656,100,1052433,M117,DOE,70,131.1,6.6,66,130.2,6.9
1,1659,12,1052436,M083,DOE,56,122.6,6,62,114.9,6.1
1,1668,1,1083927,M645,DOE,89,76.4,3.2,79,84.9,4.2
1,1684,101,1081366,M102,DOE,53,121.1,6.7,41,134.5,7.9
1,1689,5,1052986,M155,DOE,76,105.9,5.5,75,107.2,6
1,1693,1,1052998,M099,DOE,77,123,4.7,69,132.4,5.3
1,1694,1,1083933,M050,DOE,49,135.9,5,75,105,3.1
1,1700,1,1052999,M146,DOE,62,105.4,4.9,54,113.7,5.5
1,1713,1,1053152,M435,DOE,94,85.5,3.5,91,91.7,3.8
1,1733,17,1076433,M197,DOE,70,91.5,3.2,92,87.8,3.2
1,1747,1,1053968,M079,DOE,83,97,4.3,87,93.7,4.5
1,1752,22,1054156,M501,DOE,87,109.4,5.1,82,109.7,5
1,1752,59,1054159,M911,DOE,67,119.3,5.2,52,129.1,6.2
1,1755,1,1054276,M133,DOE,70,120.9,6.3,61,133.2,7.6
1,1768,21,1083501,M007,DOE,45,147.9,7.7,49,142.7,7.3
1,1776,20,1054502,M030,DOE,55,123.1,4.3,68,118.7,4.2
1,1784,12,1074333,M096,DOE,76,104.9,4.3,80,98.6,4.8
1,1797,100,1054786,M045,DOE,70,96.8,3.3,97,101.6,3.8
1,1816,1,1084005,"M112 within (M112, M206)",DOE,71,108.5,4.6,84,90.8,3.8
1,1816,1,1084005,"M206 within (M112, M206)",DOE,71,108.5,4.6,84,90.8,3.8
1,1828,15,1055111,M113,DOE,29,141.2,7.3,51,141.2,7.2
1,1830,19,1055204,M088,DOE,53,158.2,6.4,38,169.1,7
1,1850,2,1055890,M036,DOE,41,170.8,8.5,63,124,4.7
1,1852,99,1055908,"M163 within (M163, M919)",DOE,82,106.8,5.1,80,110,5.1
1,1855,9,1055911,M506,DOE,45,186.5,5.8,51,165,5.2
1,1859,1,1076625,M145,DOE,65,124.2,5.9,82,101,4.7
1,1862,11,1055990,M054,DOE,82,99.2,4.7,83,96.5,4.9
1,1880,13,1056676,M165,DOE,15,97.5,3.6,80,89.2,3.6
1,1906,11,1057683,M144,DOE,78,122.5,5.7,84,112.2,5.9
1,1919,6,1058248,M175,DOE,68,119.1,5.8,49,146.1,8.3
1,1925,19,1058447,M081,DOE,70,106,5.7,70,106,5.7
1,1926,17,1058470,M076,DOE,65,137.3,6.2,85,107.6,4
1,1931,27,1058660,M853,DOE,28,214,5.5,24,224,5.9
1,1932,10,1058671,M154,DOE,74,107.4,4.6,82,104.8,4.9
1,1939,11,1058808,M092,DOE,83,91.1,4.4,87,84.5,3.9
1,1940,35,1058843,M970,DOE,17,220.8,6.7,6,225.7,7.3
1,1946,1,1059111,M180,DOE,41,122.9,4.2,66,127.9,4.9
1,1957,10,1059407,M129,DOE,72,102.3,5.3,54,114.3,6.6
1,1957,78,1059409,M540,DOE,66,133.1,4.9,53,147.4,6.1
1,1960,1,1059460,M136,DOE,72,96.8,3.7,70,100.6,4.3
1,1964,12,1059526,M125,DOE,59,143.5,7.6,55,149,8.1
1,1967,24,1084102,M916,DOE,Not Available,Not Available,Not Available,61,139,5.3
1,1970,16,1084067,M223,DOE,88,136.6,6.2,77,158.7,8
1,1971,1,1059645,M161,DOE,87,102.9,4.1,82,112.4,5.4
1,1984,33,1059723,M043,DOE,44,119.1,4.7,85,108.6,4.8
1,1988,166,1084132,"M192 within (M192, M848)",DOE,85,101.8,4.9,90,91.7,3.7
1,1988,166,1084132,"M848 within (M192, M848)",DOE,85,101.8,4.9,90,91.7,3.7
1,2001,5,1059942,M195,DOE,73,125.6,5.2,73,125.8,5.2
1,2016,100,1060198,"M010 within (M010, M200)",DOE,83,86.2,4,78,96.8,4.9
1,2016,100,1060198,"M200 within (M010, M200)",DOE,83,86.2,4,78,96.8,4.9
1,2029,11,1060432,M194,DOE,45,140.8,6.7,60,124.4,4.9
1,2042,35,1060726,M123,DOE,62,89.2,4,82,94.6,4.5
1,2078,19,1081834,M153,DOE,67,114.1,4.1,88,85.6,3.2
1,2084,29,1087824,M093,DOE,7,225.7,6.3,2,264.5,7.8
1,2106,50,1082090,"M046 within (M046, M846)",DOE,87,52.2,1.5,89,47.9,1.4
1,2107,26,1076739,M028,DOE,63,124.2,5.8,69,116.8,5.2
1,2111,24,1062636,M164,DOE,39,146.8,5.9,41,145.8,6
1,2112,1,1081842,M008,DOE,51,148.2,4.6,44,155.8,5
1,2112,58,1076741,M090,DOE,58,137.9,4.5,62,131.6,4.2
1,2116,33,1076742,M814,DOE,Not Available,Not Available,Not Available,14,228.6,7.3
1,2118,22,1062792,M004,DOE,43,176.4,5.5,39,180.9,6.5
1,2123,45,1085733,M876,DOE,2,299.3,8.5,7,253.5,7.4
1,2125,1,1062994,M128,DOE,56,129.4,6.1,33,137.7,7.7
1,2133,40,1063228,M115,DOE,62,107.5,4.3,37,123,5
1,2142,154,1063503,M173,DOE,45,127.3,5.2,50,123,5.4
1,2150,30,1084201,"M005 within (M005, M921)",DOE,36,155.8,4.9,35,156,5.3
1,2155,35,1063703,M143,DOE,93,87.7,3.5,82,100.5,4.8
1,2159,51,1076750,M189,DOE,60,113.8,4.5,1,281.6,13.5
1,2160,18,1076751,"M465 within (M465, M466, M965)",DOE,65,161.7,8.5,70,146.5,8
1,2160,18,1076751,"M466 within (M465, M466, M965)",DOE,65,161.7,8.5,70,146.5,8
1,2160,18,1076751,"M965 within (M465, M466, M965)",DOE,65,161.7,8.5,70,146.5,8
1,2164,32,1063928,M528,DOE,66,206.1,7,74,189.4,7.1
1,2165,26,1063947,M132,DOE,87,86.1,3.3,71,108,4.7
1,2165,69,1063959,M233,DOE,91,83.2,3.4,86,99.9,4.6
1,2167,29,1076752,"M048 within (M048, M902)",DOE,36,158.7,4.8,28,169.6,5.4
1,2171,36,1064128,M178,DOE,74,110.4,3.5,58,128.3,4.5
1,2172,16,1076756,M218,DOE,84,107,4.5,80,110.1,5.1
1,2173,1,1064149,"M152 within (M152, M847)",DOE,39,134.8,6,18,168.8,8.9
1,2173,1,1064149,"M847 within (M152, M847)",DOE,39,134.8,6,18,168.8,8.9
1,2179,365,1064371,M187,DOE,26,114.3,4.7,50,118.3,5.1
1,2215,824,1082045,"M884 within (M898, M884)",DOE,95,143.6,4.3,93,146.7,4.5
1,2215,824,1082045,"M898 within (M898, M884)",DOE,95,143.6,4.3,93,146.7,4.5
1,2215,831,1064704,M918,DOE,88,92.5,2.8,86,94.7,3.2
1,2226,41,1081910,M263,DOE,Not Available,Not Available,Not Available,7,242.8,7.2
1,2229,12,1064871,"M098 within (M098, M845)",DOE,35,120.3,9.9,35,121.9,10.3
1,2233,20,1076776,M052,DOE,62,115.7,5.6,44,137.2,7.2
1,2234,7,1064900,M176,DOE,78,136.4,4.4,78,135.4,4.8
1,99999,9999,1000000,M835,DOE,98,103.3,2.7,Not Available,Not Available,Not Available
2,2215,80,1064532,"X475 within (X475, X476, X960)",DOE,82,117.1,5.5,95,112,5.4
2,2267,15,2000077,X030,DOE,49,120.5,6,85,107.4,5.7
2,2274,23,2000114,X027,DOE,42,119.5,5,65,101.6,4.3
2,2280,40,2000205,X043,DOE,84,91.2,4.3,85,92,4.8
2,2284,34,2000308,X040,DOE,85,98.2,4.4,84,98.1,4.1
2,2286,36,2000391,X139,DOE,43,122.9,6,91,103.4,4.9
2,2298,1,2097030,X154,DOE,74,96.7,4.5,65,109.7,5.6
2,2302,40,2000626,X049,DOE,57,95.8,4.6,76,91.8,4.8
2,2306,54,2097038,X149,DOE,87,97.4,4.1,62,122.2,5.9
2,2324,8,2000816,X018,DOE,92,77.5,5.5,99,58.8,4
2,2329,75,2000876,X807,DOE,7,304.5,9.2,8,296.8,9.8
2,2333,70,2000957,X183,DOE,52,115.1,4.8,76,109.8,4.4
2,2344,96,2001027,X884,DOE,67,123.6,3.8,56,148,4.9
2,2359,100,2115801,X963,DOE,11,251.3,6.5,3,247.7,6.5
2,2359,240,2001153,"X470 within (X470, X920)",DOE,23,130.3,4.7,36,169.5,7.1
2,2390,1,2001619,X132,DOE,50,107.7,5.3,79,93.4,4.7
2,2403,1,2001736,X029,DOE,78,104.4,5,83,102.6,5.4
2,2411,22,2001874,X600,DOE,79,108.3,6,84,114.3,6.5
2,2411,119,2001881,X001,DOE,93,70.9,3.5,90,83.9,4.5
2,2424,1,2097111,X145,DOE,47,101.9,4.9,85,99.6,5.4
2,2435,75,2002299,"X053 within (X053, X851, X874)",DOE,58,122.9,5.8,78,122.8,6.2
2,2435,75,2002299,"X851 within (X053, X851, X874)",DOE,58,122.9,5.8,78,122.8,6.2
2,2435,75,2002299,"X874 within (X053, X851, X874)",DOE,58,122.9,5.8,78,122.8,6.2
2,2438,50,2002410,X022,DOE,53,106.2,5.3,35,125.2,6.6
2,2443,78,2103486,X790,DOE,Not Available,Not Available,2.9,6,280.9,8.1
2,2443,79,2002454,"X156 within (X151, X156)",DOE,38,158.6,4.1,34,164.6,4.3
2,2443,190,2001036,X031 (closed),DOE,100,10.7,0.3,Not Available,Not Available,0
2,2443,190,2001036,"X151 within (X151, X156)",DOE,38,158.6,4.1,34,164.6,4.3
2,2445,6,2109459,X460,DOE,23,177.5,5.3,13,199.6,6.4
2,2446,43,2101573,X035,DOE,92,103.4,3.5,99,99.9,3.7
2,2446,43,2002497,X166,DOE,87,103.5,4.4,85,102.8,4.9
2,2456,100,2002745,"X090 within (X090, X890)",DOE,82,77.8,4.3,59,131.5,6.7
2,2456,100,2002745,"X890 within (X090, X890)",DOE,82,77.8,4.3,59,131.5,6.7
2,2480,8,2097130,X235,DOE,35,168.7,5.4,32,171.8,6.1
2,2495,100,2003022,X114,DOE,29,125.8,6.5,82,120.8,6.3
2,2504,82,2003051,"X073 within (X073, X873)",DOE,19,204.5,11.5,43,167.8,9.6
2,2526,83,2003495,X126,DOE,13,129.1,6.6,57,125.4,6.9
2,2527,58,2117349,X285,DOE,Not Available,Not Available,Not Available,4,284.5,9.3
2,2529,81,2003519,X011,DOE,41,120.5,4.5,66,95.8,3.8
2,2535,10,2116205,X172,DOE,21,178.6,5.3,35,165.9,5.3
2,2552,70,2003646,X855,DOE,9,204.2,5.3,23,182.9,4.8
2,2571,1,2003834,X065,DOE,39,128.6,6.1,52,116.3,5.6
2,2576,26,2003883,X655,DOE,48,145.5,6.4,65,135.9,5.1
2,2578,27,2003910,X155,DOE,75,105.6,5.2,87,98.8,5.6
2,2615,14,2004302,"X063 within (X063, X862)",DOE,41,146.5,5.5,19,182.2,7.2
2,2616,1,2004314,X162,DOE,73,78.6,3.8,95,80.2,4.2
2,2625,1,2004464,X157,DOE,77,106.2,5.3,92,79.2,2.9
2,2627,9,2004469,"X140 within (X140, X840)",DOE,56,110.9,5.7,90,75.5,2.9
2,2627,9,2004469,"X840 within (X140, X840)",DOE,56,110.9,5.7,90,75.5,2.9
2,2631,48,2004496,X120,DOE,79,92.4,5.2,79,105.1,6.1
2,2632,27,2004498,X146,DOE,76,102.4,4.6,76,104.9,4.8
2,2634,1,2004526,"X400 within (X400, X961)",DOE,56,158.4,5.7,68,135.8,5.3
2,2642,1,2004548,X005,DOE,82,128.2,6.2,96,104.8,5.4
2,2655,30,2004690,X184,DOE,86,109.2,4.8,89,91.7,3.7
2,2664,1,2004772,X025,DOE,85,88.2,3.4,84,98.6,4.1
2,2664,29,2004773,X161,DOE,70,95.6,4.3,57,114.6,5.7
2,2668,1,2004807,"X650 within (X650, X962)",DOE,80,123,4.4,66,140.5,5.4
2,2671,11,2004868,X158,DOE,78,123.8,5.5,77,118.2,5
2,2672,1,2004869,X198,DOE,72,129.1,5.9,87,103.3,4.4
2,2683,65,2005089,X062,DOE,47,140.2,8.1,56,130.2,7.5
2,2686,20,2005133,X052,DOE,34,169.9,9.1,36,162.1,9.5
2,2688,1,2005168,X130,DOE,43,107,5.6,61,132.5,7.9
2,2692,14,2005276,X099,DOE,59,125.4,5.2,73,118.1,5.2
2,2696,85,2005348,X060,DOE,79,65.2,3.3,84,73.8,3.8
2,2698,12,2005366,X401,DOE,88,95.5,5.1,95,77.2,3
2,2710,1,2005616,X039,DOE,44,99.9,4.1,90,93.9,4.4
2,2714,4,2005660,X116,DOE,21,148.8,5.1,66,122.2,3.7
2,2717,5,2005681,X150,DOE,77,90,4,76,92.1,4.8
2,2723,33,2116211,X392,DOE,13,241.2,6.8,9,232.8,6.6
2,2747,1,2006079,X075,DOE,44,87.7,3.3,69,91.2,3.8
2,2763,279,2006566,X074,DOE,49,92,2.5,60,136.6,5.8
2,2766,1,2006680,X048,DOE,13,119,6.3,42,117.8,6.2
2,2793,28,2007387,"X070 within (X070, X870)",DOE,8,120.6,6.3,37,113.2,5.2
2,2793,28,2007387,"X870 within (X070, X870)",DOE,8,120.6,6.3,37,113.2,5.2
2,2804,31,2007603,"X028 within (X028, X928)",DOE,33,115.8,5.5,81,92.3,4.8
2,2817,2,2007806,"X410 within (X410, X411)",DOE,85,104.5,5,89,109.9,4.1
2,2827,1,2007902,"X117 within (X117, X957)",DOE,32,133.9,7,55,139.8,7.4
2,2830,17,2094535,X088,DOE,54,126.3,6.4,74,104.4,5.7
2,2843,40,2008098,"X064 within (X064, X924)",DOE,14,129.7,6.1,63,123.6,5.8
2,2847,41,2103870,X170,DOE,30,155.3,4.8,71,145.7,4.6
2,2851,21,2098479,X173,DOE,21,193.6,6,55,168.8,5.4
2,2862,14,2098721,X306,DOE,17,167.4,6.1,48,150.9,6.1
2,2866,70,2008460,X082,DOE,32,159.7,7.8,80,134.9,6.7
2,3182,4,2088408,X896,DOE,82,94.4,2.6,96,80.9,2.2
2,2866,105,2008470,X338,DOE,Not Available,Not Available,2.1,71,137.8,3.8
2,2873,27,2088263,X104,DOE,62,101.1,3.9,79,95.8,3.9
2,2876,8,2008794,X824,DOE,45,77.8,2.1,83,108.1,4.8
2,2877,393,2094549,"X109 within (X109, X899)",DOE,15,128.5,6.9,63,115.6,6
2,2877,393,2094549,"X899 within (X109, X899)",DOE,15,128.5,6.9,63,115.6,6
2,2882,130,2009253,X229,DOE,27,180.3,6,29,171.9,6.3
2,2897,5,2009400,X147,DOE,87,102.3,4.4,93,90.2,3.7
2,2898,1,2094564,X876,DOE,47,189.6,5.5,46,171.2,5.2
2,2902,1,2009463,X055,DOE,26,138.8,5.9,51,134.6,5.5
2,2903,23,2009466,X042,DOE,72,80.7,2.8,93,77.2,3
2,2909,32,2009540,X058,DOE,72,107.8,5,88,102.9,5.3
2,2913,1,2009555,X970,DOE,22,213.4,6,19,207.8,6.1
2,2923,18,2815559,X465,DOE,Not Available,Not Available,3.3,2,288.3,8.8
2,2925,1,2009611,X148,DOE,62,91.7,3.9,89,105.2,5.1
2,2925,56,2009617,X002,DOE,74,85.8,4.3,89,103.4,5.9
2,2930,1,2009659,X004,DOE,77,114.6,4.5,77,120.8,4.9
2,2930,75,2100071,X171,DOE,18,200.6,6.9,39,185.9,6.5
2,2932,1,2009718,X110,DOE,83,87.1,3.9,89,80.6,4.2
2,2939,45,2009865,X061,DOE,31,126.1,5.2,71,111.4,4.7
2,2939,93,2009867,X098,DOE,29,105.2,4.5,82,114.3,4.9
2,2949,64,2009957,X044,DOE,28,115.3,4.6,75,114.9,5
2,2951,32,2094582,X193,DOE,61,106,4.4,81,108,4.8
2,2965,82,2010273,"X134 within (X134, X834)",DOE,46,120.2,5.3,52,128.3,5.7
2,2965,82,2010273,"X834 within (X134, X834)",DOE,46,120.2,5.3,52,128.3,5.7
2,2969,1,2010344,X136,DOE,83,88.4,4.1,82,89.5,4.3
2,2983,15,2010604,X973,DOE,1,275.3,7.8,12,217.8,6.4
2,2990,6,2010671,X817,DOE,68,129.9,3.4,91,144.7,3.8
2,2996,10,2010786,X050,DOE,57,119.3,5,58,118.8,6.1
2,3005,10,2010892,"X006 within (X006, X936)",DOE,52,113.8,4.2,76,105.7,4.2
2,3007,8,2010910,X084,DOE,87,98.3,4.3,88,91.3,4.1
2,3008,1,2010916,X066,DOE,68,100.8,3.7,75,93.7,3.8
2,3013,1,2010945,X878,DOE,46,181.2,5.8,73,177.4,5.9
2,3021,38,2094603,X167,DOE,71,109.5,4.9,83,94.2,4.2
2,3024,21,2011054,"X085 within (X085, X885)",DOE,59,113.6,4.6,68,108.1,4.7
2,3024,21,2011054,"X885 within (X085, X885)",DOE,59,113.6,4.6,68,108.1,4.7
2,3033,7501,2116415,X283,DOE,93,148.1,4.1,95,144.7,4.1
2,3037,79,2090472,X023,DOE,42,154.3,5.6,38,158.8,6.2
2,3049,37,2011538,X059,DOE,57,90.4,3.8,86,93.4,3.9
2,3058,0,2103863,X254,DOE,36,183.4,5.5,46,166.5,5.1
2,3059,1,2011810,X435,DOE,89,112.9,7.7,97,128.7,7
2,3061,55,2011844,X211,DOE,86,124.1,4.9,78,141.1,6
2,3062,6,2011852,X853,DOE,20,212.2,5.5,54,179.2,4.7
2,3062,43,2099356,X003,DOE,56,159.5,5.2,48,159.7,5.5
2,3067,1,2011937,X045,DOE,73,105.1,4,77,101.1,4.1
2,3069,1,2011995,"X118 within (X118, X932)",DOE,51,125.1,4.9,93,137.5,5.6
2,3069,1,2011995,"X932 within (X118, X932)",DOE,51,125.1,4.9,93,137.5,5.6
2,3081,26,2012359,X057,DOE,28,149.3,6,46,127.1,5.4
2,3085,1,2012409,"X032 within (X032, X832)",DOE,26,159.2,7.9,56,128.5,4.9
2,3092,14,2012620,X092,DOE,60,105.5,4.1,71,108.7,4.6
2,3100,14,2098380,X034,DOE,75,112.5,3.6,77,101.7,3.5
2,3104,7,2012887,X660,DOE,82,96.1,5,91,105.4,5.9
2,3109,1,2012957,"X129 within (X129, X234, X941)",DOE,11,143.7,6.2,22,123.6,6.2
2,3109,1,2012957,"X234 within (X129, X234, X941)",DOE,11,143.7,6.2,22,123.6,6.2
2,3114,52,2013047,X864,DOE,35,181.5,4.7,55,170.9,4.5
2,3115,21,2086808,X205,DOE,23,129.6,6.3,93,99.5,4.8
2,3123,3,2013142,"X067 within (X067, X967)",DOE,51,108.6,5.3,76,110.1,5.6
2,3142,48,2013297,"X163 within (X163, X933)",DOE,13,249.7,10.2,40,241,9.6
2,3143,43,2013307,X137,DOE,68,143.1,5.3,66,140.1,5
2,3146,72,2103868,X209,DOE,57,171,5.6,61,163.4,5.5
2,3150,10,2013561,"X009 within (X009, X930)",DOE,47,91,4.7,72,118.9,6.4
2,3150,10,2013561,"X930 within (X009, X930)",DOE,47,91,4.7,72,118.9,6.4
2,3168,27,2013830,X843,DOE,68,114.8,4.5,85,110.9,4.3
2,3170,1,2013849,X079,DOE,48,130.7,5.3,46,131.5,5.5
2,3172,46,2013899,X115,DOE,1,186.3,9.8,31,155,5.6
2,3178,14,2103867,X279,DOE,68,125.8,4.6,55,176.1,6
2,3186,49,2014062,X859,DOE,81,99,2.9,96,95.4,2.9
2,3188,8,2014098,X939,DOE,70,109.7,4.4,76,117.6,4.7
2,3188,20,2014099,X033,DOE,32,132.2,7.3,88,102.9,5.6
2,3208,1,2014505,"X091 within (X091, X891)",DOE,53,104,5.3,77,106.2,5.6
2,3209,1,2086823,X206,DOE,77,129.3,5.5,80,149.3,7.1
2,3216,2,2014692,X026,DOE,76,124.5,6.4,88,105.1,5
2,3222,100,2096465,X826,DOE,93,58.7,2.2,88,174,6.5
2,3222,100,2096465,X827,DOE,62,73.7,2.2,54,79.3,2.6
2,3224,9,2096013,X015,DOE,6,242.7,7.9,2,275.5,10.2
2,3239,41,2096486,"X122 within (X122, X822)",DOE,69,53.9,2.5,56,97.5,3.9
2,3239,41,2096486,"X822 within (X122, X822)",DOE,69,53.9,2.5,56,97.5,3.9
2,3246,2,2015222,X905,DOE,1,288.2,8.2,1,264.4,7.6
2,3247,15,2101862,X340,DOE,27,210.9,6.3,56,169.6,5.2
2,3247,70,2100971,"X086 within (X086, X868)",DOE,94,60.7,2.3,86,107.8,4.6
2,3247,70,2015241,X430,DOE,27,155.3,5.9,97,104,3.9
2,3247,70,2100971,"X868 within (X086, X868)",DOE,94,60.7,2.3,86,107.8,4.6
2,3248,62,2115783,X886,DOE,7,464.1,15.8,5,422.7,15.1
2,3251,201,2095215,X440,DOE,78,118.7,7.1,95,108.1,6.5
2,3251,201,2094706,X445,DOE,79,100.5,4.7,87,111.6,5.3
2,3252,182,2015472,X095,DOE,76,128.5,6.3,39,143.3,6.2
2,3253,141,2015547,X143,DOE,73,96.4,4.9,76,104.4,5.6
2,3253,341,2103864,X360,DOE,51,179.3,5.9,47,185.5,6.2
2,3278,14,2113630,X054,DOE,35,160.5,5.3,47,163.2,5.7
2,3295,1,2094729,"X046 within (X046, X846)",DOE,63,140.5,5.9,81,128.4,5.2
2,3295,1,2094729,"X846 within (X046, X846)",DOE,63,140.5,5.9,81,128.4,5.2
2,3299,60,2094734,"X008 within (X008, X808)",DOE,51,116.4,5.4,82,117.9,5.7
2,3299,60,2094734,"X808 within (X008, X808)",DOE,51,116.4,5.4,82,117.9,5.7
2,3323,36,2017669,X825 (closed),DOE,72,134.3,4.4,Not Available,Not Available,0
2,3329,124,2017858,X852,DOE,15,213.6,6.2,22,217.5,6.6
2,3330,1,2086851,"X020 within (X020, X931)",DOE,4,241.8,8.2,5,235.2,8.5
2,3330,1,2086851,"X931 within (X020, X931)",DOE,4,241.8,8.2,5,235.2,8.5
2,3336,35,2018046,"X080 within (X080, X910)",DOE,52,148.8,7.2,66,140.9,6.4
2,3351,1,2018457,"X056 within (X056, X865)",DOE,44,160.2,5.8,97,99.5,4.2
2,3351,1,2018457,"X865 within (X056, X865)",DOE,44,160.2,5.8,97,99.5,4.2
2,3353,40,2098420,X177,DOE,Not Available,Not Available,Not Available,Not Available,Not Available,5.3
2,3356,36,2018628,X094,DOE,48,98,3.7,65,102.9,4.2
2,3356,36,2115241,X361,DOE,Not Available,Not Available,Not Available,6,258.9,8.8
2,3386,1,2019463,X019,DOE,84,115.3,4.2,84,126.7,5.4
