,street_1,street_2,curb_cut,slope_inch,ramp_width,lip_bump_measurement_in_inches,object_barriers,barriers_above,crumbling_concrete,center_cut,detectable_warnings,no_curb_cut,led_to_pot_hole
0,Broadway,14th ,NW1,1,59.0,0.5,NO,NO,,,,,
1,Broadway,14th ,NW2,1.5,58.0,0.5,NO,NO,,,,,
2,Broadway,14th ,NE1,2.3,44.0,NO,NO,NO,YES,,,,
3,Broadway,14th ,NE2,2,45.0,NO,NO,NO,,,,,
4,Broadway,14th ,SW1,1,104.0,4.5,NO,DRAINAGE,,YES,,,
5,Broadway,14th ,SW2,CENTER CUT,,,,,,,,,
6,Broadway,14th ,SE1,2.2,58.0,0.5,NO,NO,YES,,,,
7,Broadway,14th ,SE2,2,97.0,,NO,NO,YES,,,,
8,Broadway,15th ,NW1,1,60.0,1,BROKEN CONCRETE,NO,YES,,YES,,
9,Broadway,15th ,NW2,,,,,,,,,,
10,Broadway,15th ,NE1,NO CURB CUT,,,,,YES,,YES,,
11,Broadway,15th ,NE2,NO CURB CUT,,,,NO,,,,,
12,Broadway,15th ,SW1,1,60.0,0.5,,,,,YES,,
13,Broadway,15th ,SW2,,,,,NO,,,,,
14,Broadway,15th ,SE1,1,53.0,0.5,,NO,YES,,YES,,
15,Broadway,15th ,SE2,2,57.0,0.5,UNEVEN CURB CUT ,NO,YES,,YES,,
16,Broadway,16th ,NW1,2,72.0,0,NO,NO,,,TARNISHED,,
17,Broadway,16th ,NW2,,,,,,,,,,
18,Broadway,16th ,NE1,1,50.0,0.5,NO,NO,,,YES ,,
19,Broadway,16th ,NE2,0.5,55.0,0,NO,NO,,,YES ,,
20,Broadway,16th ,SW1,2.5,71.0,0.5,NO,NO,,,TARNISED ,,
21,Broadway,16th ,SW2,,,,,,,,,,
22,Broadway,16th ,SE1,3.5,43.0,0.5,NO,NO,,,YES,,
23,Broadway,16th ,SE2,4.5,35.0,0.5,NO,NO,,,YES,,
24,Broadway,17th ,NW1,1.5,56.5,1.5,,,Y,,,,
25,Broadway,17th ,NW2,2.1,74.5,,,,,,,,
26,Broadway,17th ,NE1,2.1,48.0,,,,Y,,,,
27,Broadway,17th ,NE2,2.1,47.5,,,,,,,,
28,Broadway,17th ,SW1,1.8,69.5,0.5,,,,,NO,,
29,Broadway,17th ,SW2,1.7,55.0,0.5,,,,,,,
30,Broadway,17th ,SE1,2.7,72.0,,,,,,YES,,
31,Broadway,17th ,SE2,2.7,72.0,,,,,,YES,,
32,Broadway,18th ,NW1,,61.0,1,,,,,,,
33,Broadway,18th ,NW2,,,,,,,,,Yes,
34,Broadway,18th ,NE1,,,,,,,,,Yes,
35,Broadway,18th ,NE2,3.1,83.0,2,,,,,,,
36,Broadway,18th ,SW1,4,59.0,,,,,,,,
37,Broadway,18th ,SW2,4,59.0,,,,,,,,
38,Broadway,18th ,SE1,2.5,57.0,,,,,,,,
39,Broadway,18th ,SE2,2.5,57.0,,,,,,NO,,
40,Broadway,19th ,NW1,,,,POLE,,,,,YES,
41,Broadway,19th ,NW2,,,,POLE,,,,,YES,
42,Broadway,19th ,NE1,,,,,,,,,YES,
43,Broadway,19th ,NE2,,,,,,,,,YES,
44,Broadway,19th ,SW1,3.8,54.0,2,,,,YES,,,
45,Broadway,19th ,SW2,,,,,,,,,,
46,Broadway,19th ,SE1,,,,,,,,,YES,
47,Broadway,19th ,SE2,,,,,,,,,YES,
48,Broadway,20th ,NW1,1.5,79.0,1,,,,,NO,,
49,Broadway,20th ,NW2,3.1,81.0,2,,,,,NO,,
50,Broadway,20th ,NE1,,,,,,,,,YES,
51,Broadway,20th ,NE2,,,,,,,,,Yes,
52,Broadway,20th ,SW1,,,,,,,,,Yes,
53,Broadway,20th ,SW2,,,,,,,,,Yes,
54,Broadway,20th ,SE1,,,,,,,,,Yes,
55,Broadway,20th ,SE2,,,,,,,,,Yes,
56,Broadway,21st ,NW1,3.5,80.0,,,,,YES,NO,,YES
57,Broadway,21st ,NW2,,,,,,,,,,
58,Broadway,21st ,NE1,2.9,86.0,,,,,,,,
59,Broadway,21st ,NE2,2.9,86.0,1,,,,,,,
60,Broadway,21st ,SW1,2.3,75.0,,,,YES,,,,
61,Broadway,21st ,SW2,2.3,75.0,,,,,,,,
62,Broadway,21st ,SE1,3.7,69.0,2,POLE,,YES,,,,
63,Broadway,21st ,SE2,2.8,102.0,1,,,,,,,
64,Broadway,22nd ,NW1,2.8,48.0,,,,,,,,
65,Broadway,22nd ,NW2,2.8,48.0,,,,,,NO,,
66,Broadway,22nd ,NE1,2.6,70.0,,,,,,,,
67,Broadway,22nd ,NE2,2.6,70.0,,,,,,,,
68,Broadway,22nd ,SW1,1.9,65.5,,,,,,,,
69,Broadway,22nd ,SW2,1.9,65.5,,,,1,,,,YES
70,Broadway,22nd ,SE1,1.6,52.0,,,,2,,,,
71,Broadway,22nd ,SE2,1.6,52.0,,,,,,,,YES
72,Broadway,23rd ,NW1,3,48.0,0.2,,,YES,,NO,,
73,Broadway,23rd ,NW2,3,48.0,,,,,,NO,,
74,Broadway,23rd ,NE1,3,48.0,,,,,,NO,,
75,Broadway,23rd ,NE2,3,48.0,,,,,,NO,,
76,Broadway,23rd ,SW1,3,48.0,,,,,,NO,,
77,Broadway,23rd ,SW2,3,48.0,,,,,,NO,,
78,Broadway,23rd ,SE1,4,93.0,1.5,,,YES,,,,
79,Broadway,23rd ,SE2,4,93.0,0.2,,,YES,,,,
80,Broadway,24th ,NW1,,,,,,,,,,
81,Broadway,24th ,NW2,,,,,,,,,,
82,Broadway,24th ,NE1,,,,,,,,,,
83,Broadway,24th ,NE2,,,,,,,,,,
84,Broadway,24th ,SW1,,,,,,,,,,
85,Broadway,24th ,SW2,,,,,,,,,,
86,Broadway,24th ,SE1,,,,,,,,,,
87,Broadway,24th ,SE2,,,,,,,,,,
88,Broadway,25th ,NW1,1.625,85.0,,,,YES,,NO,,
89,Broadway,25th ,NW2,,,,,,,,,YES,
90,Broadway,25th ,NE1,,,,,,,,,YES,
91,Broadway,25th ,NE2,,,,,,,,,YES,
92,Broadway,25th ,SW1,7.9,85.0,1.8,STREET LIGHT,,YES,,NO,,
93,Broadway,25th ,SW2,,,,,,,YES,,,
94,Broadway,25th ,SE1,2.625,,,GARBAGE TRASH CAN,,,YES,,,
95,Broadway,25th ,SE2,,,,,,,,,,
96,Broadway,26th ,NW1,4.875,48.0,,,,,,,,
97,Broadway,26th ,NW2,3.625,48.5,,,,,,,,
98,Broadway,26th ,NE1,2,59.0,,SEWER,,,YES,,,
99,Broadway,26th ,NE2,,,,,,,,,,
100,Broadway,26th ,SW1,2.5,64.0,,METAL PLATE,,,,,,
101,Broadway,26th ,SW2,2.625,59.375,,SEWER,,,,,,
102,Broadway,26th ,SE1,3.125,54.5,,TRASH CAN,,,,,,
103,Broadway,26th ,SE2,2.75,53.0,,TRASH CAN,,YES,,,,
104,Broadway,27th ,NW1,3,49.0,,,,,,NO,,
105,Broadway,27th ,NW2,2,46.0,1.5,,,,,NO,,
106,Broadway,27th ,NE1,2,51.0,2.25,,SEWER,YES,,NO,,
107,Broadway,27th ,NE2,1.5,48.0,,,CRACK,YES,,NO,,
108,Broadway,27th ,SW1,2.2,46.0,,,,,,NO,,
109,Broadway,27th ,SW2,2.6,48.0,,,,,YES,NO,,
110,Broadway,27th ,SE1,,,,,,,,,,
111,Broadway,27th ,SE2,1.25,68.0,,,SEWER,YES,,NO,,
112,Broadway,28th ,NW1,,,,,,,,,,
113,Broadway,28th ,NW2,,,,,,,,,,
114,Broadway,28th ,NE1,,,,,,,,,,
115,Broadway,28th ,NE2,,,,,,,,,,
116,Broadway,28th ,SW1,,,,,,,,,,
117,Broadway,28th ,SW2,,,,,,,,,,
118,Broadway,28th ,SE1,,,,,,,,,,
119,Broadway,28th ,SE2,,,,,,,,,,
120,Broadway,29th ,NW1,,,,,,,,,,
121,Broadway,29th ,NW2,,,,,,,,,,
122,Broadway,29th ,NE1,,,,,,,,,,
123,Broadway,29th ,NE2,,,,,,,,,,
124,Broadway,29th ,SW1,,,,,,,,,,
125,Broadway,29th ,SW2,,,,,,,,,,
126,Broadway,29th ,SE1,,,,,,,,,,
127,Broadway,29th ,SE2,,,,,,,,,,
128,Broadway,30th ,NW1,,,,,,,,,,
129,Broadway,30th ,NW2,,,,,,,,,,
130,Broadway,30th ,NE1,,,,,,,,,,
131,Broadway,30th ,NE2,,,,,,,,,,
132,Broadway,30th ,SW1,,,,,,,,,,
133,Broadway,30th ,SW2,,,,,,,,,,
134,Broadway,30th ,SE1,,,,,,,,,,
135,Broadway,30th ,SE2,,,,,,,,,,
136,Broadway,31st ,NW1,1,36.0,1,,,YES,,NO,,
137,Broadway,31st ,NW2,2,36.0,1.5,,,YES,,NO,,
138,Broadway,31st ,NE1,2.75,36.0,,,,,,NO,,
139,Broadway,31st ,NE2,2.5,36.0,,,,,,NO,,
140,Broadway,31st ,SW1,4,36.0,,,,YES,,NO,,YES
141,Broadway,31st ,SW2,4.5,36.0,,,,,,NO,,
142,Broadway,31st ,SE1,,,,,,,,,NONE,
143,Broadway,31st ,SE2,,,,,,,,,NONE,
144,Broadway,32nd ,NW1,1,36.0,YES,,,,,NO,,
145,Broadway,32nd ,NW2,1,36.0,YES,,,,,NO,,
146,Broadway,32nd ,NE1,1,36.0,1,,,,,NO,,
147,Broadway,32nd ,NE2,2,36.0,0.5,,,,,NO,,
148,Broadway,32nd ,SW1,1,36.0,0.5,,,,YES,NO,,
149,Broadway,32nd ,SW2,,,,,,,,,,
150,Broadway,32nd ,SE1,2.5,36.0,NO,,,,YES,NO,,
151,Broadway,32nd ,SE2,,,,,,,,,,
152,Broadway,33rd ,NW1,2,36.0,NO,,,,YES,NO,,
153,Broadway,33rd ,NW2,CENTER CUT,,,,,,,,,
154,Broadway,33rd ,NE1,,,,,,,,,NONE,
155,Broadway,33rd ,NE2,2,36.0,YES,,,,,NO,,
156,Broadway,33rd ,SW1,2,36.0,NO (1.5),,,,YES,NO,,
157,Broadway,33rd ,SW2,CENTER CUT,,,,,,,,,
158,Broadway,33rd ,SE1,2,36.0,NO,,,,,NO,,YES
159,Broadway,33rd ,SE2,2,36.0,YES,,,,,NO,,YES
160,Broadway,34th ,NW1,2,48.0,,,,,YES,NO,,
161,Broadway,34th ,NW2,,,,,,,,,,
162,Broadway,34th ,NE1,2,48.0,1,,,,YES,NO,,
163,Broadway,34th ,NE2,,,,,,,,,,
164,Broadway,34th ,SW1,1.15,48.0,,,,,YES,NO,,
165,Broadway,34th ,SW2,,,,,,,,,,
166,Broadway,34th ,SE1,2,48.0,1,,,YES,YES,NO,,YES
167,Broadway,34th ,SE2,,,,,,,,,,
168,Broadway,35th ,NW1,2,48.0,,,,YES,,,,
169,Broadway,35th ,NW2,2,48.0,,,,,,,,
170,Broadway,35th ,NE1,2,48.0,,,,,,,,
171,Broadway,35th ,NE2,2,48.0,,,,,,,,
172,Broadway,35th ,SW1,,,,,,,,,YES,
173,Broadway,35th ,SW2,,,,,,,,,,
174,Broadway,35th ,SE1,2,48.0,,,,,YES,,,
175,Broadway,35th ,SE2,,,,,,,,,,
176,Broadway,36th ,NW1,,,,,,,,,,
177,Broadway,36th ,NW2,,,,,,,,,,
178,Broadway,36th ,NE1,,,,,,,,,,
179,Broadway,36th ,NE2,,,,,,,,,,
180,Broadway,36th ,SW1,,,,,,,,,,
181,Broadway,36th ,SW2,,,,,,,,,,
182,Broadway,36th ,SE1,,,,,,,,,,
183,Broadway,36th ,SE2,,,,,,,,,,
184,Broadway,37th ,NW1,,,,,,,,,,
185,Broadway,37th ,NW2,,,,,,,,,,
186,Broadway,37th ,NE1,,,,,,,,,,
187,Broadway,37th ,NE2,,,,,,,,,,
188,Broadway,37th ,SW1,,,,,,,,,,
189,Broadway,37th ,SW2,,,,,,,,,,
190,Broadway,37th ,SE1,,,,,,,,,,
191,Broadway,37th ,SE2,,,,,,,,,,
192,Broadway,38th ,NW1,,,,,,,,,,
193,Broadway,38th ,NW2,,,,,,,,,,
194,Broadway,38th ,NE1,,,,,,,,,,
195,Broadway,38th ,NE2,,,,,,,,,,
196,Broadway,38th ,SW1,,,,,,,,,,
197,Broadway,38th ,SW2,,,,,,,,,,
198,Broadway,38th ,SE1,,,,,,,,,,
199,Broadway,38th ,SE2,,,,,,,,,,
200,Broadway,39th ,NW1,,,,,,,,,,
201,Broadway,39th ,NW2,,,,,,,,,,
202,Broadway,39th ,NE1,,,,,,,,,,
203,Broadway,39th ,NE2,,,,,,,,,,
204,Broadway,39th ,SW1,,,,,,,,,,
205,Broadway,39th ,SW2,,,,,,,,,,
206,Broadway,39th ,SE1,,,,,,,,,,
207,Broadway,39th ,SE2,,,,,,,,,,
208,Broadway,40th ,NW1,,,,,,,,,,
209,Broadway,40th ,NW2,,,,,,,,,,
210,Broadway,40th ,NE1,,,,,,,,,,
211,Broadway,40th ,NE2,,,,,,,,,,
212,Broadway,40th ,SW1,,,,,,,,,,
213,Broadway,40th ,SW2,,,,,,,,,,
214,Broadway,40th ,SE1,,,,,,,,,,
215,Broadway,40th ,SE2,,,,,,,,,,
216,Broadway,41st ,NW1,,,,,,,,,,
217,Broadway,41st ,NW2,,,,,,,,,,
218,Broadway,41st ,NE1,,,,,,,,,,
219,Broadway,41st ,NE2,,,,,,,,,,
220,Broadway,41st ,SW1,,,,,,,,,,
221,Broadway,41st ,SW2,,,,,,,,,,
222,Broadway,41st ,SE1,,,,,,,,,,
223,Broadway,41st ,SE2,,,,,,,,,,
224,Broadway,42nd ,NW1,,,,,,,,,,
225,Broadway,42nd ,NW2,1,60.0,,,,,,YES,,
226,Broadway,42nd ,NE1,1,98.0,NO,,,,YES,YES,,
227,Broadway,42nd ,NE2,CENTER CUT,,,,,,,,,
228,Broadway,42nd ,SW1,1,47.0,2,,BROKEN CONE,,,NO,,
229,Broadway,42nd ,SW2,1.3,47.0,1,,,,,NO,,
230,Broadway,42nd ,SE1,3,47.0,0.5,WATER,,,YES,YES,,
231,Broadway,42nd ,SE2,CENTER CUT,,,,,,,,,
232,Broadway,43rd ,NW1,,,,,,,,,,
233,Broadway,43rd ,NW2,,,,,,,,,,
234,Broadway,43rd ,NE1,1,120.0,NO,,,,,,NO,
235,Broadway,43rd ,NE2,,,,,,,,,,
236,Broadway,43rd ,SW1,,,,,,,,,,
237,Broadway,43rd ,SW2,,,,,,,,,,
238,Broadway,43rd ,SE1,1.75,120.0,NO,,,,,YES,NO,
239,Broadway,43rd ,SE2,,,,,,,,,,
240,Broadway,44th ,NW1,,,,,,,,,,
241,Broadway,44th ,NW2,,,,,,,,,,
242,Broadway,44th ,NE1,4.75,,,,,,,,,
243,Broadway,44th ,NE2,,,,,,,,,,
244,Broadway,44th ,SW1,,,,,,,,,,
245,Broadway,44th ,SW2,,,,,,,,,,
246,Broadway,44th ,SE1,2,120.0,NO,,,,YES,YES,,
247,Broadway,44th ,SE2,CENTER CUT,,,,,,,,,
248,Broadway,45th ,NW1,2.25,36.0,,,,YES,YES,NO,,
249,Broadway,45th ,NW2,CENTER CUT,,,,,,,NO,,
250,Broadway,45th ,NE1,2,47.0,,,,,,WORN OUT,,
251,Broadway,45th ,NE2,1,47.0,,,,,,WORN OUT,,
252,Broadway,45th ,SW1,2,45.0,,LAMP POST BASE ,,,,NO,,
253,Broadway,45th ,SW2,1,57.0,,,,,,NO,,
254,Broadway,45th ,SE1,,,2,,,,,NO,,
255,Broadway,45th ,SE2,,,2,,,,,NO,,
256,Broadway,46th ,NW1,NO NW1,,,,,,,,,
257,Broadway,46th ,NW2,1.2,119.0,,,,,,YES,,
258,Broadway,46th ,NE1,NO NE1,,,,,,,,,
259,Broadway,46th ,NE2,NO NE2,,,,,,,,,
260,Broadway,46th ,SW1,NO SW1,,,,,,,,,
261,Broadway,46th ,SW2,3,108.0,,,,,,NO,,
262,Broadway,46th ,SE1,1.75,43.0,,,,,,NO,,
263,Broadway,46th ,SE2,NO SE2,,,,,,,,,
264,Broadway,47th ,NW1,2,70.0,,,,,,NO,,
265,Broadway,47th ,NW2,2,68.0,,METAL PLATE W/ HOLE ,,,,MO,,
266,Broadway,47th ,NE1,2,27.0,,BIG PLASTIC BARREL,,,,NO,,
267,Broadway,47th ,NE2,1,75.0,,,,,,,,
268,Broadway,47th ,SW1,NO SW1,,,,,,,,,
269,Broadway,47th ,SW2,1,60.0,,,,,,YES,,
270,Broadway,47th ,SE1,NO SE1,,,,,,,,,
271,Broadway,47th ,SE2,2,45.0,,,,,,YES,,
272,Broadway,48th ,NW1,3,66.0,,,,,,NO,,
273,Broadway,48th ,NW2,2,48.0,1,,,YES,,NO,,
274,Broadway,48th ,NE1,3,28.0,1,,,YES,,NO,,
275,Broadway,48th ,NE2,2,52.0,,,,,,NO,,
276,Broadway,48th ,SW1,1,58.0,,,,,,NO,,
277,Broadway,48th ,SW2,2.5,55.0,,,,,,NO,,
278,Broadway,48th ,SE1,2,36.0,,,,,,YES,,
279,Broadway,48th ,SE2,2.5,36.0,,BROKEN TRUNCATED DOMES ,,,,YES,,
280,Broadway,49th ,NW1,2.5,51.0,0.5,,,,,NO,,
281,Broadway,49th ,NW2,3,58.0,,,,,,NO,,
282,Broadway,49th ,NE1,2,49.0,0.5,,,,,NO,,
283,Broadway,49th ,NE2,3,57.0,,,,,,NO,,
284,Broadway,49th ,SW1,1.5,47.5,,,,,,NO,,
285,Broadway,49th ,SW2,1,47.0,0.5,,,CRUMBLING ASPHALT ,,NO,,
286,Broadway,49th ,SE1,1,46.0,,SWAMPLIKE CONDITIONS ,,,,NO,,
287,Broadway,49th ,SE2,1.5,61.0,,,,,,NO,,
288,Broadway,50th ,NW1,,,7,,,,,NO,NONE,
289,Broadway,50th ,NW2,2,51.0,,,,,,NO,,
290,Broadway,50th ,NE1,4,48.0,1,,,,,YES,,
291,Broadway,50th ,NE2,3,48.0,1.75,,,,,YES,,
292,Broadway,50th ,SW1,1,57.0,1,,,,,NO,,
293,Broadway,50th ,SW2,1,52.0,,,,,,NO,,
294,Broadway,50th ,SE1,,,1.5,,,,,NO,NONE,
295,Broadway,50th ,SE2,,,2.75,,,,,NO,NONE,
296,Broadway,51st ,NW1,2,72.0,,,,,YES,,,
297,Broadway,51st ,NW2,NO CURB CUT,,,,,,,NO,,
298,Broadway,51st ,NE1,2,66.0,5,,,,YES,,,
299,Broadway,51st ,NE2,NO CURB CUT,,,,,,,,,
300,Broadway,51st ,SW1,2,61.0,1,,,,YES,NO,,
301,Broadway,51st ,SW2,NO CURB CUT,,,,,,,NO,,
302,Broadway,51st ,SE1,2,58.0,,,,,,NO,,
303,Broadway,51st ,SE2,,,1.5,,,,,NO,NONE,
304,Broadway,52nd ,NW1,1.75,35.0,0.2,DRAIN,,YES,,NO,,
305,Broadway,52nd ,NW2,1.2,65.0,0,DRAIN ,,,,NO,,
306,Broadway,52nd ,NE1,2.5,40.0,1,NO,,,,YES,,
307,Broadway,52nd ,NE2,2.5,41.5,1.5,NO,,YES,,YES,,
308,Broadway,52nd ,SW1,2.58,,0.25,CRACK,TRASH,YES,,STRIPED ,,
309,Broadway,52nd ,SW2,2.5,,4,CRACK,,YES,,STRIPED ,,
310,Broadway,52nd ,SE1,0.5,51.0,1.5,,,YES,,STRIPED ,,YES
311,Broadway,52nd ,SE2,1.75,51.5,1,BROKEN ROAD,,,,STRIPED ,,
312,Broadway,53rd ,NW1,4,49.0,0.2,NO,NO ,YES,,STRIPED ,,
313,Broadway,53rd ,NW2,3,50.0,0.33,SEWER,SEWER,,,STRIPED ,,
314,Broadway,53rd ,NE1,1.75,49.0,0.25,BROKEN ROAD,SEWER,YES,,STRIPED ,,
315,Broadway,53rd ,NE2,3,58.0,1,NO,BIG LIP,,,STRIPED ,,
316,Broadway,53rd ,SW1,2.75,50.2,0.25,SEWER,NO ,,,STRIPED ,,
317,Broadway,53rd ,SW2,2,50.0,0.2,NO,NO ,,,STRIPED ,,
318,Broadway,53rd ,SE1,1.5,56.0,0.2,NP,DRAIN ,YES,,STRIPED ,,
319,Broadway,53rd ,SE2,1.5,51.0,1.5,NP,,,,STRIPED ,,
320,Broadway,54th ,NW1,1.752,48.0,,NO,,,,YES,,
321,Broadway,54th ,NW2,1.5,48.0,,,,,,YES,,
322,Broadway,54th ,NE1,1,49.0,1,,,,,STRIPED,,
323,Broadway,54th ,NE2,1.75,48.0,0.25,,,,,STRIPED,,
324,Broadway,54th ,SW1,1,50.0,,,,,,STRIPED,,
325,Broadway,54th ,SW2,2,50.0,,,,YES,,STRIPED,,
326,Broadway,54th ,SE1,1,44.0,0.4,,,,,STRIPED,,
327,Broadway,54th ,SE2,1.75,48.0,0.4,,BROKEN ROAD,,,STRIPED,,
328,Broadway,55th ,NW1,1,48.0,1,,WATER BUILDUP ,,,YES,,
329,Broadway,55th ,NW2,3,50.0,NO,NO,NO,,,YES,,
330,Broadway,55th ,NE1,2.5,63.0,NO,NO,NO,,,STRIPED,,
331,Broadway,55th ,NE2,2.5,55.0,1,NO,NO,,,STRIPED,,
332,Broadway,55th ,SW1,2,37.0,0.5,NO,NO,,,NO,,
333,Broadway,55th ,SW2,2.5,37.0,1.5,NO,NO,YES,,NO,,
334,Broadway,55th ,SE1,1,71.0,NO,NO,NO,YES,YES,STRIPED,,
335,Broadway,55th ,SE2,CENTER CUT,,,,,,,,,
336,Broadway,56th ,NW1,1,103.0,NO,NO,NO,,YES,STRIPED,,
337,Broadway,56th ,NW2,CENTER CUT,,,,,,,,,
338,Broadway,56th ,NE1,1,53.0,0.5,,,,,,,
339,Broadway,56th ,NE2,1,55.0,NO,,,,,,,
340,Broadway,56th ,SW1,2,48.0,NO,,,,,,,
341,Broadway,56th ,SW2,2,47.0,NO,,,,,,,
342,Broadway,56th ,SE1,1.5,85.0,0.5,,,,YES,,,
343,Broadway,56th ,SE2,CENTER CUT,,,,,,,,,
344,Broadway,56th ,M1,FLAT,119.0,,,,,,,,
345,Broadway,56th ,M2,,,,,,,,,,
346,Broadway,56th ,M3,FLAT ,119.0,NO ,NO ,NO ,MISSING TILES ,,NO ,,YES 
347,Broadway,56th ,M4,,,,,,,,,,
348,Broadway,57th ,NW1,1,90.0,NO,NO,NO,,YES,NO,,
349,Broadway,57th ,NW2,CENTER CUT,,,,,,,,,
350,Broadway,57th ,NE1,2,53.0,NO,NO,NO,YES,,YES,,
351,Broadway,57th ,NE2,1,55.0,NO,NO,NO,,,STRIPED,,
352,Broadway,57th ,SW1,2,49.0,NO,NO,NO,,,STRIPED,,
353,Broadway,57th ,SW2,1.5,46.0,NO,NO,NO,,,STRIPED,,
354,Broadway,57th ,SE1,2,51.0,NO,NO,NO,,,STRIPED,,
355,Broadway,57th ,SE2,1.5,57.0,NO,NO,NO,,,STRIPED,,
356,Broadway,57th ,M1,FLAT,119.0,,NO,NO,,,NO,,
357,Broadway,57th ,M2,,,,,,,,,,
358,Broadway,57th ,M3,FLAT ,119.0,,,,MISSING TILES ,,,,
359,Broadway,57th ,M4,,,,,,,,,,
360,Broadway,58th ,NW1,,,,,,,,,,
361,Broadway,58th ,NW2,1.2,68.5,NO,NO,NO,,,,,
362,Broadway,58th ,NE1,,,,,,,,,,
363,Broadway,58th ,NE2,1.5,50.0,2,NO,NO,,,,,
364,Broadway,58th ,SW1,2.25,56.0,0.75,,,,,,,
365,Broadway,58th ,SW2,3.5,64.0,NO,NO,YES,YES,,YES,,
366,Broadway,58th ,SE1,1.7,59.0,NO,NO,NO,,,,,
367,Broadway,58th ,SE2,1,79.0,NO,NO,NO,,,,,
368,Broadway,59th ,NW1,,,,,,,,,,
369,Broadway,59th ,NW2,3.5,59.3,0,NO,NO,,,,,
370,Broadway,59th ,NE1,2,59.0,0,,,,,,,
371,Broadway,59th ,NE2,,,,,,,,,,
372,Broadway,59th ,SW1,,,,,,,,,,
373,Broadway,59th ,SW2,,,,,,,,,,
374,Broadway,59th ,SE1,,,,,,,,,,
375,Broadway,59th ,SE2,,,,,,,,,,
376,Broadway,60th ,NW1,1,59.0,NO,,,,,YES,,
377,Broadway,60th ,NW2,1,60.0,1,,,ASPHALT ,,YES,,
378,Broadway,60th ,NE1,NO CURB CUT,,,,,,,,,
379,Broadway,60th ,NE2,,,,,,,,,,
380,Broadway,60th ,SW1,NO CURB CUT,,,,,,,,,
381,Broadway,60th ,SW2,3,60.0,1,,,,,NO,,
382,Broadway,60th ,SE1,,,,,,,,,,
383,Broadway,60th ,SE2,,,,,,,,,,
384,Broadway,60th ,M1,0.25,72.0,,,,,,NO,,
385,Broadway,60th ,M2,0.25,72.0,,,,,,NO,,
386,Broadway,60th ,M3,0.25,72.0,,,,,,NO,,
387,Broadway,60th ,M4,0.25,72.0,0.5,,,,,NO,,
388,Broadway,61st ,NW1,NO CURB CUT,,1,,,,,,,
389,Broadway,61st ,NW2,1,86.0,,,,ASPHALT,,,,
390,Broadway,61st ,NE1,3.75,48.0,5,,BROKEN ASPHALT,,,ERODED,,
391,Broadway,61st ,NE2,3.75,48.0,5,,BROKEN ASPHALT,,,LOOSE,,
392,Broadway,61st ,SW1,0.25,60.0,,,,,,YES,,
393,Broadway,61st ,SW2,1,96.0,1,,CEMENT INTO ST,,,NO,,
394,Broadway,61st ,SE1,NO CURB CUT,,,,,,,,,
395,Broadway,61st ,SE2,3,68.0,1,,BROKEN ASHPHALT ,,,NO,,
396,Broadway,61st ,M1,0.25,60.0,0.5,,,,,BRICK,,
397,Broadway,61st ,M2,0.25,60.0,0.5,,,,,BRICK,,
398,Broadway,61st ,M3,0.25,60.0,0.5,,,,,BRICK,,
399,Broadway,61st ,M4,0.25,60.0,0.5,,,,,NO,,
400,Broadway,62nd ,NW1,2,36.0,0.52,LIGHT POLE,,,,NO,,
401,Broadway,62nd ,NW2,1,47.0,1,,,ASPHALT,,NO,,
402,Broadway,62nd ,NE1,1,48.0,,,,,,NO,,
403,Broadway,62nd ,NE2,3,48.0,0.5,,,,,NO,,
404,Broadway,62nd ,SW1,1,56.0,1.5,,,ASPHALT,,NO,,
405,Broadway,62nd ,SW2,0.5,72.0,0.5,CANT SEE PEDESTRAIN ,CEMENT ,ASPHALT,,NO,,
406,Broadway,62nd ,SE1,0.5,48.0,0.5,,,,,YES,,
407,Broadway,62nd ,SE2,0.5,48.0,0.25,,,ASPHALT,,YES,,
408,Broadway,62nd ,M1,0.25,60.0,0.5,,,,,BRICK,,
409,Broadway,62nd ,M2,0.25,60.0,0.5,,,,,BRICK,,
410,Broadway,62nd ,M3,0.25,60.0,0.5,,,,,BRICK,,
411,Broadway,62nd ,M4,0.25,60.0,0.5,,,,,BRICK,,
412,Broadway,63rd ,NW1,0.5,60.0,1.5,,,,,,,
413,Broadway,63rd ,NW2,0.5,60.0,NO,,,,,,,
414,Broadway,63rd ,NE1,0.5,48.0,NO,,,STRUT ,,,,
415,Broadway,63rd ,NE2,0.5,48.0,NO,,,STRUT ,,,,
416,Broadway,63rd ,SW1,0.2,48.0,0.5,,,CURB,,,,
417,Broadway,63rd ,SW2,0.25,39.0,NO,,,CURB ,,,,
418,Broadway,63rd ,SE1,1,36.0,0.25,,,,,,,
419,Broadway,63rd ,SE2,3,48.0,0.5,,,CURB STRUTED ,,,,
420,Broadway,63rd ,M1,0.25,36.0,0.5,,,,,,,
421,Broadway,63rd ,M2,0.25,36.0,0.5,,,,,,,
422,Broadway,63rd ,M3,0.25,36.0,0.5,,,,,,,
423,Broadway,63rd ,M4,0.25,36.0,0.5,,,,,,,
424,Broadway,64th ,NW1,NO CORNER,,,,,,,,,
425,Broadway,64th ,NW2,NO CORNER,,,,,,,,,
426,Broadway,64th ,NE1,NO CURB CUT,,,,,,,,,
427,Broadway,64th ,NE2,1,60.0,0.25,,,,,NO,,
428,Broadway,64th ,SW1,1,76.0,,,,,,NO,,
429,Broadway,64th ,SW2,,,0.75,,,,,NO,,
430,Broadway,64th ,SE1,0.25,46.0,,,,CURB ST,,YES,,
431,Broadway,64th ,SE2,0.25,46.0,,,,,,YES,,
432,Broadway,65th ,NW1,1,48.0,0.25,,,,,YES,,
433,Broadway,65th ,NW2,0.25,42.0,0.25,,,,,YES,,
434,Broadway,65th ,NE1,0.5,60.0,EVEN,,,,,,,
435,Broadway,65th ,NE2,0.5,5.0,,,,,,,,
436,Broadway,65th ,SW1,NO CORNER,48.0,EVEN,,,,,YES,,
437,Broadway,65th ,SW2,0.25,48.0,,,,,,,,
438,Broadway,65th ,SE1,0.25,41.0,2,,,YES,,,,
439,Broadway,65th ,SE2,0.75,41.0,,,,YES,,,,
440,Broadway,65th ,M1,0.25,60.0,,,BROKEN METAL EDGE,YES,,BRICK,,
441,Broadway,65th ,M2,0.5,60.0,,,,YES,,BRICK,,
442,Broadway,65th ,M3,0.25,48.0,0.25,,,YES,,BROKEN ,,
443,Broadway,65th ,M4,0.25,48.0,0.25,,,YES,,BROKEN ,,
444,Broadway,66th ,NW1,2,48.0,1,,,YES,,NO,,
445,Broadway,66th ,NW2,2,48.0,0.5,,,YES,,NO,,
446,Broadway,66th ,NE1,1.1,48.0,1,,,YES,,YES,,
447,Broadway,66th ,NE2,3,48.0,0.25,,,YES,,YES,,
448,Broadway,66th ,SW1,1.5,42.0,0.5,,,,,YES,,
449,Broadway,66th ,SW2,0.5,42.0,0.25,,,,,YES,,
450,Broadway,66th ,SE1,0.5,72.0,1,,,,,YES,,
451,Broadway,66th ,SE2,0.5,72.0,1,,,,,YES,,
452,Broadway,66th ,M1,,72.0,0.5,,,,,YES,,
453,Broadway,66th ,M2,0.5,72.0,0.25,,,,,YES,,
454,Broadway,66th ,M3,0.25,60.0,0.5,,,,,YES,,
455,Broadway,66th ,M4,0.5,60.0,0.5,,,,,YES,,
456,Broadway,67th ,NW1,1,4.0,EVEN,,,,,YES,,
457,Broadway,67th ,NW2,1,4.0,0.25,,,,,YES,,
458,Broadway,67th ,NE1,0.5,48.0,0.5,,,,,YES,,
459,Broadway,67th ,NE2,0.5,48.0,0.5,,,,,YES,,
460,Broadway,67th ,SW1,2.75,40.0,0.25,,,,,YES,,
461,Broadway,67th ,SW2,2.25,48.0,1,,,,,NO,,
462,Broadway,67th ,SE1,2.25,48.0,0.5,,,,,NO,,
463,Broadway,67th ,SE2,0.5,42.0,0.5,,,,,NO,,
464,Broadway,67th ,M1,0.5,60.0,,,,,,,,
465,Broadway,67th ,M2,,60.0,0.24,,,,,,,
466,Broadway,67th ,M3,0.5,60.0,0.5,,,,,BRICKS,,
467,Broadway,67th ,M4,0.5,60.0,0.25,,,,,BRICKS,,
468,Broadway,68th ,NW1,1,47.5,1,WATER GATHERED ,,,,STRIPED,,
469,Broadway,68th ,NW2,1,77.0,0.5,,,,,STRIPED,,
470,Broadway,68th ,NE1,3.5,35.0,0,,,YES,,STRIPED,,DRAIN
471,Broadway,68th ,NE2,3,40.0,1,,,YES,,STRIPED,,DRAIN
472,Broadway,68th ,SW1,2,48.0,2,,,,,STRIPED,,12'' 
473,Broadway,68th ,SW2,2,50.0,0.24,,,,,STRIPED,,34''
474,Broadway,68th ,SE1,2,49.0,1.5,,,,,STRIPED,,
475,Broadway,68th ,SE2,2.5,49.0,1,,,,,STRIPED,,
476,Broadway,68th ,M1,1,53.0,0,,,,,,,
477,Broadway,68th ,M2,1,53.0,0,,,,,BRICKS,,
478,Broadway,68th ,M3,1,53.0,0,,,,,,,
479,Broadway,68th ,M4,1,53.0,0,,,,,,,
480,Broadway,69th ,NW1,1,94.0,,,,YES,YES,STRIPES,,
481,Broadway,69th ,NW2,CENTER CUT,,,,,,,,,
482,Broadway,69th ,NE1,2,68.0,0.5,ASPHALT UNEVEN,,YES,YES,STRIPES,,
483,Broadway,69th ,NE2,CENTER CUT,,,,,,,,,
484,Broadway,69th ,SW1,1,74.0,,BUILDING SCAFFOLDING,,,,STRIPES,,
485,Broadway,69th ,SW2,2,65.0,2,,,YES,,STRIPES,,
486,Broadway,69th ,SE1,1,57.0,0.5,,,YES,,STRIPES,,
487,Broadway,69th ,SE2,1,67.0,,,"TRASH CAN, GARBAGE",,,STRIPES,,
488,Broadway,69th ,M1,0.02,80.0,,,,,,BRICK,,
489,Broadway,69th ,M2,0.02,88.0,,NY TRAFFIC COVERING,,,,BRICK,,
490,Broadway,69th ,M3,2,70.0,1.5,,,,,BRICK,,
491,Broadway,69th ,M4,2,70.0,,,,,,BRICK,,
492,Broadway,70th ,NW1,5,46.0,1,,,,,STRIPES,,
493,Broadway,70th ,NW2,1,49.0,0.02,,,YES,,STRIPES,,
494,Broadway,70th ,NE1,2,48.0,,,,,,,,
495,Broadway,70th ,NE2,2,48.0,,,,,,STRIPES,,
496,Broadway,70th ,SW1,5,74.0,2,,,YES,,STRIPES,,
497,Broadway,70th ,SW2,2,74.0,0.2,,,,,STRIPES,,
498,Broadway,70th ,SE1,3,41.0,1.5,,,YES,,NO,,
499,Broadway,70th ,SE2,2,59.0,1.5,,,YES,,NO,,
500,Broadway,70th ,M1,1,80.0,,,,,,BRICKS,,
501,Broadway,70th ,M2,1,80.0,0.02,,,,,BRICKS,,
502,Broadway,70th ,M3,1,90.0,0.02,,,,,BRICKS,,
503,Broadway,70th ,M4,1,80.0,0.02,,,,,BRICKS,,
504,Broadway,71st ,NW1,3.5,52.0,,"""A MESS""",,YES,,STRIPES,,YES
505,Broadway,71st ,NW2,2,56.0,1.5,,,YES,,,,
506,Broadway,71st ,NE1,2,75.0,1,DOUBLE LIP,,,,STRIPES,,
507,Broadway,71st ,NE2,2,45.0,0.5,,,,,STRIPES,,
508,Broadway,71st ,SW1,?,81.0,3,ASPHALT UNEVEN,,,,NO,,
509,Broadway,71st ,SW2,2,82.0,1,,,YES,,MO,,
510,Broadway,71st ,SE1,2,40.0,,,,,,STRIPES,,YES
511,Broadway,71st ,SE2,2,43.0,,,,,,STRIPES,,
512,Broadway,71st ,M1,,,,,,,,NO,,
513,Broadway,71st ,M2,,,,,,,,NO,,
514,Broadway,71st ,M3,2,71.0,2.5,,,,,BRICKS,,
515,Broadway,71st ,M4,2,71.0,1,,,,,BRICKS,,
516,Broadway,72nd ,NW1,0.05,60.0,1,,,,,STRIPES,,
517,Broadway,72nd ,NW2,2,63.0,1,,,,,STRIPES,,
518,Broadway,72nd ,NE1,0.05,62.0,1,,,,,STRIPES,,
519,Broadway,72nd ,NE2,1,62.0,,,,,,STRIPES,,
520,Broadway,72nd ,SW1,2,47.0,,,,,,YES,,
521,Broadway,72nd ,SW2,3,47.0,,,,,,YES,,
522,Broadway,72nd ,SE1,3,50.0,,,,,,STRIPES,,
523,Broadway,72nd ,SE2,2,53.0,1,,,,,STRIPES,,
524,Broadway,73rd ,NW1,1.2,42.0,0.25,,,,,YES,,
525,Broadway,73rd ,NW2,2,44.0,1,,,,,YES,,
526,Broadway,73rd ,NE1,1,44.0,0.5,,,,,YES,,
527,Broadway,73rd ,NE2,3.5,47.0,,,,,,YES,,
528,Broadway,73rd ,SW1,1.5,71.0,2,CURB CRUMBLING,,YES,,YES,,
529,Broadway,73rd ,SW2,2,50.0,0.75,CURB CRUMBLING,,YES,,YES,,
530,Broadway,73rd ,SE1,,,,,,,,,,
531,Broadway,73rd ,SE2,3,48.0,1.5,,,,YES,YES,,
532,Broadway,73rd ,M1,1,82.0,,,,,,YES,,
533,Broadway,73rd ,M2,1,82.0,,,,,,NO,,
534,Broadway,73rd ,M3,2,48.0,0.5,,,YES,,YES,,
535,Broadway,73rd ,M4,N/A,,,,,,,,,
536,Broadway,74th ,NW1,1.75,60.0,1.75,,,YES,,YES,,
537,Broadway,74th ,NW2,0.75,28.0,1.25,,,YES,,,,
538,Broadway,74th ,NE1,1,50.0,1,STEEL PLATE,,,,YES,,
539,Broadway,74th ,NE2,1,49.0,,,,YES,,YES,,
540,Broadway,74th ,SW1,2,42.0,0.75,,,,,YES,,
541,Broadway,74th ,SW2,1.5,44.0,,,,,,YES,,
542,Broadway,74th ,SE1,1.5,48.0,3,,,,,YES,,
543,Broadway,74th ,SE2,1.5,47.0,0.25,,,,,YES,,
544,Broadway,74th ,M1,1.5,76.0,,,,,,YES,,
545,Broadway,74th ,M2,1.75,72.0,1,,,,,YES,,
546,Broadway,74th ,M3,2,84.0,,,,,,YES,,
547,Broadway,74th ,M4,1,92.0,,STREET LAMP,,,,YES,,
548,Broadway,75th ,NW1,1.5,47.0,1,,,,,YES,,
549,Broadway,75th ,NW2,2.75,47.0,1,,,,,NO,,
550,Broadway,75th ,NE1,3,56.0,1,"TRASH, BAGS",,YES,,YES,,
551,Broadway,75th ,NE2,3,55.0,0.5,,,YES,,YES,,
552,Broadway,75th ,SW1,2.5,37.0,0.5,,,YES,,YES,,
553,Broadway,75th ,SW2,1.5,32.0,,,,YES,,YES,,
554,Broadway,75th ,SE1,1.5,49.0,,SCAFFOLDING,,,,YES,,
555,Broadway,75th ,SE2,2.5,52.0,0.5,,,YES,,YES,,
556,Broadway,75th ,M1,0.75,56.0,,,,,,YES,,
557,Broadway,75th ,M2,0.5,79.0,,,,,,YES,,
558,Broadway,75th ,M3,2.5,50.0,,,,,,YES,,
559,Broadway,75th ,M4,2.75,55.0,,,,,,YES,,
560,Broadway,76th ,NW1,1,47.0,1.25,,,YES,,YES,,
561,Broadway,76th ,NW2,1.5,48.0,1,,,,,NO,,
562,Broadway,76th ,NE1,2,47.0,1,,,YES,,YES,,
563,Broadway,76th ,NE2,2,56.0,1,,,YES,,YES,,
564,Broadway,76th ,SW1,2.5,53.0,,,,YES,,YES,,
565,Broadway,76th ,SW2,1.25,48.0,1,,,YES,,YES,,
566,Broadway,76th ,SE1,1.75,54.0,,,,YES,,NO,,YES
567,Broadway,76th ,SE2,2,53.0,0.25,,,YES,,NO,,
568,Broadway,76th ,M1,2,74.0,0.25,,,YES,,NO,,
569,Broadway,76th ,M2,2,59.0,,,,YES,,NO,,
570,Broadway,76th ,M3,1.75,62.0,0.25,,,YES,,NO,,
571,Broadway,76th ,M4,1.5,53.0,0.25,,,,,NO,,
572,Broadway,77th ,NW1,1.2,48.0,,TRASH CAN,,YES,,,,
573,Broadway,77th ,NW2,1,49.0,,,,,,,,
574,Broadway,77th ,NE1,3,48.0,,,,YES,,NO,,
575,Broadway,77th ,NE2,2.7,,,,,,,NO,,
576,Broadway,77th ,SW1,1.2,48.5,3,,,YES,,NO,,YES
577,Broadway,77th ,SW2,0.7,47.0,,,,YES,,NO,,
578,Broadway,77th ,SE1,1.1,48.0,,TRASH CAN,,YES,,NO,,
579,Broadway,77th ,SE2,2.3,52.0,,,,YES,,NO,,
580,Broadway,78th ,NW1,1.1,48.0,,,,,,N,,
581,Broadway,78th ,NW2,1,47.0,,,,,,N,,
582,Broadway,78th ,NE1,1,52.0,,,,,,N,,
583,Broadway,78th ,NE2,1.1,52.0,,,,,,N,,
584,Broadway,78th ,SW1,1.2,43.0,1,Garbage can and lamp post,,,,N,,
585,Broadway,78th ,SW2,1.2,46.0,3,,,,,N,,
586,Broadway,78th ,SE1,1,47.0,0.5,,,,,,,
587,Broadway,78th ,SE2,1,48.0,,,,,,,,
588,Broadway,78th ,M1,1.1,50.0,,,,,,N,,
589,Broadway,78th ,M2,1.1,50.0,,,,,,N,,
590,Broadway,78th ,M3,0.5,55.0,,,,,,N,,
591,Broadway,78th ,M4,0.5,55.0,,,,,,N,,
592,Broadway,79th ,NW1,,,,,,Y,,,Y,
593,Broadway,79th ,NW2,,,,,,Y,,,Y,
594,Broadway,79th ,NE1,0.6,60.0,,Garbage cans,,Y,,N,,Y
595,Broadway,79th ,NE2,,,3.5,Garbage cans,,Y,,N,Y,Y
596,Broadway,79th ,SW1,1.5,36.0,,Garbage cans,,,,N,,
597,Broadway,79th ,SW2,1.5,51.0,,,,,,N,,
598,Broadway,79th ,SE1,2.5,54.0,,,,Y,,N,,
599,Broadway,79th ,SE2,1,50.0,,,,Y,,N,,
600,Broadway,79th ,M1,1,48.0,,,,,,,,
601,Broadway,79th ,M2,1,48.0,,,,,,,,
602,Broadway,79th ,M3,1.5,66.0,,,,,,,,
603,Broadway,79th ,M4,1.5,66.0,,,,Y,,,,
604,Broadway,80th ,NW1,1.9,48.0,,,,Y,,,,
605,Broadway,80th ,NW2,,,,,,,,,,
606,Broadway,80th ,NE1,1.8,48.0,1,,,,,,,
607,Broadway,80th ,NE2,1.2,47.0,0.5,,,,,,,
608,Broadway,80th ,SW1,1.3,37.0,,Garbage cans,,Y,,,,
609,Broadway,80th ,SW2,1.4,51.0,0.5,,,,,,,
610,Broadway,80th ,SE1,1.2,39.0,1,,,Y,,,,
611,Broadway,80th ,SE2,1.5,56.0,,,,,,,,
612,Broadway,80th ,M1,,,,,,,,,,
613,Broadway,80th ,M2,,,,,,,,,,
614,Broadway,80th ,M3,1.2,67.0,,,,Y,,,,
615,Broadway,80th ,M4,1.2,67.0,,,,,,,,
616,Broadway,81st ,NW1,0.75,42.0,2,,,YES,,YES,,
617,Broadway,81st ,NW2,2,55.0,1.5,,,,,YES,,
618,Broadway,81st ,NE1,2.75,50.0,1.5,,,YES,,YES,,YES
619,Broadway,81st ,NE2,2.5,53.0,1.5,,,YES,,YES,,
620,Broadway,81st ,SW1,1.75,60.0,0.75,,,YES,,YES,,
621,Broadway,81st ,SW2,1.5,62.0,,,,YES,,YES,,
622,Broadway,81st ,SE1,2,79.0,0.75,,,YES,,YES,,
623,Broadway,81st ,SE2,2,92.0,2,,,YES,,YES,,YES
624,Broadway,81st ,M1,1,64.0,0.25,,,,,NO,,
625,Broadway,81st ,M2,1,70.0,1,,,,,NO,,
626,Broadway,81st ,M3,1.25,63.0,0.5,,,YES,,NO,,
627,Broadway,81st ,M4,1,64.0,0.5,,,YES,,NO,,
628,Broadway,82nd ,NW1,1,44.0,,,,YES,,YES,,
629,Broadway,82nd ,NW2,2,56.0,0.5,,,YES,,YES,,
630,Broadway,82nd ,NE1,4,62.0,2,,,YES,,NO,,
631,Broadway,82nd ,NE2,3,46.0,1.25,,,,,YES,,
632,Broadway,82nd ,SW1,2,39.0,,TRASH CAN,,YES,,NO,,
633,Broadway,82nd ,SW2,0.75,44.0,1,,,,,NO,,
634,Broadway,82nd ,SE1,1.5,55.0,1,,,,,YES,,
635,Broadway,82nd ,SE2,1.5,52.0,1,,,YES,,YES,,
636,Broadway,82nd ,M1,1.5,62.0,0.25,,,,,NO,,
637,Broadway,82nd ,M2,1.5,68.0,,,,,,NO,,
638,Broadway,82nd ,M3,1,67.0,,,,,,NO,,
639,Broadway,82nd ,M4,0.25,65.0,0.5,,,,,NO,,
640,Broadway,83rd ,NW1,1.5,45.0,0.5,,,,,YES,,
641,Broadway,83rd ,NW2,2,48.0,1,,,,,YES,,
642,Broadway,83rd ,NE1,2,48.0,0.75,,,YES,,YES,,
643,Broadway,83rd ,NE2,2,48.0,,,,YES,,YES,,
644,Broadway,83rd ,SW1,1,45.0,0.25,,,YES,,YES,,
645,Broadway,83rd ,SW2,1.5,45.0,0.5,,,YES,,YES,,
646,Broadway,83rd ,SE1,1,48.0,,,,,,YES,,
647,Broadway,83rd ,SE2,1,49.0,1.1,,,YES,,,,
648,Broadway,83rd ,M1,1.25,68.0,0.75,,,,,,,
649,Broadway,83rd ,M2,0.5,70.0,0.75,,,,,NO,,
650,Broadway,83rd ,M3,1.75,71.0,,,,,,NO,,
651,Broadway,83rd ,M4,2,60.0,,,,,,NO,,
652,Broadway,84th ,NW1,1.4,43.0,1,,,,,N,,
653,Broadway,84th ,NW2,1.8,46.0,,,,,,N,,
654,Broadway,84th ,NE1,2.2,31.5,,,,,,N,,
655,Broadway,84th ,NE2,1.5,40.0,,,,,,N,,Y
656,Broadway,84th ,SW1,1,53.0,,,,,,N,,Y
657,Broadway,84th ,SW2,0.9,52.0,0.5,,,,,N,,Y
658,Broadway,84th ,SE1,1.6,45.5,,,,,,N,,
659,Broadway,84th ,SE2,1.8,46.0,,,,,,N,,
660,Broadway,84th ,M1,0.5,75.0,,,,,,N,,
661,Broadway,84th ,M2,0.5,75.0,,,,,,N,,
662,Broadway,84th ,M3,0.5,75.0,,,,,,N,,
663,Broadway,84th ,M4,0.5,75.0,,,,,,N,,
664,Broadway,85th ,NW1,1.1,42.0,1.5,,,,,STRIPES,,
665,Broadway,85th ,NW2,2.8,51.0,1,,,,,STRIPES,,
666,Broadway,85th ,NE1,1.6,42.0,1.5,,,YES,,STRIPES,,
667,Broadway,85th ,NE2,2.4,44.0,,,,,,STRIPES,,
668,Broadway,85th ,SW1,1,48.0,,,,,,STRIPES,,
669,Broadway,85th ,SW2,0.8,50.0,,,,,,STRIPES,,YES
670,Broadway,85th ,SE1,1.7,36.0,,,,,,STRIPES,,
671,Broadway,85th ,SE2,0.3,40.0,0.25,,,YES,,YES,,
672,Broadway,85th ,M1,2,72.0,,,,,,YES,,
673,Broadway,85th ,M2,2,71.0,,,,,,NO,,
674,Broadway,85th ,M3,2.2,73.0,,,,,,NO,,
675,Broadway,85th ,M4,2,73.0,,,,,,NO,,
676,Broadway,86th ,NW1,1,41.0,,,,,,STRIPES,,
677,Broadway,86th ,NW2,1.3,42.0,,,,YES,,STRIPES,,
678,Broadway,86th ,NE1,2.6,48.0,,,,,,YES,,
679,Broadway,86th ,NE2,2.7,48.5,0.5,,,,,YES,,
680,Broadway,86th ,SW1,2.1,47.0,,,,,,STRIPES,,
681,Broadway,86th ,SW2,2,48.0,,,,,,STRIPES,,
682,Broadway,86th ,SE1,1.7,47.0,1,,,,,STRIPES,,
683,Broadway,86th ,SE2,1.1,48.0,0.5,,,,,STRIPES,,
684,Broadway,86th ,M1,1.4,75.0,,,,,,NO,,
685,Broadway,86th ,M2,1.4,75.0,,,,,,NO,,
686,Broadway,86th ,M3,1.5,60.0,,,,,,NO,,
687,Broadway,86th ,M4,1.5,60.0,,,,,,NO,,
688,Broadway,87th ,NW1,2.2,45.0,1,WATER,,,,STRIPES,,
689,Broadway,87th ,NW2,3,52.0,0.5,,,,,STRIPES,,
690,Broadway,87th ,NE1,2,72.0,0.1,,,YES,,STRIPES,,
691,Broadway,87th ,NE2,2.3,96.0,0.5,SCAFFOLDING,,YES,,STRIPES,,
692,Broadway,87th ,SW1,1.3,42.0,,,,YES,,STRIPES,,
693,Broadway,87th ,SW2,1,41.0,2,,,,,STRIPES,,YES
694,Broadway,87th ,SE1,1.8,48.5,,,,,,YES,,
695,Broadway,87th ,SE2,0.9,48.5,,,,,,YES,,
696,Broadway,87th ,M1,1.2,77.0,,,,,,NO,,
697,Broadway,87th ,M2,1.6,66.0,0.75,,,,,NO,,
698,Broadway,87th ,M3,1.4,54.0,,,,,,NO,,
699,Broadway,87th ,M4,3,55.0,,,,,,NO,,
700,Broadway,88th ,NW1,0.8,59.0,1,WATER,,,,YES,,
701,Broadway,88th ,NW2,1.6,57.0,1,WATER,,YES,,YES,,
702,Broadway,88th ,NE1,,,0.75,,,YES,YES,STRIPES,,
703,Broadway,88th ,NE2,0.7,53.0,,TRASH CAN,,,,,,
704,Broadway,88th ,SW1,1.7,42.0,1,,,YES,,YES,,
705,Broadway,88th ,SW2,1,44.0,,,,,,YES,,
706,Broadway,88th ,SE1,1.2,50.0,,,,,,STRIPES,,
707,Broadway,88th ,SE2,0.3,57.0,,,,,,STRIPES,,
708,Broadway,88th ,M1,1,82.0,,,,,,YES,,
709,Broadway,88th ,M2,1,82.0,,,,,,YES,,
710,Broadway,88th ,M3,1.6,74.0,,,,,,NO,,
711,Broadway,88th ,M4,1.9,74.0,,,,,,NO,,
712,Broadway,89th ,NW1,,,,,,,,,YES,
713,Broadway,89th ,NW2,,,,,,,,,YES,
714,Broadway,89th ,NE1,2,48.0,,,,,,YES,,
715,Broadway,89th ,NE2,3,73.0,,,,YES,,NO,,
716,Broadway,89th ,SW1,1,47.0,,,,,,YES,,
717,Broadway,89th ,SW2,1,47.0,1,,,YES,,YES,,
718,Broadway,89th ,SE1,2.25,47.0,,,,YES,,NO,,
719,Broadway,89th ,SE2,2,42.0,,,,,,NO,,
720,Broadway,89th ,M1,1,60.0,,,,,,NO,,
721,Broadway,89th ,M2,1,60.0,,,,,,NO,,
722,Broadway,89th ,M3,2,72.0,,,,,,,,
723,Broadway,89th ,M4,2,72.0,,,,,,,,
724,Broadway,90th ,NW1,6,57.0,0.5,,,,,STRIPES,,
725,Broadway,90th ,NW2,1.8,54.0,0.6,,,,,STRIPES,,
726,Broadway,90th ,NE1,1.7,48.0,,,,,,YES,,
727,Broadway,90th ,NE2,1.2,48.0,0.5,,,,,YES,,
728,Broadway,90th ,SW1,1.1,47.0,,,,YES,,YES,,
729,Broadway,90th ,SW2,1.5,60.0,0.5,,,,,YES,,
730,Broadway,90th ,SE1,0.8,60.0,0.5,,,YES,,YES,,
731,Broadway,90th ,SE2,1.1,47.0,,,,,,YES,,YES
732,Broadway,90th ,M1,0.4,80.0,,,,,,NO,,
733,Broadway,90th ,M2,0.4,81.0,,,,,,NO,,
734,Broadway,90th ,M3,0.7,76.0,0.5,,,,,NO,,
735,Broadway,90th ,M4,0.7,76.0,,,,,,NO,,
736,Broadway,91st ,NW1,0.6,44.0,0.5,,,,,YES,,
737,Broadway,91st ,NW2,3.6,46.0,,,,YES,,YES,,
738,Broadway,91st ,NE1,1.4,63.0,2,,,YES,,YES,,YES
739,Broadway,91st ,NE2,1,48.0,1,,,YES,,STRIPES,,
740,Broadway,91st ,SW1,1.9,48.0,,,,YES,,STRIPES,,
741,Broadway,91st ,SW2,0.9,41.5,1,,,YES,,STRIPES,,
742,Broadway,91st ,SE1,1.3,48.0,,,,,,YES,,
743,Broadway,91st ,SE2,1.3,48.0,,WATER,,,,YES,,
744,Broadway,91st ,M1,0.7,68.0,,LIGHT POLE,,,,NO,,
745,Broadway,91st ,M2,0.7,68.0,,LIGHT POLE,,,,NO,,
746,Broadway,91st ,M3,0.4,68.0,,LIGHT POLE,,,,NO,,
747,Broadway,91st ,M4,0.4,68.0,,LIGHT POLE,,,,NO,,
748,Broadway,92nd ,NW1,,,,,,,,,,
749,Broadway,92nd ,NW2,,,,,,,,,,
750,Broadway,92nd ,NE1,,,,,,,,,,
751,Broadway,92nd ,NE2,,,,,,,,,,
752,Broadway,92nd ,SW1,,,,,,,,,,
753,Broadway,92nd ,SW2,,,,,,,,,,
754,Broadway,92nd ,SE1,,,,,,,,,,
755,Broadway,92nd ,SE2,,,,,,,,,,
756,Broadway,92nd ,M1,,,,,,,,,,
757,Broadway,92nd ,M2,,,,,,,,,,
758,Broadway,92nd ,M3,,,,,,,,,,
759,Broadway,92nd ,M4,,,,,,,,,,
760,Broadway,93rd ,NW1,,,,,,,,,,
761,Broadway,93rd ,NW2,,,,,,,,,,
762,Broadway,93rd ,NE1,,,,,,,,,,
763,Broadway,93rd ,NE2,,,,,,,,,,
764,Broadway,93rd ,SW1,,,,,,,,,,
765,Broadway,93rd ,SW2,,,,,,,,,,
766,Broadway,93rd ,SE1,,,,,,,,,,
767,Broadway,93rd ,SE2,,,,,,,,,,
768,Broadway,93rd ,M1,,,,,,,,,,
769,Broadway,93rd ,M2,,,,,,,,,,
770,Broadway,93rd ,M3,,,,,,,,,,
771,Broadway,93rd ,M4,,,,,,,,,,
772,Broadway,94th ,NW1,,,,,,,,,,
773,Broadway,94th ,NW2,,,,,,,,,,
774,Broadway,94th ,NE1,,,,,,,,,,
775,Broadway,94th ,NE2,,,,,,,,,,
776,Broadway,94th ,SW1,,,,,,,,,,
777,Broadway,94th ,SW2,,,,,,,,,,
778,Broadway,94th ,SE1,,,,,,,,,,
779,Broadway,94th ,SE2,,,,,,,,,,
780,Broadway,94th ,M1,,,,,,,,,,
781,Broadway,94th ,M2,,,,,,,,,,
782,Broadway,94th ,M3,,,,,,,,,,
783,Broadway,94th ,M4,,,,,,,,,,
784,Broadway,95th ,NW1,,,,,,,,,,
785,Broadway,95th ,NW2,,,,,,,,,,
786,Broadway,95th ,NE1,,,,,,,,,,
787,Broadway,95th ,NE2,,,,,,,,,,
788,Broadway,95th ,SW1,,,,,,,,,,
789,Broadway,95th ,SW2,,,,,,,,,,
790,Broadway,95th ,SE1,,,,,,,,,,
791,Broadway,95th ,SE2,,,,,,,,,,
792,Broadway,95th ,M1,,,,,,,,,,
793,Broadway,95th ,M2,,,,,,,,,,
794,Broadway,95th ,M3,,,,,,,,,,
795,Broadway,95th ,M4,,,,,,,,,,
796,Broadway,96th ,NW1,,,,,,,,,,
797,Broadway,96th ,NW2,,,,,,,,,,
798,Broadway,96th ,NE1,,,,,,,,,,
799,Broadway,96th ,NE2,,,,,,,,,,
800,Broadway,96th ,SW1,,,,,,,,,,
801,Broadway,96th ,SW2,,,,,,,,,,
802,Broadway,96th ,SE1,,,,,,,,,,
803,Broadway,96th ,SE2,,,,,,,,,,
804,Broadway,96th ,M1,,,,,,,,,,
805,Broadway,96th ,M2,,,,,,,,,,
806,Broadway,96th ,M3,,,,,,,,,,
807,Broadway,96th ,M4,,,,,,,,,,
808,Broadway,97th ,NW1,,,,,,,,,,
809,Broadway,97th ,NW2,,,,,,,,,,
810,Broadway,97th ,NE1,,,,,,,,,,
811,Broadway,97th ,NE2,,,,,,,,,,
812,Broadway,97th ,SW1,,,,,,,,,,
813,Broadway,97th ,SW2,,,,,,,,,,
814,Broadway,97th ,SE1,,,,,,,,,,
815,Broadway,97th ,SE2,,,,,,,,,,
816,Broadway,97th ,M1,,,,,,,,,,
817,Broadway,97th ,M2,,,,,,,,,,
818,Broadway,97th ,M3,,,,,,,,,,
819,Broadway,97th ,M4,,,,,,,,,,
820,Broadway,98th ,NW1,,,,,,,,,,
821,Broadway,98th ,NW2,,,,,,,,,,
822,Broadway,98th ,NE1,,,,,,,,,,
823,Broadway,98th ,NE2,,,,,,,,,,
824,Broadway,98th ,SW1,,,,,,,,,,
825,Broadway,98th ,SW2,,,,,,,,,,
826,Broadway,98th ,SE1,,,,,,,,,,
827,Broadway,98th ,SE2,,,,,,,,,,
828,Broadway,98th ,M1,,,,,,,,,,
829,Broadway,98th ,M2,,,,,,,,,,
830,Broadway,98th ,M3,,,,,,,,,,
831,Broadway,98th ,M4,,,,,,,,,,
832,Broadway,99th ,NW1,,,,,,,,,,
833,Broadway,99th ,NW2,,,,,,,,,,
834,Broadway,99th ,NE1,,,,,,,,,,
835,Broadway,99th ,NE2,,,,,,,,,,
836,Broadway,99th ,SW1,,,,,,,,,,
837,Broadway,99th ,SW2,,,,,,,,,,
838,Broadway,99th ,SE1,,,,,,,,,,
839,Broadway,99th ,SE2,,,,,,,,,,
840,Broadway,99th ,M1,,,,,,,,,,
841,Broadway,99th ,M2,,,,,,,,,,
842,Broadway,99th ,M3,,,,,,,,,,
843,Broadway,99th ,M4,,,,,,,,,,
844,Broadway,100th ,NW1,,,,,,,,,,
845,Broadway,100th ,NW2,,,,,,,,,,
846,Broadway,100th ,NE1,,,,,,,,,,
847,Broadway,100th ,NE2,,,,,,,,,,
848,Broadway,100th ,SW1,,,,,,,,,,
849,Broadway,100th ,SW2,,,,,,,,,,
850,Broadway,100th ,SE1,,,,,,,,,,
851,Broadway,100th ,SE2,,,,,,,,,,
852,Broadway,100th ,M1,,,,,,,,,,
853,Broadway,100th ,M2,,,,,,,,,,
854,Broadway,100th ,M3,,,,,,,,,,
855,Broadway,100th ,M4,,,,,,,,,,
856,Broadway,101st ,NW1,,,,,,,,,,
857,Broadway,101st ,NW2,,,,,,,,,,
858,Broadway,101st ,NE1,,,,,,,,,,
859,Broadway,101st ,NE2,,,,,,,,,,
860,Broadway,101st ,SW1,,,,,,,,,,
861,Broadway,101st ,SW2,,,,,,,,,,
862,Broadway,101st ,SE1,,,,,,,,,,
863,Broadway,101st ,SE2,,,,,,,,,,
864,Broadway,101st ,M1,,,,,,,,,,
865,Broadway,101st ,M2,,,,,,,,,,
866,Broadway,101st ,M3,,,,,,,,,,
867,Broadway,101st ,M4,,,,,,,,,,
868,Broadway,102nd ,NW1,,,,,,,,,,
869,Broadway,102nd ,NW2,,,,,,,,,,
870,Broadway,102nd ,NE1,,,,,,,,,,
871,Broadway,102nd ,NE2,,,,,,,,,,
872,Broadway,102nd ,SW1,,,,,,,,,,
873,Broadway,102nd ,SW2,,,,,,,,,,
874,Broadway,102nd ,SE1,,,,,,,,,,
875,Broadway,102nd ,SE2,,,,,,,,,,
876,Broadway,102nd ,M1,,,,,,,,,,
877,Broadway,102nd ,M2,,,,,,,,,,
878,Broadway,102nd ,M3,,,,,,,,,,
879,Broadway,102nd ,M4,,,,,,,,,,
880,Broadway,103rd ,NW1,,,,,,,,,,
881,Broadway,103rd ,NW2,,,,,,,,,,
882,Broadway,103rd ,NE1,,,,,,,,,,
883,Broadway,103rd ,NE2,,,,,,,,,,
884,Broadway,103rd ,SW1,,,,,,,,,,
885,Broadway,103rd ,SW2,,,,,,,,,,
886,Broadway,103rd ,SE1,,,,,,,,,,
887,Broadway,103rd ,SE2,,,,,,,,,,
888,Broadway,103rd ,M1,,,,,,,,,,
889,Broadway,103rd ,M2,,,,,,,,,,
890,Broadway,103rd ,M3,,,,,,,,,,
891,Broadway,103rd ,M4,,,,,,,,,,
892,Broadway,104th ,NW1,,,,,,,,,,
893,Broadway,104th ,NW2,,,,,,,,,,
894,Broadway,104th ,NE1,,,,,,,,,,
895,Broadway,104th ,NE2,,,,,,,,,,
896,Broadway,104th ,SW1,,,,,,,,,,
897,Broadway,104th ,SW2,,,,,,,,,,
898,Broadway,104th ,SE1,,,,,,,,,,
899,Broadway,104th ,SE2,,,,,,,,,,
900,Broadway,104th ,M1,,,,,,,,,,
901,Broadway,104th ,M2,,,,,,,,,,
902,Broadway,104th ,M3,,,,,,,,,,
903,Broadway,104th ,M4,,,,,,,,,,
904,Broadway,105th ,NW1,2,46.0,0.5,,,,,Nogrooves,,
905,Broadway,105th ,NW2,2,40.0,,,,,,Nogrooves,,
906,Broadway,105th ,NE1,1.2,46.0,1.5,,,,,Nogrooves,,
907,Broadway,105th ,NE2,2,52.0,,,,,,Nogrooves,,
908,Broadway,105th ,SW1,1,40.0,,pooling,,,,Nogrooves,,
909,Broadway,105th ,SW2,2,43.0,,,,,,Nogrooves,,
910,Broadway,105th ,SE1,1,33.0,0.5,,,,,Nogrooves,,
911,Broadway,105th ,SE2,2,36.0,0,,,,,Nogrooves,,
912,Broadway,105th ,M1,1,46.0,,,,,,Nobrick,,
913,Broadway,105th ,M2,0.5,46.0,,,,,,Nobrick,,
914,Broadway,105th ,M3,0.5,50.0,,,,,,Nobrick,,
915,Broadway,105th ,M4,1.5,57.0,,,,,,Nobrick,,
916,Broadway,106th ,NW1,2.2,44.0,0.5,,,Yes,,Yes,,
917,Broadway,106th ,NW2,1.2,42.0,,,,,,Yes,,
918,Broadway,106th ,NE1,2.4,50.0,,,,,,Nogrooves,,
919,Broadway,106th ,NE2,1.8,46.0,,,,,,Nogrooves,,
920,Broadway,106th ,SW1,1.8,38.0,1,,,Yes,,Nogrooves,,
921,Broadway,106th ,SW2,2.1,40.0,1,,,Yes,,Nogrooves,,
922,Broadway,106th ,SE1,1,43.0,1,pooling,,,,Nogrooves,,
923,Broadway,106th ,SE2,1,44.0,,pooling,,,,Nogrooves,,
924,Broadway,106th ,M1,1,56.0,,,,,,Nobrick,,
925,Broadway,106th ,M2,1,56.0,,,,,,Nobrick,,
926,Broadway,106th ,M3,1,56.0,0.5,,,,,Nobrick,,
927,Broadway,106th ,M4,1,53.0,0.5,,,,,Nobrick,,
928,Broadway,107th ,NW1,2.6,48.0,,pooling,,,,Nobrick,,
929,Broadway,107th ,NW2,N/A,,,,,,,,,
930,Broadway,107th ,NE1,0.5,49.0,,,,,,Nogrooves,,
931,Broadway,107th ,NE2,1.2,53.0,,,,,,Nogrooves,,
932,Broadway,107th ,SW1,1.8,74.0,,pooling,,,,Nobrick,,
933,Broadway,107th ,SW2,N/A,,,,,,,,,
934,Broadway,107th ,SE1,2.2,43.0,,,,,,Nogrooves,,
935,Broadway,107th ,SE2,1.2,42.0,,,,,,Nogrooves,,
936,Broadway,107th ,M1,2.5,54.0,,pooling,,,,Nobrick,,
937,Broadway,107th ,M2,1,60.0,,pooling,,,,Nobrick,,
938,Broadway,107th ,M3,1,60.0,1,,,,,Nobrick,,
939,Broadway,107th ,M4,0.5,56.0,,,,,,Nobrick,,
940,Broadway,108th ,NW1,1.2,42.0,,,,,,Nogrooves,,
941,Broadway,108th ,NW2,2.4,50.0,,,,,,Nogrooves,,
942,Broadway,108th ,NE1,2.5,39.0,0.5,,,,,Nogrooves,,
943,Broadway,108th ,NE2,2.5,36.0,,,,,,Nogrooves,,
944,Broadway,108th ,SW1,1.5,40.0,,,,,,Nogrooves,,
945,Broadway,108th ,SW2,2.2,56.0,1,,,,,Nogrooves,,
946,Broadway,108th ,SE1,2.4,39.0,0.5,,,,,Nogrooves,,
947,Broadway,108th ,SE2,1.2,42.0,,,,,,Nogrooves,,
948,Broadway,108th ,M1,0.5,50.0,,,,,,Nobrick,,
949,Broadway,108th ,M2,1,36.0,,,,,,Nobrick,,
950,Broadway,108th ,M3,2,54.0,0.5,,,,,Nobrick,,
951,Broadway,108th ,M4,2.5,53.0,,,,,,Nobrick,,
952,Broadway,109th ,NW1,1.2,44.0,,pooling,,,,Nogrooves,,
953,Broadway,109th ,NW2,1.5,34.0,1,,,,,Nogrooves,,
954,Broadway,109th ,NE1,1.5,46.0,1,,,,,Nogrooves,,
955,Broadway,109th ,NE2,1.5,50.0,,,,,,Nogrooves,,
956,Broadway,109th ,SW1,1,47.0,,,,X,,Nogrooves,,
957,Broadway,109th ,SW2,1,43.0,,garbage cans,,,,Nogrooves,,
958,Broadway,109th ,SE1,2.5,37.0,,,,,,Nogrooves,,
959,Broadway,109th ,SE2,1.8,43.0,,,,,,Nogrooves,,
960,Broadway,109th ,M1,1,47.0,,,,,,Nobrick,,
961,Broadway,109th ,M2,1,46.0,,pooling,,,,Nobrick,,
962,Broadway,109th ,M3,1,40.0,,,,,,Nobrick,,
963,Broadway,109th ,M4,2,40.0,,,,,,Nobrick,,
964,Broadway,110th ,NW1,5.4,54.0,2,,,,,Nogrooves,,
965,Broadway,110th ,NW2,3.5,64.0,,,,,,Nogrooves,,
966,Broadway,110th ,NE1,1,53.0,,,,,,Nogrooves,,
967,Broadway,110th ,NE2,1.8,58.0,,,,,,Nogrooves,,
968,Broadway,110th ,SW1,1.4,53.0,,,,,,Nogrooves,,
969,Broadway,110th ,SW2,1,46.0,,pooling,,,,Nogrooves,,
970,Broadway,110th ,SE1,,,,,,,,Nogrooves,X,
971,Broadway,110th ,SE2,1.8,46.0,,pooling,,,,Nogrooves,,
972,Broadway,110th ,M1,1.5,70.0,,,,,,Nobrick,,
973,Broadway,110th ,M2,1,50.0,,,,,,Nobrick,,
974,Broadway,110th ,M3,1,53.0,,,,,,Nobrick,,
975,Broadway,110th ,M4,1,49.0,,,,,,Nobrick,,
976,Broadway,111th ,NW1,1.5,51.0,,TRASH CANS,,,,YES,,
977,Broadway,111th ,NW2,2,51.0,,,,,,YES,,
978,Broadway,111th ,NE1,1.25,51.0,,,,,,STRIPES,,
979,Broadway,111th ,NE2,2,47.0,0.5,,,YES,,YES,,YES
980,Broadway,111th ,SW1,1,58.0,,,,YES,,STRIPES,,YES
981,Broadway,111th ,SW2,1,67.0,,,,YES,,STRIPES,,
982,Broadway,111th ,SE1,2,49.0,,,,,,YES,,
983,Broadway,111th ,SE2,1,48.0,,A LOT OF BUILT UP WATER,,,,YES,,
984,Broadway,111th ,M1,3,81.0,,TEMPORARY POLICE BARRIERS,,,,NO,,
985,Broadway,111th ,M2,2,81.0,,TEMPORARY POLICE BARRIERS,,,,NO,,
986,Broadway,111th ,M3,0,74.0,,,,,,NO,,
987,Broadway,111th ,M4,0.5,71.0,3,,,,,NO,,
988,Broadway,112th ,NW1,1,41.0,,TEMPORARY BLOCADE DUE TP SIDEWALK CLOSURE,,YES,,GROOVES,,
989,Broadway,112th ,NW2,3,51.0,,,,,,GROOVES,,
990,Broadway,112th ,NE1,,,,,,,,,,YES
991,Broadway,112th ,NE2,2,61.0,,,,YES,,GROOVES,,
992,Broadway,112th ,SW1,2.5,48.0,1.15,,,,,GROOVES,,
993,Broadway,112th ,SW2,2,56.0,,,,,,GROOVES,,YES
994,Broadway,112th ,SE1,2,46.0,1,,,YES,,,,
995,Broadway,112th ,SE2,1.25,76.0,,,,,,GROOVES,,
996,Broadway,112th ,M1,1,69.0,,,,,,,,
997,Broadway,112th ,M2,1,79.0,,,,,,,,
998,Broadway,112th ,M3,1.5,78.0,,,,,,,,
999,Broadway,112th ,M4,2,74.0,1,,,YES,,,,
