,contract_type,provider_id,program_name,sponsor_name,program_address,program_borough,program_zipcode,program_phone
0,ABUSE PREVENTION,1E101,SHOPP ELDER ABUSE BX 1-8,THE NEIGHBORHOOD SELF-HELP BY OLDER PERSONS PROJEC,953 SOUTHERN BOULEVARD,BRONX,10459,718-542-0006
1,ABUSE PREVENTION,2E101,JASA ELDER ABUSE,THE JEWISH ASSOCIATION FOR SERVICES FOR THE AGED ,44 COURT STREET,BROOKLYN,11201,718-943-7752
2,ABUSE PREVENTION,3E201,CARTER BURDEN ELDER ABUSE,"CARTER BURDEN NETWORK, INC.",1484 FIRST AVENUE,NEW YORK,10021,212-879-7400
3,ABUSE PREVENTION,4E101,JASA ELDER ABUSE,THE JEWISH ASSOCIATION FOR SERVICES FOR THE AGED ,97-77 QUEENS BOULEVARD,REGO PARK,11374,718-286-1524
4,ABUSE PREVENTION,5E101,CASC ELDER ABUSE,COMMUNITY AGENCY FOR SENIOR CITIZENS INC ,56 BAY STREET,STATEN ISLAND,10301,718-981-6226
5,ABUSE PREVENTION,62001,ELDER ABUSE MULTIDISCIPLINARY TEAMS SERV,WEILL MEDICAL COLLEGE OF CORNELL UNIVERSITY,425 EAST 61 STREET,New York,10010,646-845-8202
6,ABUSE PREVENTION,64701,Weill Cornell PROTECT ,WEILL MEDICAL COLLEGE OF CORNELL UNIVERSITY,478 FIRST AVENUE,NEW YORK,10016,914-997-4333
7,CAREGIVER,1K101,PSS CAREGIVER SUPPORT PROGRAM,PRESBYTERIAN SENIOR SERVICES  ,325 EAST 156TH STREET,BRONX,10451,212-222-3132
8,CAREGIVER,1K501,NSHOPP CAREGIVERS,THE NEIGHBORHOOD SELF-HELP BY OLDER PERSONS PROJEC,953 Southern Blvd,Bronx,10459,718-542-0006
9,CAREGIVER,2K201,JASA BROOKLYN CAREGIVER RESPITE PROGRAM,THE JEWISH ASSOCIATION FOR SERVICES FOR THE AGED ,161 CORBIN PLACE,BROOKLYN,11235,718-934-4180
10,CAREGIVER,2K401,HEIGHTS AND HILL CAREGIVER PROGRAM,"HEIGHTS AND HILLS, INC. ",81 WILLOUGHBY STREET,BROOKLYN,11201,718-596-8789
11,CAREGIVER,3K301,LENOX HILL CAREGIVERS,LENOX HILL NEIGHBORHOOD HOUSE INC ,331 EAST 70TH STREET,New York,10021,212-744-5022
12,CAREGIVER,4K101,WQCN AT SUNNYSIDE COMMUNITY SERVICES,SUNNYSIDE COMMUNITY SERVICES INC ,43-31 39TH STREET,LONG ISLAND CIT,11104,718-392-6945
13,CAREGIVER,4K301,CAREGIVER PROGRAM OF SNAP,SERVICES NOW FOR ADULT PERSONS INC ,80-45 WINCHESTER BOULEVARD,QUEENS VILLAGE,11427,718-527-5380
14,CAREGIVER,5K101,JCC OF SI CAREGIVER SERVICES,JEWISH COMMUNITY CENTER OF STATEN ISLAND INC ,1297 ARTHUR KILL ROAD,STATEN ISLAND,10312,718-475-5287
15,CAREGIVER,6K101,HMH CAREGIVER SERVICES CITYWIDE,HAMILTON MADISON HOUSE INC  ,100 GOLD STREET,NEW YORK,10038,212-788-5580
16,CAREGIVER,6K301,PARTNERS IN CARING AT SAGE,"SERVICES AND ADVOCACY FOR GAY,LESBIAN,BISEXUAL AND",305 7TH AVENUE,NEW YORK,10001,212-741-2247
17,CAREGIVER,6K501,VISIONS CAREGIVER PROGRAM,VISIONS/SERVICES FOR THE BLIND AND VISUALLY IMPAIR,500 GREENWICH STREET,NEW YORK,10013,212-625-1616
18,CASE MANAGEMENT ONLY,1M901,NEIGHBORHOOD SHOPP CASE MANAGEMENT BX-1,THE NEIGHBORHOOD SELF-HELP BY OLDER PERSONS PROJEC,910 EAST 172ND STREET,BRONX,10460,718-542-0006
19,CASE MANAGEMENT ONLY,1MA01,RAIN CASE MANAGEMENT BX-2,REGIONAL AID FOR INTERIM NEEDS INC ,3377A WHITE PLAINS ROAD,BRONX,10467,347-346-9676
20,CASE MANAGEMENT ONLY,1MB01,JASA CASE MANAGEMENT BX-03,THE JEWISH ASSOCIATION FOR SERVICES FOR THE AGED ,1351 WHITE PLAINS ROAD,BRONX,10462,347-547-7140
21,CASE MANAGEMENT ONLY,2ME01,HEIGHTS AND HILLS CASE MANAGEMENT BK-02,"HEIGHTS AND HILLS, INC. ",57 WILLOUGHBY STREET,BROOKLYN,11201,718-596-8789
22,CASE MANAGEMENT ONLY,2MF01,SPECIAL SVCS. FOR SR. CASE MANG. BK-3,RECREATION ROOMS AND SETTLEMENT INC ,1304 EAST 57TH STREET,BROOKLYN,11234,718-257-1600
23,CASE MANAGEMENT ONLY,2MG01,JASA CASE MANAGEMENT BK-4,THE JEWISH ASSOCIATION FOR SERVICES FOR THE AGED ,1090 CONEY ISLAND AVENUE,BROOKLYN,11230,718-934-4294
24,CASE MANAGEMENT ONLY,2MH01,BENSON RIDGE CASE MANAGEMENT BK-5,CATHOLIC CHARITIES NEIGHBORHOOD SERVICES INC,6823 FIFTH AVENUE,BROOKLYN,11220,718-680-3530
25,CASE MANAGEMENT ONLY,2MJ01,JASA CASE MANAGEMENT BK-6,THE JEWISH ASSOCIATION FOR SERVICES FOR THE AGED ,3161 BRIGHTON 6TH STREET,BROOKLYN,11235,718-943-1615
26,CASE MANAGEMENT ONLY,2MK01,JASA CASE MANAGEMENT BK-7,THE JEWISH ASSOCIATION FOR SERVICES FOR THE AGED ,161 CORBIN PLACE,BROOKLYN,11235,718-934-4295
27,CASE MANAGEMENT ONLY,2MP01,RIDGEWOOD BUSHWICK CASE MANAGEMENT BK-01,RISEBORO COMMUNITY PARTNERSHIP INC,1175 Gates Avenue,BROOKLYN,11221,929-251-6626
28,CASE MANAGEMENT ONLY,3M801,NEW YORK FOUNDATION CASE MANAGEMENT MN-1,NEW YORK FOUNDATION FOR SENIOR CITIZENS INC ,11 PARK PLACE,NEW  YORK,10007,212-962-7817
29,CASE MANAGEMENT ONLY,3M901,SELFHELP PROJECT CASE MANAGEMENT MN-2,SELFHELP COMMUNITY SERVICES INC ,"520 EIGHTH AVENUE,",NEW  YORK,10018,212-787-8106
30,CASE MANAGEMENT ONLY,3MA01,LENOX HILL CASE MANAGEMENT MN-3,LENOX HILL NEIGHBORHOOD HOUSE INC ,331 EAST 70TH STREET,NEW  YORK,10021,212-218-0506
31,CASE MANAGEMENT ONLY,3MB01,ISABELLA CASE MANAGEMENT MN-4,ISABELLA GERIATRIC CENTER INC  ,515 AUDUBON AVENUE,NEW YORK,10040,212-342-9525
32,CASE MANAGEMENT ONLY,4MB01,SUNNYSIDE CASE MANAGEMENT,SUNNYSIDE COMMUNITY SERVICES INC ,43-31 39TH STREET,SUNNYSIDE,11104,718-784-6173
33,CASE MANAGEMENT ONLY,4MD01,QUEENS COMM. HOUSE CASE MANAGEMENT QNS-3,QUEENS COMMUNITY HOUSE INC. ,107-20 71ST ROAD,FOREST HILLS,11375,718-896-8511
34,CASE MANAGEMENT ONLY,4ME01,SELFHELP PROJECT QUEENS,SELFHELP COMMUNITY SERVICES INC ,45-25 KISSENA BOULEVARD,FLUSHING,11355,718-321-8194
35,CASE MANAGEMENT ONLY,4MF01,SOUTHWEST QUEENS CASE MANAGEMENT-QN 5,CATHOLIC CHARITIES NEIGHBORHOOD SERVICES INC,183-16 JAMAICA AVENUE,HOLLIS,11423,718-217-0126
36,CASE MANAGEMENT ONLY,4MG01,SNAP CASE MANAGEMENT QNS-06,SERVICES NOW FOR ADULT PERSONS INC ,80-45 WINCHESTER BOULEVARD,QUEENS VIALLAGE,11427,718-527-5380
37,CASE MANAGEMENT ONLY,4MH01,JASA CASE MANAGEMENT-QN 7,THE JEWISH ASSOCIATION FOR SERVICES FOR THE AGED ,131 BEACH 19TH STREET,FAR ROCKAWAY,11691,718-713-3413
38,CASE MANAGEMENT ONLY,5M401,CASC CSMG,COMMUNITY AGENCY FOR SENIOR CITIZENS INC ,56 BAY STREET,STATEN ISLAND,10301,718-981-6226
39,CONGREGATE SITES,14N02,NYCHA SITE HIGHBRIDGE GARDENS,PRESBYTERIAN SENIOR SERVICES  ,1181 NELSON AVENUE,BRONX,10452,718-588-3004
40,CONGREGATE SITES,21H02,GLENMORE SOCIAL CLUB,WAYSIDE OUT-REACH DEVELOPMENT INC ,1777 PITKIN AVENUE,BROOKLYN,11212,718-000-0000
41,CONGREGATE SITES,25L02,Cypress Hills Social Club ,CYPRESS HILLS-FULTON STREET SENIOR CITIZENS CENTER,3208 FULTON STREET,BROOKLYN,11208,718-235-0064
42,CONGREGATE SITES,27P02,GLENMORE SOCIAL CLUB,WAYSIDE OUT-REACH DEVELOPMENT INC ,1777 PITKIN AVENUE,BROOKLYN,11212,718-345-5665
43,CONGREGATE SITES,35C04,Lincoln Social Club ,"CENTRAL HARLEM SENIOR CITIZENS CENTERS, INC.",34 WEST 134TH STREET,NEW YORK,10037,212-926-4871
44,CONGREGATE SITES,41H02,RAICES CORONA NEIGHBORHOOD SENIOR CENT,THE SPANISH SPEAKING ELDERLY COUNCIL-RAICES INC.,10724 10724 Corona Ave,Corona,11368,718-458-7259
45,CONGREGATE SITES,43S02,ASTORIA NYCHA SITE 9,THE SPANISH SPEAKING ELDERLY COUNCIL-RAICES INC.,21-21 30TH DRIVE,LONG ISLAND CIT,11102,718-726-9642
46,CONGREGATE SITES,44T02,ASTORIA NYCHA SITE 9,THE SPANISH SPEAKING ELDERLY COUNCIL-RAICES INC.,21-21 30TH DRIVE,LONG ISLAND CIT,11102,718-726-9642
47,DELIVER SYSTEM REFORM,4C401,SELFHELP NY CONNECTS,SELFHELP COMMUNITY SERVICES INC ,45-35 KISSENA BOULEVARD ,Queens,11367,718-639-2000
48,GERIATRIC MENTAL HEALTH ,1G701,JASA MENTAL HEALTH,THE JEWISH ASSOCIATION FOR SERVICES FOR THE AGED ,1 Fordham Plaza,Bronx,10458,718-365-4044
49,GERIATRIC MENTAL HEALTH ,3G101,SPOP MENTAL HEALTH,SERVICE PROGRAM FOR OLDER PEOPLE INC ,302 WEST 91ST STREET,NEW YORK,10024,212-787-7120
50,GERIATRIC MENTAL HEALTH ,4G801,SAMUEL FIELD MENTAL HEALTH,SAMUEL FIELD YM & YWHA INC  ,58-20   Little Neck Parkway,Little Neck  ,11362,718-225-6750
51,GERIATRIC MENTAL HEALTH ,5G301,WEILL CORNELL MENTAL HEALTH,WEILL MEDICAL COLLEGE OF CORNELL UNIVERSITY,478 1st Street,NEW Y ORK,10010,914-997-4333
52,HOME CARE,1H501,PERSONAL TOUCH -BRONX,PERSONAL-TOUCH HOME CARE OF N.Y. INC.,186-18 HILLSIDE AVENUE,JAMAICA,11432,718-468-2500
53,HOME CARE,2HB01,PERSONAL TOUCH-BROOKLYN,PERSONAL-TOUCH HOME CARE OF N.Y. INC.,186-18 HILLSIDE AVENUE,JAMAICA,11432,718-468-2500
54,HOME CARE,3HD01,NEW YORK FOUNDATION-MANHATTAN,NEW YORK FOUNDATION FOR SENIOR CITIZENS HOME ATTEN,11 PARK PLACE,NEW YORK,10007,212-962-7559
55,HOME CARE,4H701,PEOPLE CARE-QUEENS,PEOPLE CARE INCORPORATED,116 WEST 32ND STREET,NEW YORK,10001,212-600-9424
56,HOME CARE,5H601,RICHMOND HOME NEEDS,RICHMOND HOME NEED SERVICES INC ,3155 AMBOY ROAD,STATEN ISLAND,10306,718-313-1381
57,HOME DELIVERED MEALS,15X01,MID BRONX HOME DELIVERED MEALS,MID BRONX SENIOR CITIZENS COUNCIL INC ,900 GRAND CONCOURSE,BRONX,10451,718-992-2057
58,HOME DELIVERED MEALS,15Y01,RAIN HOME DELIVERED MEALS,REGIONAL AID FOR INTERIM NEEDS INC ,3450 BOSTON ROAD,BRONX,10469,718-231-7246
59,HOME DELIVERED MEALS,15Z01,RAIN HOME DELIVERED MEALS,REGIONAL AID FOR INTERIM NEEDS INC ,3450 BOSTON ROAD,BRONX,10469,718-231-7246
60,HOME DELIVERED MEALS,27Y01,JCCGCI HOME DELIVERED MEALS,JEWISH COMMUNITY COUNCIL OF GREATER CONEY ISLAND I,1960 EAST 7TH STREET,BROOKLYN,11223,718-627-2500
61,HOME DELIVERED MEALS,29D01,WAYSIDE HOME DELIVERED MEALS,WAYSIDE OUT-REACH DEVELOPMENT INC ,460 DUMONT AVENUE,BROOKLYN,11212,929-234-6333
62,HOME DELIVERED MEALS,29E01,JASA HOME DELIVERED MEALS,THE JEWISH ASSOCIATION FOR SERVICES FOR THE AGED ,1201 PENNSYLVANIA AVENUE,BROOKLYN,11239,718-769-7455
63,HOME DELIVERED MEALS,29F01,BAYRIDGE HOME DELIVERED MEALS,BAY RIDGE CENTER INC d/b/a BAY RIDGE CENTER,411 OVINGTON AVENUE,BROOKLYN,11209,718-748-0650
64,HOME DELIVERED MEALS,29G01,JASA HOME DELIVERED MEALS,THE JEWISH ASSOCIATION FOR SERVICES FOR THE AGED ,1201 PENNSYLVANIA AVENUE,BROOKLYN,11239,718-337-1989
65,HOME DELIVERED MEALS,29H01,RIDGEWOOD BUSHWICK HOME DELIVERED MEALS,RISEBORO COMMUNITY PARTNERSHIP INC,80 SEIGEL STREET,BROOKLYN,11206,718-782-6334
66,HOME DELIVERED MEALS,29R01,RIDGEWOOD BUSHWICK HOME DELIVERED MEALS,RISEBORO COMMUNITY PARTNERSHIP INC,319 STANHOPE STREET,BROOKLYN,11237,718-782-6334
67,HOME DELIVERED MEALS,36F01,HENRY ST HOME DELIVERED MEALS,HENRY STREET SETTLEMENT  ,265 HENRY STREET,NEW YORK,10002,212-473-1474
68,HOME DELIVERED MEALS,36G01,ENCORE HOME DELIVERED MEALS,ENCORE COMMUNITY SERVICES  ,220 WEST 49TH STREET,NEW YORK,10019,212-581-2910
69,HOME DELIVERED MEALS,36H01,STANLEY ISAACS HOME DELIVERED MEALS,STANLEY M ISAACS NEIGHBORHOOD CENTER INC ,415 EAST 93RD STREET,NEW YORK,10128,212-360-7620
70,HOME DELIVERED MEALS,36J01,CHARLES WALBURG HOME DELIVERED MEALS,CHARLES A WALBURG MULTI SERVICE ORGANIZATION INC ,163 WEST 125TH STREET,NEW YORK,10027,212-222-2552
71,HOME DELIVERED MEALS,46E01,CCNS SWQ HOME DELIVERED MEALS PROGRAM,CATHOLIC CHARITIES NEIGHBORHOOD SERVICES INC,103-02 101ST AVENUE,OZONE PARK,11416,718-806-1080
72,HOME DELIVERED MEALS,46G01,JASA HOME DELIVERED MEALS,THE JEWISH ASSOCIATION FOR SERVICES FOR THE AGED ,131 BEACH 19TH STREET,FAR ROCKAWAY,11691,718-327-6023
73,HOME DELIVERED MEALS,46H01,CCNS HOME DELIVERED MEALS,CATHOLIC CHARITIES NEIGHBORHOOD SERVICES INC,168-01B HILLSIDE AVENUE,JAMAICA,11432,718-357-4903
74,HOME DELIVERED MEALS,46J01,SNAP HOME DELIVERED MEALS,SERVICES NOW FOR ADULT PERSONS INC ,80-45 WINCHESTER BOULEVARD,QUEENS VILLAGE,11427,718-454-2385
75,HOME DELIVERED MEALS,46N01,CCNS HOME DELIVERED MEALS,CATHOLIC CHARITIES NEIGHBORHOOD SERVICES INC,89-18 ASTORIA BOULEVARD,ELMHURST,11369,718-806-1080
76,HOME DELIVERED MEALS,46P01,PETER CARDELLA HOME DELIVERED MEALS,PETER CARDELLA SENIOR CITIZEN CENTER INC ,68-52 FRESH POND ROAD,RIDGEWOOD,11385,718-497-2908
77,HOME DELIVERED MEALS,46R01,QUEENS COMM HOUSE HOME DELIVERED MEALS,QUEENS COMMUNITY HOUSE INC. ,108-25 62nd DRIVE,FOREST HILLS,11375,718-592-5757
78,HOME DELIVERED MEALS,46S01,FLORENCE E. SMITH HOME DELIVERED MEALS,CORONA CONGREGATIONAL CHURCH  ,102-19 34TH AVENUE,CORONA,11368,718-899-0553
79,HOME DELIVERED MEALS,55601,MEALS ON WHEELS OF S.I.,MEALS ON WHEELS OF STATEN ISLAND INC ,304 PORT RICHMOND AVENUE,STATEN ISLAND,10302,718-727-4435
80,INNOVATIVE SENIOR CENTERS,15E01,Neighborhood SHOPP Innovative Senior Center,THE NEIGHBORHOOD SELF-HELP BY OLDER PERSONS PROJEC,910 EAST 172ND STREET,BRONX,10460,718-542-0222
81,INNOVATIVE SENIOR CENTERS,15G01,BronxWorks Innovative Senior Center,BRONXWORKS INC,80 EAST 181ST STREET,BRONX,10453,718-933-5300
82,INNOVATIVE SENIOR CENTERS,28A01,CCNS Riverway Innovative Senior Center,CATHOLIC CHARITIES NEIGHBORHOOD SERVICES INC,230 RIVERDALE AVENUE,BROOKLYN,11212,718-942-5345
83,INNOVATIVE SENIOR CENTERS,28B01,JCCGCI Innovative Senior Center,JEWISH COMMUNITY COUNCIL OF GREATER CONEY ISLAND I,3001 WEST 37TH STREET,BROOKLYN,11224,718-449-5000
84,INNOVATIVE SENIOR CENTERS,28G01,Ridgewood Bushwick Innovative Senior Center,RISEBORO COMMUNITY PARTNERSHIP INC,9 NOLL STREET,BROOKLYN,11206,718-782-3601
85,INNOVATIVE SENIOR CENTERS,35D01,Carter Burden Innovative Senior Center,"CARTER BURDEN NETWORK, INC.",312 EAST 109 STREET,NEW YORK,10029,212-423-9665
86,INNOVATIVE SENIOR CENTERS,35E01,Sirovich Innovative Senior Center,THE EDUCATIONAL ALLIANCE INC  ,331 EAST 12TH STREET,NEW YORK,10003,646-395-4523
87,INNOVATIVE SENIOR CENTERS,35F01,FIND Aid Innovative Senior Center,FIND AID FOR THE AGED  ,141 WEST 73RD STREET,NEW YORK,10023,212-787-7710
88,INNOVATIVE SENIOR CENTERS,35K01,Lenox Hill Innovative Senior Center,LENOX HILL NEIGHBORHOOD HOUSE INC ,343 EAST 70TH STREET,NEW YORK,10021,212-744-5905
89,INNOVATIVE SENIOR CENTERS,35M01,YM YWHA INNOVATIVE SENIOR CENTER,YM YWHA OF WASHINGTON HEIGHTS AND INWOOD INC ,54 NAGLE AVENUE,NEW YORK,10040,212-569-6200
90,INNOVATIVE SENIOR CENTERS,45N01,HANAC Harmony JVL Innovative Senior Center,"HANAC, INC. ",27-40 HOYT AVENUE SOUTH,ASTORIA,11102,718-396-5002
91,INNOVATIVE SENIOR CENTERS,45T01,Selfhelp Innovative Senior Center,SELFHELP COMMUNITY SERVICES INC ,45-25 KISSENA BOULEVARD,FLUSHING,11355,718-886-5777
92,INNOVATIVE SENIOR CENTERS,45V01,SNAP Innovative Senior Center,SERVICES NOW FOR ADULT PERSONS INC ,80-45 WINCHESTER  BOULEVARD,QUEENS VILLAGE,11427,718-454-2100
93,INNOVATIVE SENIOR CENTERS,57401,JCC of Staten Island Innovative Senior Center,JEWISH COMMUNITY CENTER OF STATEN ISLAND INC ,1466 MANOR ROAD,STATEN ISLAND,10314,718-475-5200
94,INNOVATIVE SENIOR CENTERS,64801,VISIONS Innovative Senior Center,VISIONS/SERVICES FOR THE BLIND AND VISUALLY IMPAIR,135 WEST 23RD STREET,NEW YORK,10011,646-486-4444
95,INNOVATIVE SENIOR CENTERS,64901,SAGE Innovative Senior Center,"SERVICES AND ADVOCACY FOR GAY,LESBIAN,BISEXUAL AND",305 SEVENTH AVENUE,NEW YORK,10001,212-741-2247
96,LEGAL SERVICES,1AA01,LSNY BRONX,LSNY-BRONX CORPORATION,349 EAST 149TH STREET,BRONX,10451,917-661-4500
97,LEGAL SERVICES,20I01,SOUTH BROOKLYN LEGAL SERVICES INC,BROOKLYN LEGAL SERVICES INC,105 Court Street,Brooklyn,11201,646-442-3563
98,LEGAL SERVICES,22D01,LEGAL SERVICES FOR NEW YORK CITY,LEGAL SERVICES NYC D/B/A LEGAL SERVICES FOR NEW YO,40  WORTH STR,New Yok,10013,646-442-3563
99,LEGAL SERVICES,32V01,MOBILIZATION FOR JUSTICE INC,MOBILIZATION FOR JUSTICE INC  ,100 WILLIAM STREET,NEW YORK,10038,212-417-3700
100,LEGAL SERVICES,40A01,JASA LEGAL SERVICES,THE JEWISH ASSOCIATION FOR SERVICES FOR THE AGED ,97-77 QUEENS BOULEVARD,FLUSHING,11374,718-286-1500
101,NEIGHBORHOOD SENIOR CENTE,10101,YM YWHA RIVERDALE Y SENIOR CENTER,YM YWHA OF THE BRONX dba RIVERDALE YM YWHA ,5625 ARLINGTON AVENUE,BRONX,10471,718-548-8200
102,NEIGHBORHOOD SENIOR CENTE,10401,MARBLE HILL NEIGHBORHOOD SENIOR CENTER,CHILD DEVELOPMENT CENTER OF THE MOSHOLU-MONTEFIORE,5365 BROADWAY,Bronx,10463,718-562-8551
103,NEIGHBORHOOD SENIOR CENTE,10A01,MITCHELL NEIGHBORHOOD SENIOR CENTER,EAST SIDE HOUSE INC  ,188 LINCOLN AVENUE,BRONX,10454,718-665-2168
104,NEIGHBORHOOD SENIOR CENTE,10C01,N SHOPP LEON NEIGHBORHOOD SENIOR CENTE,THE NEIGHBORHOOD SELF-HELP BY OLDER PERSONS PROJEC,735 EAST 152ND STREET,BRONX,10455,718-708-6897
105,NEIGHBORHOOD SENIOR CENTE,10D01,VAN CORTLANDT NEIGHBORHOOD SENIOR CENT,THE JEWISH ASSOCIATION FOR SERVICES FOR THE AGED ,3880 SEDGWICK AVENUE,BRONX,10463,718-549-4700
106,NEIGHBORHOOD SENIOR CENTE,10H01,E. ROBERT MOORE NEIGHBORHOOD SENIOR CENT,BRONXWORKS INC,515 JACKSON AVENUE,BRONX,10455,718-665-5559
107,NEIGHBORHOOD SENIOR CENTE,10K01,THOMAS GUESS NEIGHBORHOOD SENIOR CENT,THE NEIGHBORHOOD SELF-HELP BY OLDER PERSONS PROJEC,2070 CLINTON AVENUE,BRONX,10457,718-584-2357
108,NEIGHBORHOOD SENIOR CENTE,11T01,BETANCES NEIGHBORHOOD SENIOR CENTER,INSTITUTE FOR THE PUERTO RICAN HISPANIC ELDERLY IN,607 CONCORD AVE,BRONX,10455,718-292-4922
109,NEIGHBORHOOD SENIOR CENTE,12801,SISTER ANNUNCIATA BETHEL NSC,BEDFORD PARK MULTI-SERVICE CENTER FOR SENIOR CITIZ,243 EAST 204TH STREET,BRONX,10458,718-365-3725
110,NEIGHBORHOOD SENIOR CENTE,12A01,ARTURO SCHOMBURG NEIGHBORHOOD SENIOR,INSTITUTE FOR THE PUERTO RICAN HISPANIC ELDERLY IN,1315 FRANKLIN AVENUE,BRONX,10456,718-842-6880
111,NEIGHBORHOOD SENIOR CENTE,12M01,RAIN MT CARMEL NEIGHBORHOOD SENIOR CTR,REGIONAL AID FOR INTERIM NEEDS INC ,2405  SOUTHERN BLVD,BRONX,10458,718-733-8852
112,NEIGHBORHOOD SENIOR CENTE,12R01,BRONX RIVER NEIGHBORHOOD SENIOR CENTER,INSTITUTE FOR THE PUERTO RICAN HISPANIC ELDERLY IN,1619 EAST 174TH ST,BRONX,10472,718-617-6334
113,NEIGHBORHOOD SENIOR CENTE,13201,THROGS NECK NEIGHBORHOOD SENIOR CENTER,THE JEWISH ASSOCIATION FOR SERVICES FOR THE AGED ,2705 SCHLEY AVENUE,BRONX,10465,718-823-1771
114,NEIGHBORHOOD SENIOR CENTE,13D01,DREISER NEIGHBORHOOD SENIOR CENTER,THE JEWISH ASSOCIATION FOR SERVICES FOR THE AGED ,177 DREISER LOOP,BRONX,10475,718-320-1345
115,NEIGHBORHOOD SENIOR CENTE,13H01,Sister Annunciata Bethell Neighborhood Senior Cent,BEDFORD PARK MULTI-SERVICE CENTER FOR SENIOR CITIZ,243 EAST 204TH ST,BRONX,10458,718-365-3725
116,NEIGHBORHOOD SENIOR CENTE,13J01,Bronx House Weinberg Neighborhood Senior Center,BRONX HOUSE INC  ,990 PELHAM PARKWAY SOUTH,BRONX,10461,718-792-1800
117,NEIGHBORHOOD SENIOR CENTE,13K01,Heights Neighborhood Senior Center,BRONXWORKS INC,200 WEST TREMONT AVENUE,BRONX,10453,718-299-0300
118,NEIGHBORHOOD SENIOR CENTE,13L01,E. Roberts Moore Neighborhood Senior Center,BRONXWORKS INC,515 JACKSON AVENUE,BRONX,10455,718-665-5559
119,NEIGHBORHOOD SENIOR CENTE,13M01,East Concourse Neighborhood Senior Center,BRONXWORKS INC,236 EAST TREMONT AVENUE,BRONX,10457,718-731-6300
120,NEIGHBORHOOD SENIOR CENTE,13N01,Marble Hill Neighborhood Senior Center,CHILD DEVELOPMENT CENTER OF THE MOSHOLU-MONTEFIORE,5365 BROADWAY,BRONX,10463,718-562-8551
121,NEIGHBORHOOD SENIOR CENTE,13P01,Mosholu Montefiore Neighborhood Senior Center,CHILD DEVELOPMENT CENTER OF THE MOSHOLU-MONTEFIORE,3450 DEKALB AVENUE,BRONX,10467,718-798-6601
122,NEIGHBORHOOD SENIOR CENTE,13Q01,Mitchell Neighborhood Senior Center,EAST SIDE HOUSE INC  ,188 LINCOLN AVENUE,BRONX,10454,718-665-2168
123,NEIGHBORHOOD SENIOR CENTE,13R01,Melrose Mott Haven Neighborhood Senior Center,EAST SIDE HOUSE INC  ,372 EAST 152 STREET,BRONX,10455,718-665-2280
124,NEIGHBORHOOD SENIOR CENTE,13S01,Hope of Israel Neighborhood Senior Center,HOPE OF ISRAEL SENIOR CITIZENS CENTER INC ,1068 GERARD AVENUE,BRONX,10452,718-665-8400
125,NEIGHBORHOOD SENIOR CENTE,13T01,Bronx River Neighborhood Senior Center,INSTITUTE FOR THE PUERTO RICAN HISPANIC ELDERLY IN,1619 EAST 174TH ST,BRONX,10472,718-617-6334
126,NEIGHBORHOOD SENIOR CENTE,13U01,James Monroe Neighborhood Senior Center,INSTITUTE FOR THE PUERTO RICAN HISPANIC ELDERLY IN,1776 STORY AVENUE,BRONX,10472,718-893-3484
127,NEIGHBORHOOD SENIOR CENTE,13V01,Arturo Schomburg Neighborhood Senior Center,INSTITUTE FOR THE PUERTO RICAN HISPANIC ELDERLY IN,1315 FRANKLIN AVENUE,BRONX,10456,718-842-6880
128,NEIGHBORHOOD SENIOR CENTE,13X01,Betances Neighborhood Senior Center,INSTITUTE FOR THE PUERTO RICAN HISPANIC ELDERLY IN,607 CONCORD AVE,BRONX,10455,718-292-4922
129,NEIGHBORHOOD SENIOR CENTE,13Y01,Van Cortlandt Neighborhood Senior Center,THE JEWISH ASSOCIATION FOR SERVICES FOR THE AGED ,3880 SEDGWICK AVENUE,BRONX,10463,718-549-4700
130,NEIGHBORHOOD SENIOR CENTE,13Z01,Coop City Neighborhood Senior Center,THE JEWISH ASSOCIATION FOR SERVICES FOR THE AGED ,2049 BARTOW AVENUE,BRONX,10475,718-320-2066
131,NEIGHBORHOOD SENIOR CENTE,14A01,Concourse Plaza Wellness Neighborhood Senior Cente,MID BRONX SENIOR CITIZENS COUNCIL INC ,900 GRAND CONCOURSE,BRONX,10451,718-588-8200
132,NEIGHBORHOOD SENIOR CENTE,14B01,Thomas Guess Neighborhood Senior Center,THE NEIGHBORHOOD SELF-HELP BY OLDER PERSONS PROJEC,2070 CLINTON AVENUE,BRONX,10457,718-584-2357
133,NEIGHBORHOOD SENIOR CENTE,14C01,Bay Eden Neighborhood Senior Center,THE JEWISH ASSOCIATION FOR SERVICES FOR THE AGED ,1220 EAST 229TH STREET,BRONX,10466,718-882-3815
134,NEIGHBORHOOD SENIOR CENTE,14D01,Dreiser Neighborhood Senior Center,THE JEWISH ASSOCIATION FOR SERVICES FOR THE AGED ,177 DREISER LOOP,BRONX,10475,718-320-1345
135,NEIGHBORHOOD SENIOR CENTE,14E01,Throggs Neck Neighborhood Senior Center,THE JEWISH ASSOCIATION FOR SERVICES FOR THE AGED ,2705 SCHLEY AVENUE,BRONX,10465,718-823-1771
136,NEIGHBORHOOD SENIOR CENTE,14F01,Kips Bay Castle Hill Neighborhood Senior Center,KIPS BAY BOYS AND GIRLS CLUB  ,625 CASTLE HILL AVENUE,BRONX,10473,718-319-9156
137,NEIGHBORHOOD SENIOR CENTE,14H01,Neighborhood SHOPP Leon Neighborhood Senior Center,THE NEIGHBORHOOD SELF-HELP BY OLDER PERSONS PROJEC,735 EAST 152ND STREET,BRONX,10455,718-708-6897
138,NEIGHBORHOOD SENIOR CENTE,14J01,Northeast Bronx Neighborhood Senior Center,NORTHEAST BRONX SENIOR CITIZENS INC ,2968 BRUCKNER BLVD,BRONX,10465,718-892-6090
139,NEIGHBORHOOD SENIOR CENTE,14K01,PSS Parkside Neighborhood Senior Center,PRESBYTERIAN SENIOR SERVICES  ,644 ADEE AVENUE,BRONX,10467,718-881-7780
140,NEIGHBORHOOD SENIOR CENTE,14L01,PSS Andrew Jackson Neighborhood Senior Center,PRESBYTERIAN SENIOR SERVICES  ,325 EAST 156TH STREET,BRONX,10451,718-585-1640
141,NEIGHBORHOOD SENIOR CENTE,14M01,PSS Davidson Neighborhood Senior Center,PRESBYTERIAN SENIOR SERVICES  ,950 UNION AVENUE,BRONX,10459,718-328-2811
142,NEIGHBORHOOD SENIOR CENTE,14N01,PSS Highbridge Neighborhood Senior Center,PRESBYTERIAN SENIOR SERVICES  ,1181 NELSON AVENUE,BRONX,10452,718-588-3004
143,NEIGHBORHOOD SENIOR CENTE,14P01,RAIN Gunhill Neighborhood Senior Center,REGIONAL AID FOR INTERIM NEEDS INC ,3377 WHITE PLAINS ROAD,BRONX,10467,718-881-5589
144,NEIGHBORHOOD SENIOR CENTE,14Q01,RAIN Eastchester Neighborhood Senior Center,REGIONAL AID FOR INTERIM NEEDS INC ,1246 BURKE AVENUE,BRONX,10469,718-882-8513
145,NEIGHBORHOOD SENIOR CENTE,14R01,RAIN Middletown Neighborhood Senior Center,REGIONAL AID FOR INTERIM NEEDS INC ,3035 MIDDLETOWN ROAD,BRONX,10461,718-822-0486
146,NEIGHBORHOOD SENIOR CENTE,14S01,RAIN Nereid Neighborhood Senior Center,REGIONAL AID FOR INTERIM NEEDS INC ,720 NEREID AVENUE,BRONX,10466,718-994-0132
147,NEIGHBORHOOD SENIOR CENTE,14T01,RAIN Parkchester Neighborhood Senior Center,REGIONAL AID FOR INTERIM NEEDS INC ,1380 METROPOLITAN AVENUE,BORNX,10462,718-597-9220
148,NEIGHBORHOOD SENIOR CENTE,14U01,RAIN Boston Road Neighborhood Senior Center,REGIONAL AID FOR INTERIM NEEDS INC ,2424 BOSTON ROAD,BRONX,10467,718-547-8827
149,NEIGHBORHOOD SENIOR CENTE,14V01,RAIN Boston East Neighborhood Senior Center,REGIONAL AID FOR INTERIM NEEDS INC ,3450 BOSTON ROAD,BRONX,10469,718-654-9200
150,NEIGHBORHOOD SENIOR CENTE,14X01,RAIN Boston Secor Neighborhood Senior Center,REGIONAL AID FOR INTERIM NEEDS INC ,3540 BIVONA STREET,BRONX,10475,718-671-8550
151,NEIGHBORHOOD SENIOR CENTE,14Y01,Riverdale Neighborhood Senior Center,RIVERDALE SENIOR SERVICES INC  ,2600 NETHERLAND AVENUE,BRONX,10463,718-884-5900
152,NEIGHBORHOOD SENIOR CENTE,14Z01,SEBCO Neighborhood Senior Center,SEBCO DEVELOPMENT INC  ,887 SOUTHERN BLVD,BRONX,10459,718-617-3465
153,NEIGHBORHOOD SENIOR CENTE,15601,RAIN PARKCHESTER NEIGHBORHOOD SENIOR C,REGIONAL AID FOR INTERIM NEEDS INC ,1380 METROPOLITAN AVENUE,BRONX,10462,718-597-9220
154,NEIGHBORHOOD SENIOR CENTE,15B01,William Hodson Neighborhood Senior Center,WILLIAM HODSON COMMUNITY CENTER INC ,1320 WEBSTER AVENUE,BRONX,10456,718-538-1515
155,NEIGHBORHOOD SENIOR CENTE,15C01,Riverdale Y Senior Center,YM YWHA OF THE BRONX dba RIVERDALE YM YWHA ,5625 ARLINGTON AVENUE,BRONX,10471,718-548-8200
156,NEIGHBORHOOD SENIOR CENTE,15D01,PSS City Island Neighborhood Senior Center,PRESBYTERIAN SENIOR SERVICES  ,116 CITY ISLAND AVENUE,BRONX,10464,718-885-0727
157,NEIGHBORHOOD SENIOR CENTE,15F01,RAIN Mt. Carmel Neighborhood Senior Center,REGIONAL AID FOR INTERIM NEEDS INC ,2405  SOUTHERN BLVD,BRONX,10458,718-733-8852
158,NEIGHBORHOOD SENIOR CENTE,17601,HEIGHTS NEIGHBORHOOD SENIOR CENTER,BRONXWORKS INC,200 WEST TREMONT AVENUE,BRONX,10453,718-299-0300
159,NEIGHBORHOOD SENIOR CENTE,17801,HOPE OF ISRAEL NEIGHBORHOOD SENIOR CTR,HOPE OF ISRAEL SENIOR CITIZENS CENTER INC ,1068 GERARD AVENUE,BRONX,10452,718-665-8400
160,NEIGHBORHOOD SENIOR CENTE,18401,NORTHEAST BRONX NEIGHBORHOOD SENIOR CT,NORTHEAST BRONX SENIOR CITIZENS INC ,2968 BRUCKNER BLVD.,BRONX,10465,718-892-6090
161,NEIGHBORHOOD SENIOR CENTE,18801,RIVERDALE NEIGHBORHOOD SENIOR CENTER,RIVERDALE SENIOR SERVICES INC  ,2600 NETHERLAND AVENUE,BRONX,10463,718-884-5900
162,NEIGHBORHOOD SENIOR CENTE,18901,SEBCO NEIGHBORHOOD SENIOR CENTER,SEBCO DEVELOPMENT INC  ,887 SOUTHERN BLVD.,BRONX,10459,718-617-3465
163,NEIGHBORHOOD SENIOR CENTE,1A601,PSS HIGHBRIDGE NEIGHBORHOOD SENIOR CENTE,PRESBYTERIAN SENIOR SERVICES  ,1181 NELSON AVENUE,BRONX,10452,718-588-3004
164,NEIGHBORHOOD SENIOR CENTE,1AE01,SISTER ANNUNCIATA BETHELL NSC,BEDFORD PARK MULTI-SERVICE CENTER FOR SENIOR CITIZ,243  East 204th Street,Bronx,10458,718-365-3725
165,NEIGHBORHOOD SENIOR CENTE,1YH01,BRONX HOUSE WEINBERG NSC,BRONX HOUSE INC  ,990  PELHAM PARKWAY SOUTH,BRONX,10461,718-792-1800
166,NEIGHBORHOOD SENIOR CENTE,20201,GRACE AGARD HAREWOOD NEIGHBORHOOD SENIOR,FORT GREENE COUNCIL ,966 FULTON STREET,BROOKLYN,11238,718-638-6910
167,NEIGHBORHOOD SENIOR CENTE,20B01,SHALOM NEIGHBORHOOD SENIOR CENTER,CROWN HEIGHTS PRESERVATION CORP ,483  ALBANY AVENUE,BROOKLYN,11203,718-774-9213
168,NEIGHBORHOOD SENIOR CENTE,20D01,UNITED NEIGHBORHOOD SENIOR CITIZENS CTR,UNITED SENIOR CITIZENS OF SUNSET PARK INC ,475  EAST 53RD STREET,BROOKLYN,11220,718-439-8647
169,NEIGHBORHOOD SENIOR CENTE,20Q01,INDEPENDENCE NEIGHBORHOOD SENIOR CENTER,BERGEN BASIN COMMUNITY DEVELOPMENT CORPORATION DBA,114 TAYLOR STREET,BROOKLYN,11211,718-388-9242
170,NEIGHBORHOOD SENIOR CENTE,20U01,MARINE PARK ACTIVE ADULTS NEIGHBORHOOD,BERGEN BEACH YOUTH ORGANIZATION INC ,3000 FILLMORE AVENUE,BROOKLYN,11234,718-336-0275
171,NEIGHBORHOOD SENIOR CENTE,20Y01,BCA NEIGHBORHOOD SENIOR CENTER,BROOKLYN CHINESE-AMERICAN ASSOCIATION INC,545 60TH STREET,BROOKLYN,11220,718-567-9311
172,NEIGHBORHOOD SENIOR CENTE,21301,CCNS THE LODGE NEIGHBORHOOD SR CTR,CATHOLIC CHARITIES NEIGHBORHOOD SERVICES INC,7711 18TH AVENUE,BROOKLYN,11214,718-621-1081
173,NEIGHBORHOOD SENIOR CENTE,21401,CCNS NORTHSIDE NEIGHBORHOOD SENIOR CTR,CATHOLIC CHARITIES NEIGHBORHOOD SERVICES INC,179 NORTH 6TH STREET,BROOKLYN,11211,718-387-2316
174,NEIGHBORHOOD SENIOR CENTE,21601,RAICES TIMES PLAZA NEIGHBORHOOD SC,THE SPANISH SPEAKING ELDERLY COUNCIL-RAICES INC.,460 ATLANTIC AVENUE,BROOKLYN,11217,718-694-0895
175,NEIGHBORHOOD SENIOR CENTE,21604,RAICES,THE SPANISH SPEAKING ELDERLY COUNCIL-RAICES INC.,460 ATLANTIC AVENUE,BROOKLYN,11217,718-694-0895
176,NEIGHBORHOOD SENIOR CENTE,21A01,HABER HOUSE NEIGHBORHOOD SENIOR CENTER,JEWISH COMMUNITY COUNCIL OF GREATER CONEY ISLAND I,3024  WEST 24TH STREET,BROOKLYN,11224,718-372-5775
177,NEIGHBORHOOD SENIOR CENTE,21B01,MARIA LAWTON NEIGHBORHOOD SENIOR CENTER,FORT GREENE COUNCIL ,400 HART STREET,BROOKLYN,11206,718-452-7474
178,NEIGHBORHOOD SENIOR CENTE,21C01,MARLBORO NEIGHBORHOOD SENIOR CENTER,JEWISH COMMUNITY COUNCIL OF GREATER CONEY ISLAND I,2298 West 8th Street,BROOKLYN,11223,718-373-6161
179,NEIGHBORHOOD SENIOR CENTE,21F01,RED HOOK NEIGHBORHOOD SENIOR CENTER,THE SPANISH SPEAKING ELDERLY COUNCIL-RAICES INC.,120 West 9th Street,BROOKLYN,11231,718-269-0519
180,NEIGHBORHOOD SENIOR CENTE,21H01,ROSETTA GASTON NEIGHBORHOOD SENIOR CTR,WAYSIDE OUT-REACH DEVELOPMENT INC ,460  DUMONT AVENUE ,BROOKLYN,11212,718-345-5665
181,NEIGHBORHOOD SENIOR CENTE,21J01,TILDEN NEIGHBORHOOD SENIOR CENTER,WAYSIDE OUT-REACH DEVELOPMENT INC ,630  MOTHER GASTON BLVD  ,BROOKLYN ,11212,718-498-2990
182,NEIGHBORHOOD SENIOR CENTE,21J02,Langston Hughes Social Club,WAYSIDE OUT-REACH DEVELOPMENT INC ,301  SUTTER AVENUE ,BROOKLYN ,11212,718-498-2990
183,NEIGHBORHOOD SENIOR CENTE,21K01,BLENMAN NEIGHBORHOOD SENIOR CENTER,FORT GREENE COUNCIL ,720 EAST NEW YORK AVENUE,BROOKLYN,11203,718-773-7400
184,NEIGHBORHOOD SENIOR CENTE,21N01,HUGH GILROY NEIGHBORHOOD SENIOR CENTER,FORT GREENE COUNCIL ,"447 Kingsborough, 4th Walk",BROOKLYN,11233,718-756-8400
185,NEIGHBORHOOD SENIOR CENTE,21P01,WILLOUGHBY NEIGHBORHOOD SENIOR CTR,FORT GREENE COUNCIL ,105 North Portland Avenue,BROOKLYN,11205,718-875-1011
186,NEIGHBORHOOD SENIOR CENTE,21Q01,WYCKOFF GARDENS NEIGHBORHOOD SENIOR CTR,THE SPANISH SPEAKING ELDERLY COUNCIL-RAICES INC.,280 WYCKOFF STREET,BROOKLYN,11217,718-237-1802
187,NEIGHBORHOOD SENIOR CENTE,21T01,VAN DYKE NEIGHBORHOOD SENIOR CENTER,WAYSIDE OUT-REACH DEVELOPMENT INC ,430 DUMONT AVENUE,BROOKLYN,11212,718-385-1110
188,NEIGHBORHOOD SENIOR CENTE,21U01,STUYVESANT HEIGHTS NEIGHBORHOOD SC,FORT GREENE COUNCIL ,562-574 MADISON STREET,BROOKLYN,11221,718-230-0824
189,NEIGHBORHOOD SENIOR CENTE,22401,OCEAN PARKWAY NEIGHBORHOOD SENIOR CENTER,JEWISH COMMUNITY COUNCIL OF GREATER CONEY ISLAND I,1960 EAST 7TH STREET,BROOKLYN,11223,718-449-5000
190,NEIGHBORHOOD SENIOR CENTE,22501,MIDWOOD NEIGHBORHOOD SENIOR CENTER,BERGEN BASIN COMMUNITY DEVELOPMENT CORPORATION DBA,2164 RALPH AVENUE,BROOKLYN,11234,718-253-5557
191,NEIGHBORHOOD SENIOR CENTE,22502,MILL BASIN NEIGHBORHOOD SENIOR CENTER,BERGEN BASIN COMMUNITY DEVELOPMENT CORPORATION DBA,2075 EAST 68TH STREET,BROOKLYN,11234,718-444-3850
192,NEIGHBORHOOD SENIOR CENTE,22801,CCNS NARROWS NEIGHBORHOOD SR CTR,CATHOLIC CHARITIES NEIGHBORHOOD SERVICES INC,933 54TH STREET,BROOKLYN,11219,718-232-2311
193,NEIGHBORHOOD SENIOR CENTE,22A01,BENSONHURST NEIGHBORHOOD SENIOR CENTER,EDITH AND CARL MARKS JEWISH COMMUNITY HOUSE OF BEN,7802 BAY PARKWAY,BROOKLYN,11214,718-331-6800
194,NEIGHBORHOOD SENIOR CENTE,22B01,SUNSET PARK NEIGHBORHOOD SENIOR CENTER,SUNSET PARK HEALTH COUNCIL INC d/b/a FAMILY HEALTH,4520 4TH AVENUE,BROOKLYN,11220,718-210-1050
195,NEIGHBORHOOD SENIOR CENTE,22E01,YOUNG ISRAEL SR SERVICES NBH SR CTR,YOUNG ISRAEL PROGRAMS INC  ,1694 OCEAN AVENUE,BROOKLYN,11230,718-253-7800
196,NEIGHBORHOOD SENIOR CENTE,22K01,CCNS ST LOUIS NEIGHBORHOOD SENIOR CENTER,CATHOLIC CHARITIES NEIGHBORHOOD SERVICES INC,230 KINGSTON AVENUE,BROOKLYN,11213,718-397-7171
197,NEIGHBORHOOD SENIOR CENTE,22L01,SENIOR ALLIANCE NEIGHBORHOOD SENIOR CTR,THE JEWISH ASSOCIATION FOR SERVICES FOR THE AGED ,161 CORBIN PLACE,BROOKLYN,11235,718-646-4100
198,NEIGHBORHOOD SENIOR CENTE,22M01,GRANT SQUARE NEIGHBORHOOD SENIOR CENTER,FORT GREENE COUNCIL ,19 GRANT AVENUE,BROOKLYN,11216,718-363-3133
199,NEIGHBORHOOD SENIOR CENTE,22N01,HOMECREST BENSONHURST NEIGHBORHOOD SR CT,HOMECREST COMMUNITY SERVICES INC ,7907 NEW UTRECHT AVENUE,BROOKLYN,11214,718-621-7960
200,NEIGHBORHOOD SENIOR CENTE,22P01,VANDALIA NEIGHBORHOOD SENIOR CENTER,BERGEN BASIN COMMUNITY DEVELOPMENT CORPORATION DBA,47 VANDALIA AVENUE,BROOKLYN,11239,718-272-3949
201,NEIGHBORHOOD SENIOR CENTE,22R01,ABE STARK NEIGHBORHOOD SENIOR CENTER,BERGEN BASIN COMMUNITY DEVELOPMENT CORPORATION DBA,10315 FARRAGUT ROAD,BROOKLYN,11236,718-272-9515
202,NEIGHBORHOOD SENIOR CENTE,22U01,Boro Park Neighborhood Senior Center,AGUDATH ISRAEL OF AMERICA COMMUNITY SERVICES INC ,5602 11TH AVENUE,BROOKLYN,11219,718-854-7430
203,NEIGHBORHOOD SENIOR CENTE,23201,MANHATTAN BEACH NEIGHBORHOOD SENIOR CTR,THE JEWISH ASSOCIATION FOR SERVICES FOR THE AGED ,60 WEST END AVENUE,BROOKLYN,11235,718-646-1118
204,NEIGHBORHOOD SENIOR CENTE,23801,AMICO 59TH ST NEIGHBORHOOD SR CITIZENS C,AMERICAN ITALIAN COALITION OF ORGANIZATIONS INC AM,5901 13TH AVENUE,BROOKLYN,11219,718-972-1558
205,NEIGHBORHOOD SENIOR CENTE,23Q01,Brookdale Neighborhood Senior Center,AGUDATH ISRAEL OF AMERICA COMMUNITY SERVICES INC ,817 AVENUE H,BROOKLYN,11230,718-434-8670
206,NEIGHBORHOOD SENIOR CENTE,23U01,AMICO 59th Street Neighborhood Senior Center,AMERICAN ITALIAN COALITION OF ORGANIZATIONS INC\AM,5901 13TH AVENUE,BROOKLYN,11219,718-972-1558
207,NEIGHBORHOOD SENIOR CENTE,24A05,Palmetto Gardens Social Club,RISEBORO COMMUNITY PARTNERSHIP INC,85 PALMETTO STREET,BROOKLYN,11221,718-676-0876
208,NEIGHBORHOOD SENIOR CENTE,24M01,Midwood Neighborhood Senior Center,BERGEN BASIN COMMUNITY DEVELOPMENT CORPORATION DBA,2164 RALPH AVENUE,BROOKLYN,11234,718-253-5557
209,NEIGHBORHOOD SENIOR CENTE,24M02,Mill Basin Neighborhood Senior Center,BERGEN BASIN COMMUNITY DEVELOPMENT CORPORATION DBA,2075 EAST 68TH STREET,BROOKLYN,11234,718-444-3850
210,NEIGHBORHOOD SENIOR CENTE,24Q01,Vandalia Neighborhood Senior Center,BERGEN BASIN COMMUNITY DEVELOPMENT CORPORATION DBA,47 VANDALIA AVENUE,BROOKLYN,11239,718-272-3949
211,NEIGHBORHOOD SENIOR CENTE,24R01,Independence Neighborhood Senior Center,BERGEN BASIN COMMUNITY DEVELOPMENT CORPORATION DBA,114 TAYLOR STREET,BROOKLYN,11211,718-388-9242
212,NEIGHBORHOOD SENIOR CENTE,24S01,MARINE PARK ACTIVE ADULTS NEIGHBORHOOD SENIOR CENT,BERGEN BEACH YOUTH ORGANIZATION INC ,3000 FILLMORE AVENUE,BROOKLYN,11234,718-336-0275
213,NEIGHBORHOOD SENIOR CENTE,24U01,Boro Park Y Neighborhood Senior Center,YOUNG MENS AND YOUNG WOMENS HEBREW ASSOCIATION OF ,4912 14TH AVENUE,BROOKLYN,11219,718-435-3804
214,NEIGHBORHOOD SENIOR CENTE,24V01,BCA Neighborhood Senior Center,BROOKLYN CHINESE-AMERICAN ASSOCIATION INC,545 60TH STREET,BROOKLYN,11220,718-567-9311
215,NEIGHBORHOOD SENIOR CENTE,24X01,CCNS The Bay Neighborhood Senior Center,CATHOLIC CHARITIES NEIGHBORHOOD SERVICES INC,3643 NOSTRAND AVENUE,BROOKLYN,11229,718-648-2053
216,NEIGHBORHOOD SENIOR CENTE,24Y01,CCNS Glenwood Neighborhood Senior Center,CATHOLIC CHARITIES NEIGHBORHOOD SERVICES INC,5701 AVENUE H,BROOKLYN,11234,718-241-7711
217,NEIGHBORHOOD SENIOR CENTE,24Z01,CCNS The Lodge Neighborhood Senior Center,CATHOLIC CHARITIES NEIGHBORHOOD SERVICES INC,7711 18TH AVENUE,BROOKLYN,11214,718-621-1081
218,NEIGHBORHOOD SENIOR CENTE,25801,CCNS Narrows Neighborhood Senior Center,CATHOLIC CHARITIES NEIGHBORHOOD SERVICES INC,933 54th Street,BROOKLYN,11219,718-232-3211
219,NEIGHBORHOOD SENIOR CENTE,25901,PENN WORTMAN NEIGHBORHOOD SENIOR CENTER ,BERGEN BASIN COMMUNITY DEVELOPMENT CORPORATION DBA,895 PENNSYLVANIA AVENUE,BROOKLYN,11207,347-318-3770
220,NEIGHBORHOOD SENIOR CENTE,25E01,CCNS Northside Neighborhood Senior Center,CATHOLIC CHARITIES NEIGHBORHOOD SERVICES INC,179 NORTH 6TH STREET,BROOKLYN,11211,718-387-2316
221,NEIGHBORHOOD SENIOR CENTE,25F01,CCNS Pete McGuinness Neighborhood Senior Center,CATHOLIC CHARITIES NEIGHBORHOOD SERVICES INC,715 LEONARD STREET,BROOKLYN,11222,718-383-1940
222,NEIGHBORHOOD SENIOR CENTE,25G01,CCNS St. Charles Neighborhood Senior Center,CATHOLIC CHARITIES NEIGHBORHOOD SERVICES INC,55 PIERREPONT STREET,BROOKLYN,11201,718-855-0326
223,NEIGHBORHOOD SENIOR CENTE,25H01,CCNS St. Louis Neighborhood Senior Center,CATHOLIC CHARITIES NEIGHBORHOOD SERVICES INC,230 KINGSTON AVENUE,BROOKLYN,11213,718-397-7171
224,NEIGHBORHOOD SENIOR CENTE,25J01,Williamsburg Satmar Neighborhood Senior Center,CONGREGATION YETEV LEV DSATMAR  ,125 HEYWARD STREET,BROOKLYN,11206,718-625-1608
225,NEIGHBORHOOD SENIOR CENTE,25K01,Shalom Neighborhood Senior Center,CROWN HEIGHTS PRESERVATION CORP ,483 ALBANY AVENUE,BROOKLYN,11203,718-774-9213
226,NEIGHBORHOOD SENIOR CENTE,25L01,Cypress Hills Fulton Street Senior Citizens Center,CYPRESS HILLS-FULTON STREET SENIOR CITIZENS CENTER,3208 FULTON STREET,BROOKLYN,11208,718-235-0064
227,NEIGHBORHOOD SENIOR CENTE,25M01,Dorchester Neighborhood Senior Citizens Center,DORCHESTER SENIOR CITIZENS CENTER INC ,1419 DORCHESTER ROAD,BROOKLYN,11226,718-941-6700
228,NEIGHBORHOOD SENIOR CENTE,25N01,Bensonhurst Neighborhood Senior Center,EDITH AND CARL MARKS JEWISH COMMUNITY HOUSE OF BEN,7802 BAY PARKWAY,BROOKLIN,11214,718-331-6800
229,NEIGHBORHOOD SENIOR CENTE,25P01,Albany Neighborhood Senior Center,FORT GREENE COUNCIL ,196 ALBANY AVENUE,BROOKLYN,11213,718-773-2600
230,NEIGHBORHOOD SENIOR CENTE,25Q01,BLENMAN NEIGHBORHOOD SENIOR CENTER,FORT GREENE COUNCIL ,720 EAST NEW YORK AVENUE,BROOKLYN,11203,718-773-7400
231,NEIGHBORHOOD SENIOR CENTE,25R01,Grace Agard Harewood Neighborhood Senior Center,FORT GREENE COUNCIL ,966 FULTON STREET,BROOKLYN,11238,718-638-6910
232,NEIGHBORHOOD SENIOR CENTE,25S01,Grant Square Neighborhood Senior Center,FORT GREENE COUNCIL ,19 GRANT SQUARE,BROOKLYN,11216,718-363-3133
233,NEIGHBORHOOD SENIOR CENTE,25T01,Hazel Brooks Neighborhood Senior Center,FORT GREENE COUNCIL ,961 OCEAN AVENUE,BROOKLYN,11226,347-435-3287
234,NEIGHBORHOOD SENIOR CENTE,25U01,Maria Lawton Neighborhood Senior Center,FORT GREENE COUNCIL ,400 HART STREET,BROOKLYN,11206,718-452-7474
235,NEIGHBORHOOD SENIOR CENTE,25V01,Hugh Gilroy Neighborhood Senior Center,FORT GREENE COUNCIL ,447 KINGSBOROUGH 4TH WALK,BROOKLYN,11233,718-756-8400
236,NEIGHBORHOOD SENIOR CENTE,25X01,Remsen Neighborhood Senior Center,FORT GREENE COUNCIL ,3304 CLARENDON ROAD,BROOKLYN,11203,718-282-1259
237,NEIGHBORHOOD SENIOR CENTE,25Y01,Stuyvesant Heights Neighborhood Senior Center,FORT GREENE COUNCIL ,562-574 MADISON STREET,BROOKLYN,11221,718-230-0824
238,NEIGHBORHOOD SENIOR CENTE,25Z01,Teresa Moore Neighborhood Senior Center,FORT GREENE COUNCIL ,2702 LINDEN BOULEVARD,BROOKLYN,11208,347-663-7770
239,NEIGHBORHOOD SENIOR CENTE,26401,SHOREFRONT NEIGHBORHOOD SENIOR CENTER,THE JEWISH ASSOCIATION FOR SERVICES FOR THE AGED ,3300 CONEY ISLAND AVENUE,BROOKLYN,11235,718-646-1444
240,NEIGHBORHOOD SENIOR CENTE,26501,Willoughby Neighborhood Senior Center,FORT GREENE COUNCIL ,105 North Portland Avenue,BROOKLYN,11205,718-875-1011
241,NEIGHBORHOOD SENIOR CENTE,26601,JASA STARRETT CITY NEIGHBORHOOD SR CTR,THE JEWISH ASSOCIATION FOR SERVICES FOR THE AGED ,1540 VAN SICLEN AVENUE,BROOKLYN,11239,718-642-1010
242,NEIGHBORHOOD SENIOR CENTE,26A01,Homecrest Bensonhurst Neighborhood Senior Center,HOMECREST COMMUNITY SERVICES INC ,7907 NEW UTRECHT AVENUE,BROOKLYN,11214,718-621-7960
243,NEIGHBORHOOD SENIOR CENTE,26H01,Manhattan Beach Neighborhood Senior Center,THE JEWISH ASSOCIATION FOR SERVICES FOR THE AGED ,60 WEST END AVENUE,BROOKLYN,11235,718-646-1118
244,NEIGHBORHOOD SENIOR CENTE,26J01,HES Neighborhood Senior Center,THE JEWISH ASSOCIATION FOR SERVICES FOR THE AGED ,9502 SEAVIEW AVENUE,BROOKLYN,11236,718-251-3700
245,NEIGHBORHOOD SENIOR CENTE,26K01,Luna Park Neighborhood Senior Center,THE JEWISH ASSOCIATION FOR SERVICES FOR THE AGED ,2880 WEST  12TH STREET,BROOKLYN,11224,718-996-6666
246,NEIGHBORHOOD SENIOR CENTE,26L01,Scheuer House of Coney Island Neighborhood Senior ,THE JEWISH ASSOCIATION FOR SERVICES FOR THE AGED ,3601 SURF AVENUE,BROOKLYN,11224,718-373-3954
247,NEIGHBORHOOD SENIOR CENTE,26M01,Senior Alliance Neighborhood Senior Center,THE JEWISH ASSOCIATION FOR SERVICES FOR THE AGED ,161 CORBIN PLACE,BROOKLYN,11235,718-646-4100
248,NEIGHBORHOOD SENIOR CENTE,26N01,Shorefront Neighborhood Senior Center,THE JEWISH ASSOCIATION FOR SERVICES FOR THE AGED ,3300 CONEY ISLAND AVENUE,BROOKLYN,11235,718-646-1444
249,NEIGHBORHOOD SENIOR CENTE,26P01,JASA Starrett City Neighborhood Senior Center,THE JEWISH ASSOCIATION FOR SERVICES FOR THE AGED ,1540 VAN SICLEN AVENUE,BROOKLYN,11239,718-642-1010
250,NEIGHBORHOOD SENIOR CENTE,26Q01,Williamsburg Neighborhood Senior Center,THE JEWISH ASSOCIATION FOR SERVICES FOR THE AGED ,202 GRAHAM AVENUE,BROOKLYN,11206,718-388-6865
251,NEIGHBORHOOD SENIOR CENTE,26R01,Haber House Neighborhood Senior Center,JEWISH COMMUNITY COUNCIL OF GREATER CONEY ISLAND I,3024 WEST 24TH STREET,BROOKLYN,11224,718-372-5775
252,NEIGHBORHOOD SENIOR CENTE,26S01,Jay Harama Neighborhood Senior Center,JEWISH COMMUNITY COUNCIL OF GREATER CONEY ISLAND I,2600 OCEAN AVENUE,BROOKLYN,11229,718-891-1110
253,NEIGHBORHOOD SENIOR CENTE,26T01,Marlboro Neighborhood Senior Center,JEWISH COMMUNITY COUNCIL OF GREATER CONEY ISLAND I,2298 WEST 8TH STREET,BROOKLYN,11223,718-373-6161
254,NEIGHBORHOOD SENIOR CENTE,26U01,Council Center for Senior Citizens Neighborhood Se,"BROOKLYN SECTION NATIONAL COUNCIL OF JEWISH WOMEN,",1001 QUENTIN ROAD,BROOKLYN,11223,718-627-7680
255,NEIGHBORHOOD SENIOR CENTE,26V01,Ocean Parkway Neighborhood Senior Center,JEWISH COMMUNITY COUNCIL OF GREATER CONEY ISLAND I,1960 EAST 7TH STREET,BROOKLYN,11223,718-449-5000
256,NEIGHBORHOOD SENIOR CENTE,26Y01,Krakus Luncheon Club Neighborhood Senior Center,POLISH & SLAVIC CENTER INC  ,176 JAVA STREET,BROOKLYN,11222,718-383-3324
257,NEIGHBORHOOD SENIOR CENTE,26Z01,Ridgewood Bushwick Neighborhood Senior Center,RISEBORO COMMUNITY PARTNERSHIP INC,319 STANHOPE STREET,BROOKLYN,11237,718-366-3038
258,NEIGHBORHOOD SENIOR CENTE,27001,Borinquen Plaza Nutrition Neighborhood Senior Cent,RISEBORO COMMUNITY PARTNERSHIP INC,80 SEIGEL STREET,BROOKLYN,11206,718-782-6334
259,NEIGHBORHOOD SENIOR CENTE,27401,SR CITIZENS LEAGUE OF MIDWOOD NBH SR. CT,SENIOR CITIZENS LEAGUE OF FLATBUSH INC ,1625  OCEAN AVENUE,BROOKLYN,11230,718-253-0508
260,NEIGHBORHOOD SENIOR CENTE,27A01,ABE STARK NEIGHBORHOOD SENIOR CENTER,BERGEN BASIN COMMUNITY DEVELOPMENT CORPORATION DBA,10315 FARRAGUT ROAD,BROOKLYN,11236,718-272-9515
261,NEIGHBORHOOD SENIOR CENTE,27B01,Roundtable Neighborhood Senior Center,RISEBORO COMMUNITY PARTNERSHIP INC,1175 GATES AVENUE,BROOKLYN,11221,718-443-1903
262,NEIGHBORHOOD SENIOR CENTE,27C01,Senior Citizens League of Flatbush Neighborhood Se,SENIOR CITIZENS LEAGUE OF FLATBUSH INC ,870 OCEAN PARKWAY,BROOKLYN,11230,718-438-7771
263,NEIGHBORHOOD SENIOR CENTE,27D01,Senior Citizens League of Midwood Neighborhood Sen,SENIOR CITIZENS LEAGUE OF FLATBUSH INC ,1625 OCEAN AVENUE,BROOKLYN,11230,718-253-0508
264,NEIGHBORHOOD SENIOR CENTE,27E01,Los Sures David Santiago Neighborhood Senior Cente,SOUTHSIDE UNITED HOUSING DEVELOPMENT FUND CORP ,201 SOUTH  4TH STREET,BROOKLYN,11211,718-384-2314
265,NEIGHBORHOOD SENIOR CENTE,27E02,SWINGING 60S SENIOR CENTER,SOUTHSIDE UNITED HOUSING DEVELOPMENT FUND CORP ,211 Ainslie Street,BROOKLYN,11211,718-963-3793
266,NEIGHBORHOOD SENIOR CENTE,27G01,Red Hook Neighborhood Senior Center,THE SPANISH SPEAKING ELDERLY COUNCIL-RAICES INC.,120 WEST 9TH STREET,BROOKLYN,11231,718-269-0519
267,NEIGHBORHOOD SENIOR CENTE,27H01,RAICES Times Plaza Neighborhood Senior Center,THE SPANISH SPEAKING ELDERLY COUNCIL-RAICES INC.,460 ATLANTIC AVENUE,BROOKLYN,11217,718-694-0895
268,NEIGHBORHOOD SENIOR CENTE,27J01,Wyckoff Gardens Neighborhood Senior Center,THE SPANISH SPEAKING ELDERLY COUNCIL-RAICES INC.,280 WYCKOFF STREET,BROOKLYN,11217,718-237-1802
269,NEIGHBORHOOD SENIOR CENTE,27K01,Shore Hill Neighborhood Senior Center,SUNSET PARK HEALTH COUNCIL INC d/b/a FAMILY HEALTH,9000 SHORE ROAD,BROOKLYN,11209,718-680-7689
270,NEIGHBORHOOD SENIOR CENTE,27L01,Sunset Park Neighborhood Senior Center,SUNSET PARK HEALTH COUNCIL INC d/b/a FAMILY HEALTH,4520 4TH AVENUE,BROOKLYN,11220,718-210-1050
271,NEIGHBORHOOD SENIOR CENTE,27M01,St. Gabriel's Neighborhood Senior Center,ST GABRIELS EPISCOPAL CHURCH  ,331 HAWTHORNE STREET,BROOKLYN,11225,718-773-4049
272,NEIGHBORHOOD SENIOR CENTE,27N01,United Neighborhood Senior Citizens Center,UNITED SENIOR CITIZENS OF SUNSET PARK INC ,475 53RD STREET,BROOKLYN,11220,718-439-8647
273,NEIGHBORHOOD SENIOR CENTE,27P01,Rosetta Gaston Neighborhood Senior Center,WAYSIDE OUT-REACH DEVELOPMENT INC ,460 DUMONT AVENUE,BROOKLYN,11212,718-345-5665
274,NEIGHBORHOOD SENIOR CENTE,27P03,Brownsville Social Club,WAYSIDE OUT-REACH DEVELOPMENT INC ,528 MOTHER GASTON BLVD,BROOKLYN,11212,718-345-5665
275,NEIGHBORHOOD SENIOR CENTE,27Q01,Tilden Neighborhood Senior Center,WAYSIDE OUT-REACH DEVELOPMENT INC ,630 MOTHER GASTON BLVD,BROOKLYN,11212,718-498-2990
276,NEIGHBORHOOD SENIOR CENTE,27Q02,Langston Hughes Social Club,WAYSIDE OUT-REACH DEVELOPMENT INC ,301 SUTTER AVENUE,BROOKLYN,11212,718-498-2990
277,NEIGHBORHOOD SENIOR CENTE,27R01,Tompkins Park Neighborhood Senior Center,WAYSIDE OUT-REACH DEVELOPMENT INC ,550 GREENE AVENUE,BROOKLYN,11216,718-638-3000
278,NEIGHBORHOOD SENIOR CENTE,27S01,Vandyke Neighborhood Senior Center,WAYSIDE OUT-REACH DEVELOPMENT INC ,430 DUMONT AVENUE,BROOKLYN,11212,718-385-1110
279,NEIGHBORHOOD SENIOR CENTE,27T01,Young Israel Senior Services Neighborhood Senior C,YOUNG ISRAEL PROGRAMS INC  ,1694 OCEAN AVENUE,BROOKLYN,11230,718-253-7800
280,NEIGHBORHOOD SENIOR CENTE,27U01,Bay Ridge Neighborhood Senior Center,BAY RIDGE CENTER INC d/b/a BAY RIDGE CENTER,411 OVINGTON AVENUE,BROOKLYN,11209,718-748-0650
281,NEIGHBORHOOD SENIOR CENTE,27V01,Hope Gardens Multi-Service Neighborhood Senior Cen,RISEBORO COMMUNITY PARTNERSHIP INC,195 LINDEN STREET,BROOKLYN,11221,718-455-1100
282,NEIGHBORHOOD SENIOR CENTE,27W01,SHORE HILL NEIGHBORHOOD SENIOR CENTER,SUNSET PARK HEALTH COUNCIL INC d/b/a FAMILY HEALTH,9000 SHORE ROAD,BROOKLYN,11209,718-680-7689
283,NEIGHBORHOOD SENIOR CENTE,27Z01,Prospect Hill Neighborhood Senior Center,ST JOHN ST MATTHEW EMANUEL LUTHERAN CHURCH ,283 PROSPECT AVENUE,BROOKLYN,11215,718-499-9574
284,NEIGHBORHOOD SENIOR CENTE,28701,CYPRESS HILLS FULTON ST NBH SR CTZ CTR,CYPRESS HILLS-FULTON STREET SENIOR CITIZENS CENTER,3208 FULTON STREET,BROOKLYN,11208,718-235-0064
285,NEIGHBORHOOD SENIOR CENTE,28801,DORCHESTER NEIGHBORHOOD SR CITIZENS CTR,DORCHESTER SENIOR CITIZENS CENTER INC ,1419 DORCHESTER ROAD,BROOKLYN,11226,718-941-6700
286,NEIGHBORHOOD SENIOR CENTE,28901,PARK SLOPE CENTER FOR SUCCESSFUL AGING,"HEIGHTS AND HILLS, INC. ",463A 7TH STREET,BROOKLYN,11215,718-832-3726
287,NEIGHBORHOOD SENIOR CENTE,28C01,Sephardic Multi-Service Neighborhood Senior Center,SEPHARDIC MULTI SERVICES SENIOR CITIZEN CENTER INC,485 KINGS HIGHWAY,BROOKLYN,11223,718-336-1300
288,NEIGHBORHOOD SENIOR CENTE,28C02,House of Jacob Neighborhood Senior Center,SEPHARDIC MULTI SERVICES SENIOR CITIZEN CENTER INC,6222 23RD AVENUE,BROOKLYN,11204,718-259-0100
289,NEIGHBORHOOD SENIOR CENTE,28D01,AMICO Eileen Dugan Neighborhood Senior Center,AMERICAN ITALIAN COALITION OF ORGANIZATIONS INC\AM,378 COURT STREET,BROOLYN,11231,718-596-1956
290,NEIGHBORHOOD SENIOR CENTE,28J01,Park Slope Center for Successful Aging,"HEIGHTS AND HILLS, INC. ",463A 7TH STREET,BROOKLYN,11215,718-832-3726
291,NEIGHBORHOOD SENIOR CENTE,29101,COUNCIL CENTER FOR SENIOR CITIZENS NSC,"BROOKLYN SECTION NATIONAL COUNCIL OF JEWISH WOMEN,",1001 QUENTIN ROAD,BROOKLYN,11223,718-627-7680
292,NEIGHBORHOOD SENIOR CENTE,30501,ARC XVI FT WASHINGTON NSC,ARC XVI FORT WASHINGTON INC  ,4111 BROADWAY,NEW YORK,10033,212-781-5700
293,NEIGHBORHOOD SENIOR CENTE,30C01,Moriah Older Adult Luncheon Neighborhood Senior Ce,AGUDATH ISRAEL OF AMERICA COMMUNITY SERVICES INC ,90 BENNETT AVENUE,NEW YORK,10033,212-923-5715
294,NEIGHBORHOOD SENIOR CENTE,30E01,ARC XVI Fort Washington Neighborhood Senior Center,ARC XVI FORT WASHINGTON INC  ,4111 BROADWAY,NEW YORK,10033,212-781-5700
295,NEIGHBORHOOD SENIOR CENTE,30P01,ABSW Neighborhood Senior Center,ASSOCIATION OF BLACK SOCIAL WORKERS INC ,221 WEST 107TH STREET,NEW YORK,10025,212-749-8400
296,NEIGHBORHOOD SENIOR CENTE,30Q01,BRC Neighborhood Senior Center,BOWERY RESIDENTS COMMITTEE INC  ,30 DELANCEY STREET,NEW YORK,10002,212-533-2020
297,NEIGHBORHOOD SENIOR CENTE,30R01,Canaan Neighborhood Senior Center,CANAAN BAPTIST CHURCH OF CHRIST ,1428 Fifth Avenue,NEW YORK,10035,212-876-2638
298,NEIGHBORHOOD SENIOR CENTE,31201,CARTER BURDEN LUNCHEON CLUB NSC,"CARTER BURDEN NETWORK, INC.",351 EAST 74TH STREET,NEW YORK,10021,212-535-5235
299,NEIGHBORHOOD SENIOR CENTE,31202,Carter Burden Roosevelt Island Neighborhood Senior,"CARTER BURDEN NETWORK, INC.",546 MAIN STREET,NEW YORK,10021,212-980-1888
300,NEIGHBORHOOD SENIOR CENTE,31701,Carter Burden Luncheon Club Neighborhood Senior Ce,"CARTER BURDEN NETWORK, INC.",351 EAST 74TH STREET,NEW YORK,10021,212-535-5235
301,NEIGHBORHOOD SENIOR CENTE,31702,Carter Burden Roosevelt Island Neighborhood Senior,"CARTER BURDEN NETWORK, INC.",564 Main Street,NEW YORK,10021,212-980-1888
302,NEIGHBORHOOD SENIOR CENTE,31801,GAYLORD WHITE NEIGHBORHOOD SENIOR CENTER,UNION SETTLEMENT ASSOCIATION ,2029 SECOND AVENUE,NEW YORK,10029,212-828-6055
303,NEIGHBORHOOD SENIOR CENTE,31K01,WEINBERG CENTER FOR BALANCED LIVING,THE EDUCATIONAL ALLIANCE INC  ,197 EAST BROADWAY,NEW YORK,10002,646-395-4270
304,NEIGHBORHOOD SENIOR CENTE,31T01,Jackie Robinson Neighborhood Senior Center,CHARLES A WALBURG MULTI SERVICE ORGANIZATION INC ,1301 AMSTERDAM AVENUE,NEW YORK,10027,212-666-4910
305,NEIGHBORHOOD SENIOR CENTE,31V01,FOOD BANK NEIGHBORHOOD SENIOR CENTER,FOOD BANK FOR NEW YORK CITY,252 WEST 116TH STREET,New York,10026,212-566-7855
306,NEIGHBORHOOD SENIOR CENTE,32001,NY Chinatown Neighborhood Senior Center,CHINESE AMERICAN PLANNING COUNCIL INC,70 MULBERRY STREET,NEW YORK,10013,212-233-8930
307,NEIGHBORHOOD SENIOR CENTE,32101,INDEPENDENCE PLAZA NEIGHBORHOOD SR CTR,"GREENWICH HOUSE, INC. ",310 GREENWICH STREET,NEW YORK,10013,212-267-0499
308,NEIGHBORHOOD SENIOR CENTE,32201,CPC Project Open Door Neighborhood Senior Center,CHINESE AMERICAN PLANNING COUNCIL INC,168 GRAND STREET,NEW YORK,10013,212-431-9026
309,NEIGHBORHOOD SENIOR CENTE,32301,EAST HARLEM NEIGHBORHOOD SENIOR CENTER,EAST HARLEM COUNCIL FOR HUMAN SERVICES INC ,150 EAST 121ST STREET,NEW YORK,10035,212-722-2205
310,NEIGHBORHOOD SENIOR CENTE,32601,WEST 65TH STREET CENTER,GODDARD-RIVERSIDE COMMUNITY CENTER ,250 WEST 65th STREET,New York,10023,212-874-0860
311,NEIGHBORHOOD SENIOR CENTE,32801,CANAAN NEIGHBORHOOD SENIOR CENTER,CANAAN BAPTIST CHURCH OF CHRIST ,1428 FIFTH AVENUE,NEW YORK,10035,212-876-2638
312,NEIGHBORHOOD SENIOR CENTE,32901,Cothoa Luncheon Club Neighborhood Senior Center,COTHOA LUNCHEON CLUB INC  ,2005 AMSTERDAM AVENUE,NEW YORK,10032,212-781-6580
313,NEIGHBORHOOD SENIOR CENTE,32904,Bethune Neighborhood Senior Center,COTHOA LUNCHEON CLUB INC  ,1970 AMSTERDAM AVENUE,NEW YORK,10032,646-918-7710
314,NEIGHBORHOOD SENIOR CENTE,32U01,East Harlem Neighborhood Senior Center,EAST HARLEM COUNCIL FOR HUMAN SERVICES INC ,150 EAST 121ST STREET,NEW YORK,10035,212-722-2205
315,NEIGHBORHOOD SENIOR CENTE,33201,CPC PROJECT OPEN DOOR NEIGHBORHOOD SC,CHINESE AMERICAN PLANNING COUNCIL INC,168 GRAND STREET,NEW YORK,10013,212-431-9026
316,NEIGHBORHOOD SENIOR CENTE,33401,Stein Neighborhood Senior Center,STEIN SENIOR CENTER INC,204 EAST 23RD STREET,NEW YORK,10010,646-395-8083
317,NEIGHBORHOOD SENIOR CENTE,33A01,Weinberg Center for Balanced Living,THE EDUCATIONAL ALLIANCE INC  ,197 EAST BROADWAY,NEW YORK,10002,646-395-4270
318,NEIGHBORHOOD SENIOR CENTE,33L01,Encore Neighborhood Senior Center,ENCORE COMMUNITY SERVICES  ,239 WEST 49TH STREET,NEW YORK,10019,212-581-2910
319,NEIGHBORHOOD SENIOR CENTE,33N01,FIND Clinton Neighborhood Senior Center,FIND AID FOR THE AGED  ,530 WEST 55TH STREET,NEW YORK,10019,212-757-2026
320,NEIGHBORHOOD SENIOR CENTE,33P01,FIND Aid Coffeehouse Neighborhood Senior Center,FIND AID FOR THE AGED  ,331 WEST 42ND STREET,NEW YORK,10036,646-545-4621
321,NEIGHBORHOOD SENIOR CENTE,33R01,FIND Woodstock Neighborhood Senior Center,FIND AID FOR THE AGED  ,127 WEST 43RD STREET,NEW YORK,10036,212-874-0300
322,NEIGHBORHOOD SENIOR CENTE,33S01,Food Bank Neighborhood Senior Center,FOOD BANK FOR NEW YORK CITY,252 WEST 116TH STREET,NEW YORK,10026,212-566-7855
323,NEIGHBORHOOD SENIOR CENTE,33T01,Goddard Riverside Neighborhood Senior Center,GODDARD-RIVERSIDE COMMUNITY CENTER ,593 COLUMBUS AVENUE,NEW YORK,10024,212-873-6600
324,NEIGHBORHOOD SENIOR CENTE,33U01,Center on the Square Neighborhood Senior Center,"GREENWICH HOUSE, INC. ",20 WASHINGTON SQUARE NORTH,NEW YORK,10011,212-777-3555
325,NEIGHBORHOOD SENIOR CENTE,33V01,Grand Coalition of Seniors Neighborhood Senior Cen,GRAND STREET SETTLEMENT INC  ,80 PITT STREET,NEW YORK,10002,646-201-4251
326,NEIGHBORHOOD SENIOR CENTE,33X01,Independence Plaza Neighborhood Senior Center,"GREENWICH HOUSE, INC. ",310 GREENWICH STREET,NEW YORK,10013,212-267-0499
327,NEIGHBORHOOD SENIOR CENTE,33Y01,Judith C. White Neighborhood Senior Center,"GREENWICH HOUSE, INC. ",27 BARROW STREET,NEW YORK,10014,212-242-4140
328,NEIGHBORHOOD SENIOR CENTE,33Z01,Our Lady of Pompeii Senior Center,"GREENWICH HOUSE, INC. ",25 CARMINE STREET,NEW YORK,10014,212-989-3620
329,NEIGHBORHOOD SENIOR CENTE,34001,GOOD COMPANIONS NEIGHBORHOOD SENIOR CENT,HENRY STREET SETTLEMENT  ,334 MADISON STREET,NEW YORK,10002,212-349-2770
330,NEIGHBORHOOD SENIOR CENTE,34101,CENTRAL HARLEM KENNEDY SR CTR,"CENTRAL HARLEM SENIOR CITIZENS CENTERS, INC.",2322 Third Avenue,NEW YORK,10037,212-926-4465
331,NEIGHBORHOOD SENIOR CENTE,34103,Beatrice Lewis,"CENTRAL HARLEM SENIOR CITIZENS CENTERS, INC.",34 WEST 134TH STREET,NEW YORK,10037,212-289-9155
332,NEIGHBORHOOD SENIOR CENTE,34701,City Hall Neighborhood Senior Center,HAMILTON MADISON HOUSE INC  ,100 GOLD STREET,NEW YORK,10038,212-788-5580
333,NEIGHBORHOOD SENIOR CENTE,34801,Good Companions Neighborhood Senior Center,HENRY STREET SETTLEMENT  ,334 MADISON STREET,NEW YORK,10002,212-349-2770
334,NEIGHBORHOOD SENIOR CENTE,34A01,Hudson Guild Neighborhood Center,HUDSON GUILD  ,441 West 26th Street,NEW YORK,10011,212-760-9805
335,NEIGHBORHOOD SENIOR CENTE,34H01,Carver Neighborhood Senior Center,INSTITUTE FOR THE PUERTO RICAN HISPANIC ELDERLY IN,55 EAST 102ND STREET,NEW YORK,10029,212-289-2708
336,NEIGHBORHOOD SENIOR CENTE,34M01,Lenox Hill Neighborhood Senior Center,LENOX HILL NEIGHBORHOOD HOUSE INC ,619 LEXINGTON AVENUE,NEW YORK,10022,212-308-1959
337,NEIGHBORHOOD SENIOR CENTE,34N01,West 65th Street Center,GODDARD-RIVERSIDE COMMUNITY CENTER ,250 WEST 65TH STREET,NEW YORK,10023,212-874-0860
338,NEIGHBORHOOD SENIOR CENTE,34P01,Dyckman Neighborhood Senior Center,NEW YORK FOUNDATION FOR SENIOR CITIZENS INC ,3754 10TH AVENUE,NEW YORK,10034,212-569-7790
339,NEIGHBORHOOD SENIOR CENTE,34Q01,LaGuardia Neighborhood Senior Center,NEW YORK FOUNDATION FOR SENIOR CITIZENS INC ,280 CHERRY STREET,NEW YORK,10002,212-732-3656
340,NEIGHBORHOOD SENIOR CENTE,34R01,Mott Street Neighborhood Senior Center,NEW YORK FOUNDATION FOR SENIOR CITIZENS INC ,180 MOTT STREET,NEW YORK,10012,212-966-5460
341,NEIGHBORHOOD SENIOR CENTE,34S01,John Paul II Friendship Neighborhood Senior Center,POLISH & SLAVIC CENTER INC  ,103 EAST 7TH STREET,NEW YORK,10009,212-673-7704
342,NEIGHBORHOOD SENIOR CENTE,34T01,PSS Harlem Neighborhood Senior Center,PRESBYTERIAN SENIOR SERVICES  ,18 MT. MORRIS PARK WEST,NEW YORK,10027,212-222-3132
343,NEIGHBORHOOD SENIOR CENTE,34T03,PSS Manhattanville Senior Center,PRESBYTERIAN SENIOR SERVICES  ,530 West 133rd Street,NEW YORK,10027,212-862-5562
344,NEIGHBORHOOD SENIOR CENTE,34U01,RAIN Inwood Neighborhood Senior Center,REGIONAL AID FOR INTERIM NEEDS INC ,84 VERMILYEA AVENUE,NEW YORK,10034,212-567-3200
345,NEIGHBORHOOD SENIOR CENTE,34V01,Riverstone Senior Life Neighborhood Senior Center,RIVERSTONE SENIOR LIFE SERVICES INC.,99 FORT WASHINGTON AVENUE,NEW YORK,10032,212-927-5600
346,NEIGHBORHOOD SENIOR CENTE,34Y01,Stanley Isaacs Neighborhood Senior Center,STANLEY M ISAACS NEIGHBORHOOD CENTER INC ,415 EAST 93RD STREET,NEW YORK,10128,212-360-7620
347,NEIGHBORHOOD SENIOR CENTE,34Z01,Corsi House Neighborhood Senior Center,UNION SETTLEMENT ASSOCIATION ,307 EAST 116TH STREET,NEW YORK,10029,212-828-6756
348,NEIGHBORHOOD SENIOR CENTE,35101,Gaylord White Neighborhood Senior Center,UNION SETTLEMENT ASSOCIATION ,2029 SECOND AVENUE,NEW YORK,10029,212-828-6055
349,NEIGHBORHOOD SENIOR CENTE,35201,Jefferson Houses Neighborhood Senior Center,UNION SETTLEMENT ASSOCIATION ,2205 FIRST AVENUE,NEW YORK,10029,212-828-6104
350,NEIGHBORHOOD SENIOR CENTE,35301,FIND WOODSTOCK NEIGHBORHOOD SENIOR CENTE,FIND AID FOR THE AGED  ,127  WEST 43RD STREET,NEW YORK,10036,212-874-0300
351,NEIGHBORHOOD SENIOR CENTE,35A01,Hamilton Grange Neighborhood Senior Center,CONVENT AVENUE BAPTIST CHURCH  ,420 WEST 145TH STREET,NEW YORK,10031,212-862-4181
352,NEIGHBORHOOD SENIOR CENTE,35B01,ARC Central Harlem Senior Center,ARC XVI FORT WASHINGTON INC  ,120 WEST 140TH STREET,NEW YORK,10030,212-781-5700
353,NEIGHBORHOOD SENIOR CENTE,35B02,AP Randolph Senior Center,ARC XVI FORT WASHINGTON INC  ,108 West 146th Street,NEW YORK,10030,917-639-3054
354,NEIGHBORHOOD SENIOR CENTE,35C01,Central Harlem Kennedy Senior Center,"CENTRAL HARLEM SENIOR CITIZENS CENTERS, INC.",2322 Third Avenue,NEW YORK,10037,212-926-4465
355,NEIGHBORHOOD SENIOR CENTE,35C03,Beatrice Lewis,"CENTRAL HARLEM SENIOR CITIZENS CENTERS, INC.",34 WEST 134TH STREET,NEW YORK,10037,212-289-9155
356,NEIGHBORHOOD SENIOR CENTE,36001,ABSW NEIGHBORHOOD SENIOR CENTER,ASSOCIATION OF BLACK SOCIAL WORKERS INC ,221 WEST 107TH STREET,NEW YORK,10025,212-749-8400
357,NEIGHBORHOOD SENIOR CENTE,36201,UJC Adult Luncheon Club Neighborhood Senior Center,UNITED JEWISH COUNCIL OF THE EAST SIDE INC ,15 BIALYSTOKER PLACE,NEW YORK,10002,212-673-9328
358,NEIGHBORHOOD SENIOR CENTE,36202,UJC Lillian Wald Houses Senior Center,UNITED JEWISH COUNCIL OF THE EAST SIDE INC ,12 AVENUE D,NEW YORK,10009,212-260-2731
359,NEIGHBORHOOD SENIOR CENTE,36301,University Settlement Neighborhood Senior Center,UNIVERSITY SETTLEMENT SOCIETY OF NEW YORK,189 ALLEN STREET,NEW YORK,10002,212-473-8217
360,NEIGHBORHOOD SENIOR CENTE,36A01,Washington Heights Neighborhood Senior Center,WASHINGTON HEIGHTS COMMUNITY SERVICE INC ,650 WEST 187TH STREET,NEW YORK,10033,212-781-8331
361,NEIGHBORHOOD SENIOR CENTE,36B01,The Center at the Red Oak Neighborhood Senior Cent,WEST SIDE FEDERATION FOR SENIOR AND SUPPORTIVE HOU,135 WEST 106TH STREET,NEW YORK,10025,646-214-2560
362,NEIGHBORHOOD SENIOR CENTE,39901,CORSI HOUSE NEIGHBORHOOD SENIOR CENTER,UNION SETTLEMENT ASSOCIATION ,307 East 116th Street,New York,10029,212-828-6756
363,NEIGHBORHOOD SENIOR CENTE,40101,Rockaway Park Neighborhood Senior Center,THE JEWISH ASSOCIATION FOR SERVICES FOR THE AGED ,106-20 SHORE FRONT PARKWAY,ROCKAWAY PARK,11694,718-634-3044
364,NEIGHBORHOOD SENIOR CENTE,40301,RIDGEWOOD OLDER ADULT NEIGHBORHOOD SC,RIDGEWOOD OLDER ADULT CENTER AND SERVICES INC ,59-14 70TH AVENUE,RIDGEWOOD,11385,718-456-2000
365,NEIGHBORHOOD SENIOR CENTE,40501,BROOKS MEMORIAL NSC,BROOKS SENIOR CENTER,143-22 109TH AVENUE,JAMAICA,11435,718-291-3955
366,NEIGHBORHOOD SENIOR CENTE,40901,FOREST HILLS NEIGHBORHOOD SENIOR CENTER,QUEENS COMMUNITY HOUSE INC. ,108-25 62ND DRIVE,FLUSHING,11375,718-699-1010
367,NEIGHBORHOOD SENIOR CENTE,41001,WAVECREST AND BAYSWATER NSC,YOUNG ISRAEL PROGRAMS INC  ,2716 HEALY AVENUE,FAR ROCKAWAY,11691,718-327-0297
368,NEIGHBORHOOD SENIOR CENTE,41201,HANAC ANGELO PETROMELIS NSC,"HANAC, INC. ",13-28 123RD STREET,COLLEGE POINT,11356,718-961-0344
369,NEIGHBORHOOD SENIOR CENTE,41301,ALLEN COMMUNITY NEIGHBORHOOD SENIOR CT,ALLEN AME CHURCH ALLEN COMMUNITY SENIOR CENTER ,166-01 LINDEN BOULEVARD,JAMAICA,11433,718-658-0980
370,NEIGHBORHOOD SENIOR CENTE,41401,ALPHA PHI ALPHA NEIGHBORHOOD SENIOR CTR,ALPHA PHI ALPHA SENIOR CITIZENS CENTER INC ,220-01 LINDEN BOULEVARD,CAMBRIA HEIGHTS,11411,718-528-8238
371,NEIGHBORHOOD SENIOR CENTE,41601,THE YOUNG ISRAEL OF FOREST HILLS NSC,YOUNG ISRAEL PROGRAMS INC  ,68-07 BURNS STREET,FOREST HILLS,11375,718-520-2305
372,NEIGHBORHOOD SENIOR CENTE,41701,MIDDLE VILLAGE NEIGHBORHOOD SENIOR CT,RABBI ISRAEL MEYER HACOHEN RABBINICAL SEMINARY OF ,69-10 75th STREET,MIDDLE VILLAGE,11379,718-894-3441
373,NEIGHBORHOOD SENIOR CENTE,42501,CCNS Woodhaven Neighborhood Senior Center,CATHOLIC CHARITIES NEIGHBORHOOD SERVICES INC,89-02 91ST STREET,WOODHAVEN,11421,718-847-9200
374,NEIGHBORHOOD SENIOR CENTE,42701,CCNS CATHERINE SHERIDAN NSC,CATHOLIC CHARITIES NEIGHBORHOOD SERVICES INC,35-24 83RD STREET,JACKSON HEIGHTS,11372,718-458-4600
375,NEIGHBORHOOD SENIOR CENTE,42801,PETER CARDELLA NSC,PETER CARDELLA SENIOR CITIZEN CENTER INC ,68-52 FRESH POND ROAD,RIDGEWOOD,11385,718-497-2908
376,NEIGHBORHOOD SENIOR CENTE,42A01,Brooks Memorial Neighborhood Senior Center,BROOKS SENIOR CENTER,143-22 109TH AVENUE,JAMAICA,11435,718-291-3935
377,NEIGHBORHOOD SENIOR CENTE,42J01,Roy Reuther Neighborhood Senior Center,THE JEWISH ASSOCIATION FOR SERVICES FOR THE AGED ,711C SEAGIRT AVENUE,FAR RACKAWAY,11691,718-471-3110
378,NEIGHBORHOOD SENIOR CENTE,42Q01,JSPOA Theodora Jackson Neighborhood Senior Center,JAMAICA SERVICE PROGRAM FOR OLDER ADULTS INC ,92-47 165TH STREET,JAMAICA,11433,718-657-6618
379,NEIGHBORHOOD SENIOR CENTE,42W01,CCNS Ozone Park Neighborhood Senior Center,CATHOLIC CHARITIES NEIGHBORHOOD SERVICES INC,103-02 101 AVENUE,OZONE PARK,11416,718-847-2100
380,NEIGHBORHOOD SENIOR CENTE,42X01,CCNS Dellamonica-Steinway Neighborhood Senior Cent,CATHOLIC CHARITIES NEIGHBORHOOD SERVICES INC,23-56 BROADWAY,ASTORIA,11106,718-626-1500
381,NEIGHBORHOOD SENIOR CENTE,42Y01,Elmcor's Golden Phoenix Club One,ELMCOR YOUTH & ADULT ACTIVITIES INC ,98-19 ASTORIA BOULEVARD,EAST ELMHURST,11369,718-457-9757
382,NEIGHBORHOOD SENIOR CENTE,43101,SELFHELP CLEARVIEW NSC,SELFHELP COMMUNITY SERVICES INC ,208-11 26TH AVENUE,BAYSIDE,11360,718-224-7888
383,NEIGHBORHOOD SENIOR CENTE,43301,BAYSIDE NEIGHBORHOOD SENIOR CENTER,CATHOLIC CHARITIES NEIGHBORHOOD SERVICES INC,221-15 HORACE HARDING EXPRESSWAY,BAYSIDE,11364,718-225-1144
384,NEIGHBORHOOD SENIOR CENTE,43501,JSPOA Friendship Neighborhood Senior Center,JAMAICA SERVICE PROGRAM FOR OLDER ADULTS INC ,92-33 170TH STREET,JAMAICA,11433,718-657-6540
385,NEIGHBORHOOD SENIOR CENTE,43601,CCNS WOODHAVEN NSC,CATHOLIC CHARITIES NEIGHBORHOOD SERVICES INC,89-02 91ST STREET,JAMAICA,11421,718-847-9200
386,NEIGHBORHOOD SENIOR CENTE,43701,REGO PARK NSC,QUEENS COMMUNITY HOUSE INC. ,93-29 QUEENS BOULEVARD,REGO PARK,11374,718-896-8511
387,NEIGHBORHOOD SENIOR CENTE,43A01,Bayside Neighborhood Senior Center,CATHOLIC CHARITIES NEIGHBORHOOD SERVICES INC,221-15 HORACE HARDING EXPRESSWAY,BAYSIDE,11364,718-225-1144
388,NEIGHBORHOOD SENIOR CENTE,43B01,CCNS Catherine Sheridan Neighborhood Senior Center,CATHOLIC CHARITIES NEIGHBORHOOD SERVICES INC,35-24 83RD STREET,JACKSON HEIGHTS,11372,718-458-4600
389,NEIGHBORHOOD SENIOR CENTE,43C01,CCNS Seaside Neighborhood Senior Center,CATHOLIC CHARITIES NEIGHBORHOOD SERVICES INC,320 BEACH 94TH STREET,ROCKAWAY,11693,347-926-4119
390,NEIGHBORHOOD SENIOR CENTE,43F01,Florence E. Smith Neighborhood Senior Center,CORONA CONGREGATIONAL CHURCH  ,102-19 34TH AVENUE,CORONA,11368,718-899-0553
391,NEIGHBORHOOD SENIOR CENTE,43K01,Elmcor's Golden Phoenix Club Two,ELMCOR YOUTH & ADULT ACTIVITIES INC ,95-18  Northern Boulevard,Jackson heights,11372,718-271-1222
392,NEIGHBORHOOD SENIOR CENTE,43L01,HANAC Ravenswood Neighborhood Senior Center,"HANAC, INC. ",34-35 12TH STREET,ASTORIA,11106,718-786-1550
393,NEIGHBORHOOD SENIOR CENTE,43M01,Rochdale Neighborhood Senior Center,ROCHDALE VILLAGE SOCIAL SERVICES INC ,169-65 137TH AVENUE,JAMAICA,11434,718-525-2800
394,NEIGHBORHOOD SENIOR CENTE,43N01,Elmhurst Jackson Heights Neighborhood Senior Cente,INSTITUTE FOR THE PUERTO RICAN HISPANIC ELDERLY IN,75-01 BROADWAY,ELMHURST,11373,718-478-7171
395,NEIGHBORHOOD SENIOR CENTE,43P01,Selfhelp Austin Street Neighborhood Senior Center,SELFHELP COMMUNITY SERVICES INC ,106-06 QUEENS BOULEVARD,FOREST HILLS,11375,718-520-8197
396,NEIGHBORHOOD SENIOR CENTE,43Q01,HOLLISWOOD NSC,THE JEWISH ASSOCIATION FOR SERVICES FOR THE AGED ,86-25 FRANCIS LEWIS BOULEVARD,JAMAICA,11427,718-454-6157
397,NEIGHBORHOOD SENIOR CENTE,43Q02,JASA CLUB 76 SENIOR CENTER,THE JEWISH ASSOCIATION FOR SERVICES FOR THE AGED ,86-25 FRANCIS LEWIS BOULEVARD,JAMAICA,11427,212-712-0170
398,NEIGHBORHOOD SENIOR CENTE,43Q03,JASA ONE STOP,THE JEWISH ASSOCIATION FOR SERVICES FOR THE AGED ,86 25 FRANCIS LEWIS BOULEVARD,JAMAICA,11427,212-864-7900
399,NEIGHBORHOOD SENIOR CENTE,43R01,KCS Flushing Neighborhood Senior Center,KOREAN COMMUNITY SERVICES OF METROPOLITAN NEW YORK,42-15 166TH STREET,FLUSHING,11358,718-886-8203
400,NEIGHBORHOOD SENIOR CENTE,43T01,Selfhelp Clearview Neighborhood Senior Center,SELFHELP COMMUNITY SERVICES INC ,208-11 26TH AVENUE,BAYSIDE,11360,718-224-7888
401,NEIGHBORHOOD SENIOR CENTE,43U01,SAMUEL FIELD NEIGHBORHOOD SENIOR CENTER,SAMUEL FIELD YM & YWHA INC  ,58-20 LITTLE NECK PARKWAY,LITTLE NECK,11362,718-225-6750
402,NEIGHBORHOOD SENIOR CENTE,43V01,Newtown Italian Neighborhood Senior Center,ITALIAN SENIOR CITIZENS INC.,83-20 QUEENS BOULEVARD,ELMHURST,11373,718-335-7272
403,NEIGHBORHOOD SENIOR CENTE,43W01,Queensbridge/Riis Neighborhood Senior Center,JACOB A RIIS NEIGHBORHOOD SETTLEMENT ,10-25 41ST AVENUE,LONG ISLAND CIT,11101,718-784-7447
404,NEIGHBORHOOD SENIOR CENTE,43X01,Rego Park Neighborhood Senior Center,QUEENS COMMUNITY HOUSE INC. ,93-29 QUEENS BOULEVARD,REGO-PARK,11374,718-896-8511
405,NEIGHBORHOOD SENIOR CENTE,43Y01,Sunnyside Community Neighborhood Senior Center,SUNNYSIDE COMMUNITY SERVICES INC ,43-31 39TH STREET,SUNNYSIDE,11104,929-335-7915
406,NEIGHBORHOOD SENIOR CENTE,43Z01,Queens Valley Neighborhood Senior Center,YOUNG ISRAEL PROGRAMS INC  ,141-55 77TH AVENUE,FLUSHING,11367,718-263-6995
407,NEIGHBORHOOD SENIOR CENTE,44301,ROCKAWAY PARK NSC,THE JEWISH ASSOCIATION FOR SERVICES FOR THE AGED ,106-20 SHORE FRONT PARKWAY,ROCKAWAY PARK,11694,718-634-3044
408,NEIGHBORHOOD SENIOR CENTE,44701,ELMCOR NSC,ELMCOR YOUTH & ADULT ACTIVITIES INC ,98-19 ASTORIA BOULEVARD,EAST ELMHURST,11369,718-457-9757
409,NEIGHBORHOOD SENIOR CENTE,44A01,Selfhelp Latimer Neighborhood Senior Center,SELFHELP COMMUNITY SERVICES INC ,34-30 137TH STREET,FLUSHING,11354,718-961-3660
410,NEIGHBORHOOD SENIOR CENTE,44B01,Brookville Neighborhood Senior Center,SERVICES NOW FOR ADULT PERSONS INC ,133-33 BROOKVILLE BOULEVARD,ROSEDALE,11422,718-525-8899
411,NEIGHBORHOOD SENIOR CENTE,44E01,Rockaway Boulevard Neighborhood Senior Center,JAMAICA SERVICE PROGRAM FOR OLDER ADULTS INC ,123-10 143RD STREET,JAMAICA,11433,718-657-6752
412,NEIGHBORHOOD SENIOR CENTE,44F01,Holliswood Neighborhood Senior Center,THE JEWISH ASSOCIATION FOR SERVICES FOR THE AGED ,86-25 FRANCIS LEWIS BOULEVARD,JAMAICA,11427,718-454-6157
413,NEIGHBORHOOD SENIOR CENTE,44G01,Peter Cardella Neighborhood Senior Center,PETER CARDELLA SENIOR CITIZEN CENTER INC ,68-52 FRESH POND ROAD,RIDGEWOOD,11385,718-497-2908
414,NEIGHBORHOOD SENIOR CENTE,44H01,JASA Brookdale Neighborhood Senior Center,THE JEWISH ASSOCIATION FOR SERVICES FOR THE AGED ,131 BEACH 19TH STREET,FAR ROCKAWAY,11691,718-471-3200
415,NEIGHBORHOOD SENIOR CENTE,44K01,KCS Corona Neighborhood Senior Center,KOREAN COMMUNITY SERVICES OF METROPOLITAN NEW YORK,37-06 111TH STREET,CORONA,11368,718-651-9220
416,NEIGHBORHOOD SENIOR CENTE,44M01,Forest Hills Neighborhood Senior Center,QUEENS COMMUNITY HOUSE INC. ,108-25 62ND DRIVE,FLUSHING,11375,718-699-1010
417,NEIGHBORHOOD SENIOR CENTE,44N01,Alpha Phi Alpha Neighborhood Senior Center,ALPHA PHI ALPHA SENIOR CITIZENS CENTER INC ,220-01 LINDEN BOULEVARD,CAMBRIA HIGHTS,11411,718-528-8238
418,NEIGHBORHOOD SENIOR CENTE,44P01,CCNS Hillcrest Neighborhood Senior Center,CATHOLIC CHARITIES NEIGHBORHOOD SERVICES INC,9134  182nd  Pl ,Hollis,11423,718-297-7171
419,NEIGHBORHOOD SENIOR CENTE,44Q01,Allen Community Neighborhood Senior Center,ALLEN AME CHURCH ALLEN COMMUNITY SENIOR CENTER ,166-01 LINDEN BOULEVARD,JAMAICA,11433,718-658-0980
420,NEIGHBORHOOD SENIOR CENTE,44R01,RAICES Corona Neighborhood Senior Center,THE SPANISH SPEAKING ELDERLY COUNCIL-RAICES INC.,107-24 CORONA AVENUE,CORONA,11368,718-458-7259
421,NEIGHBORHOOD SENIOR CENTE,44R02,RAICES Corona Neighborhood Senior Center NYCHA SIT,THE SPANISH SPEAKING ELDERLY COUNCIL-RAICES INC.,107-24 CORONA AVENUE,CORONA,11368,718-458-7259
422,NEIGHBORHOOD SENIOR CENTE,44S01,Robert Couche Neighborhood Senior Center,MERRILL PARK CIVIC ASSOCIATION OF SPRINGFIELD GARD,137-57 FARMERS BOULEVARD,SPRINGFIELD GAR,11434,718-978-8352
423,NEIGHBORHOOD SENIOR CENTE,44T01,RAICES Astoria Neighborhood Senior Center,THE SPANISH SPEAKING ELDERLY COUNCIL-RAICES INC.,21-21 30TH DRIVE,LONG ISLAND CIT,11102,718-726-9642
424,NEIGHBORHOOD SENIOR CENTE,44V01,Wavecrest and Bayswater Neighborhood Senior Center,YOUNG ISRAEL PROGRAMS INC  ,2716 HEALY AVENUE,FAR ROCKAWAY,11691,718-327-0297
425,NEIGHBORHOOD SENIOR CENTE,44W01,Pomonok Neighborhood Senior Center,QUEENS COMMUNITY HOUSE INC. ,67-09 KISSENA BOULEVARD,FLUSHING,11367,718-591-3377
426,NEIGHBORHOOD SENIOR CENTE,44X01,Samuel Field Neighborhood Senior Center,SAMUEL FIELD YM & YWHA INC  ,58-20 LITTLE NECK PARKWAY,LITTLE NECK,11362,718-225-6750
427,NEIGHBORHOOD SENIOR CENTE,45701,NEWTOWN ITALIAN NSC,ITALIAN SENIOR CITIZENS INC.,83-20  QUEENS BOULEVARD,ELMHURST,11373,718-335-7272
428,NEIGHBORHOOD SENIOR CENTE,45A01,Ridgewood Older Adult Neighborhood Senior Center,RIDGEWOOD OLDER ADULT CENTER AND SERVICES INC ,59-14 70th AVENUE,RIDGEWOOD,11385,718-456-2000
429,NEIGHBORHOOD SENIOR CENTE,45C01,Woodside Neighborhood Senior Center,"SAMARITAN DAYTOP VILLAGE, INC  ",50-37 NEWTOWN ROAD,WOODSIDE,11377,718-932-6916
430,NEIGHBORHOOD SENIOR CENTE,45F01,Middle Village Neighborhood Senior Center,RABBI ISRAEL MEYER HACOHEN RABBINICAL SEMINARY OF ,69-10 75TH STREET,MIDDLE VILLAGE,11379,718-894-3441
431,NEIGHBORHOOD SENIOR CENTE,45G01,CCNS Howard Beach Neighborhood Senior Center,CATHOLIC CHARITIES NEIGHBORHOOD SERVICES INC,155-55 CROSSBAY BOULEVARD,HOWARD BEACH,11414,718-738-8100
432,NEIGHBORHOOD SENIOR CENTE,46F01,HANAC Angelo Petromelis Neighborhood Senior Center,"HANAC, INC. ",13-28 123RD STREET,COLLEGE POINT,11356,718-961-0344
433,NEIGHBORHOOD SENIOR CENTE,48801,CPC Nan Shan Neighborhood Senior Center,CHINESE AMERICAN PLANNING COUNCIL INC,133-14  41st Avenue,FLUSHING,11355,718-358-3030
434,NEIGHBORHOOD SENIOR CENTE,49301,Selfhelp Maspeth Neighborhood Senior Center,SELFHELP COMMUNITY SERVICES INC ,69-61 GRAND AVENUE,MASPETH,11378,718-429-3636
435,NEIGHBORHOOD SENIOR CENTE,49601,FLORENCE E. SMITH NSC,CORONA CONGREGATIONAL CHURCH  ,102-19 34TH AVENUE,CORONA,11368,718-899-0553
436,NEIGHBORHOOD SENIOR CENTE,49701,The Young Israel of Forest Hills Neighborhood Seni,YOUNG ISRAEL PROGRAMS INC  ,68-07 BURNS STREET,FOREST HILLS,11375,718-520-2305
437,NEIGHBORHOOD SENIOR CENTE,50201,ARROCHAR NEIGHBORHOOD SENIOR CENTER,STATEN ISLAND COMMUNITY SERVICES FRIENDSHIP CLUBS ,85 JEROME AVENUE,STATEN ISLAND,10305,718-720-6110
438,NEIGHBORHOOD SENIOR CENTE,50601,GREAT KILLS NEIGHBORHOOD SENIOR CENTER,STATEN ISLAND COMMUNITY SERVICES FRIENDSHIP CLUBS ,11 SAMPSON AVENUE,STATEN ISLAND,10308,718-356-5050
439,NEIGHBORHOOD SENIOR CENTE,54001,STAPLETON NEIGHBORHOOD SENIOR CENTER,JEWISH COMMUNITY CENTER OF STATEN ISLAND INC ,189 GORDON STREET,STATEN ISLAND,10304,718-981-8828
440,NEIGHBORHOOD SENIOR CENTE,54501,West Brighton Neighborhood Senior Center,"CATHOLIC CHARITIES OF STATEN ISLAND, INC.",230 BROADWAY,STATEN ISLAND,10310,718-727-9763
441,NEIGHBORHOOD SENIOR CENTE,54601,Anderson Neighborhood Senior Center,"CATHOLIC CHARITIES OF STATEN ISLAND, INC.",120 ANDERSON AVENUE,STATEN ISLAND,10302,718-448-5757
442,NEIGHBORHOOD SENIOR CENTE,54701,Stapleton Neighborhood Senior Center,JEWISH COMMUNITY CENTER OF STATEN ISLAND INC ,189 GORDON STREET,STATEN ISLAND,10304,718-981-8828
443,NEIGHBORHOOD SENIOR CENTE,54801,JCC South Shore Neighborhood Senior Center,JEWISH COMMUNITY CENTER OF STATEN ISLAND INC ,1297 ARTHUR KILL ROAD,STATEN ISLAND,10312,718-475-5283
444,NEIGHBORHOOD SENIOR CENTE,54901,New Lane Neighborhood Senior Center,COMMUNITY AGENCY FOR SENIOR CITIZENS INC ,70 NEW LANE,STATEN ISLAND,10305,718-448-5936
445,NEIGHBORHOOD SENIOR CENTE,55001,Cassidy Coles Neighborhood Senior Center,COMMUNITY AGENCY FOR SENIOR CITIZENS INC ,125 CASSIDY PLACE,STATEN ISLAND,10301,718-273-6808
446,NEIGHBORHOOD SENIOR CENTE,55101,Great Kills Neighborhood Senior Center,STATEN ISLAND COMMUNITY SERVICES FRIENDSHIP CLUBS ,11 SAMPSON AVENUE,STATEN ISLAND,10308,718-356-5050
447,NEIGHBORHOOD SENIOR CENTE,55201,Arrochar Neighborhood Senior Center,STATEN ISLAND COMMUNITY SERVICES FRIENDSHIP CLUBS ,85 JEROME AVENUE,STATEN ISLAND,10305,718-720-6110
448,NEIGHBORHOOD SENIOR CENTE,55301,Todt Hill Neighborhood Senior Center,STATEN ISLAND COMMUNITY SERVICES FRIENDSHIP CLUBS ,184 SCHMIDTS LANE,STATEN ISLAND,10314,718-720-6110
449,NEIGHBORHOOD SENIOR CENTE,55401,Mount Loretto Neighborhood Senior Center,STATEN ISLAND COMMUNITY SERVICES FRIENDSHIP CLUBS ,6581 HYLAN  BOULEVARD,STATEN ISLAND,10309,718-984-8589
450,NEIGHBORHOOD SENIOR CENTE,5AD01,JCC South Shore Neighborhood Senior Cent,JEWISH COMMUNITY CENTER OF STATEN ISLAND INC ,1297  Arthur Kill Road,Staten Island,10312,718-475-5283
451,NEW YORK CONNECTS,1C401,NEIGHBORHOOD SHOPP NY CONNECTS,THE NEIGHBORHOOD SELF-HELP BY OLDER PERSONS PROJEC,953 Southern Boulevard,Bronx,10459,347-862-5200
452,NEW YORK CONNECTS,2C401,JASA NY CONNECTS,THE JEWISH ASSOCIATION FOR SERVICES FOR THE AGED ,1901 Coney Island Avenue,Brooklyn ,11230,718-671-6200
453,NEW YORK CONNECTS,3C401,NY FOUNDATION NY CONNECTS,NEW YORK FOUNDATION FOR SENIOR CITIZENS INC ,11 PARK PLACE,New York,10007,212-962-7653
454,NEW YORK CONNECTS,5C401,CASC NY CONNECTS,COMMUNITY AGENCY FOR SENIOR CITIZENS INC ,56 Bay Street,Staten Island,10301,718-981-6226
455,NORC SITES,1N301,BJCC PELHAM PARKWAY HOUSES NORC,BRONX JEWISH COMMUNITY COUNCIL INC ,2425 WILLIAMBRIDGE ROAD,BRONX,10469,718-652-5500
456,NORC SITES,1N302,BJCC HOLLAND AVENUE NORC,BRONX JEWISH COMMUNITY COUNCIL INC ,2157 HOLLAND AVE,BRONX,10462,718-626-1114
457,NORC SITES,2N301,SPRING CREEK NORC,"SPRING CREEK SENIOR PARTNERS, INC",160 SCHROEDERS AVENUE,BROOKLYN,11239,718-348-7620
458,NORC SITES,3D101,VILLAGE VIEW,UNIVERSITY SETTLEMENT SOCIETY OF NEW YORK,189 ALLEN STREET,NEW YORK,10002,212-473-8217
459,NORC SITES,N1101,BJCC AMALGAMATED PK RESEVOIR NORC,BRONX JEWISH COMMUNITY COUNCIL INC ,98 VAN CORTLANDT PARK SOUTH,BRONX,10463,718-548-4990
460,NORC SITES,N1102,BRONX JEWISH COMMUNITY COUNCIL NORC,BRONX JEWISH COMMUNITY COUNCIL INC ,2930 WALLACE AVENUE,BRONX,10467,718-652-5500
461,NORC SITES,N1103,BJCC BAINBRIDGE AVENUE NORC,BRONX JEWISH COMMUNITY COUNCIL INC ,220 East 204 Street,BRONX,10458,718-654-5105
462,NORC SITES,N1301,BETH ABRAHAM PARKCHESTER ENHANCE NORC,"CENTERLIGHT HEALTH SYSTEM, INC.",1525 UNION PORT ROAD,BRONX,10462,718-409-1619
463,NORC SITES,N1701,JASA CO OP CITY NORC,THE JEWISH ASSOCIATION FOR SERVICES FOR THE AGED ,2049 BARTOW AVE,BRONX,10475,718-320-2066
464,NORC SITES,N2101,JASA TRUMPS UNITED NORC,THE JEWISH ASSOCIATION FOR SERVICES FOR THE AGED ,2915 WEST 5TH STREET,BROOKLYN,11224,718-471-6677
465,NORC SITES,N2201,JASA WARBASSE CARES NORC,THE JEWISH ASSOCIATION FOR SERVICES FOR THE AGED ,2844 OCEAN PARKWAY,BROOKLYN,11235,718-996-5200
466,NORC SITES,N2801,JASA CONEY ISLAND ACTIVE AGING NORC,THE JEWISH ASSOCIATION FOR SERVICES FOR THE AGED ,2950 WEST 35TH STREET,BROOKLYN,11224,718-943-7811
467,NORC SITES,N2901,JASA BUSHWICK HYLAND NORC,THE JEWISH ASSOCIATION FOR SERVICES FOR THE AGED ,50 HUMBOLDT STREET,BROOKLYN,11206,718-934-4295
468,NORC SITES,N3001,HAMILTON MADISON KNICKERBOCKER NORC,HAMILTON MADISON HOUSE INC  ,36 MONROE STREET,NEW YORK,10002,212-349-0616
469,NORC SITES,N3101,EDUCATIONAL ALLIANCE CO OP VILLAGE NORC,THE EDUCATIONAL ALLIANCE INC  ,465 GRAND STREET,NEW YORK,10002,646-395-4270
470,NORC SITES,N3201,MORNINGSIDE MRHS NORC,MORNINGSIDE RETIREMENT & HEALTH SERVICES INC ,100 LASALLE STREET,NEW YORK,10027,212-666-4000
471,NORC SITES,N3301,PENN SOUTH NORC,PENN SOUTH SOCIAL SERVICES INC  ,290 NINTH AVENUE,NEW YORK,10001,212-243-3670
472,NORC SITES,N3401,STANLEY M ISAACS NORC,STANLEY M ISAACS NEIGHBORHOOD CENTER INC ,415 EAST 93RD STREET,NEW YORK,10128,212-360-7620
473,NORC SITES,N3501,HENRY STREET VLADECK CARES NORC,HENRY STREET SETTLEMENT  ,265 HENRY STREET,NEW YORK,10002,212-349-2770
474,NORC SITES,N3801,GODDARD RIVERSIDE WEST SIDE NORC,GODDARD-RIVERSIDE COMMUNITY CENTER ,593 COLUMBUS AVENUE,NEW YORK,10024,212-665-3853
475,NORC SITES,N3901,UNION SETTLEMENT FRANKLIN PLAZA NORC,UNION SETTLEMENT ASSOCIATION ,2078 SECOND AVENUE,NEW YORK,10029,646-676-1801
476,NORC SITES,N3C01,HAMILTON MADISON ALFRED SMITH HOUSESNORC,HAMILTON MADISON HOUSE INC  ,50 MADISON STREET,NEW YORK,10038,212-349-3724
477,NORC SITES,N3D01,HUDSON GUILD ELLIOT CHELSEA NORC,HUDSON GUILD  ,441 WEST 26TH STREET,NEW YORK,10001,212-760-9800
478,NORC SITES,N3E01,ISABELLA GERIATRIC FT GEORGE VISTAS NORC,ISABELLA GERIATRIC CENTER INC  ,17 FT. GEORGE HILL,NEW YORK,10040,212-304-1064
479,NORC SITES,N3G01,LINCOLN SQUARE NORC,GODDARD-RIVERSIDE COMMUNITY CENTER ,250 West 65 Street,New York,10023,212-874-0860
480,NORC SITES,N4101,SAMUEL FIELD Y CLEARVIEW GARDENS NORC,SAMUEL FIELD YM & YWHA INC  ,163-59 17 AVENUE,LITTLE NECK,11357,718-352-4157
481,NORC SITES,N4201,SELFHELP BIG SIX NORC,SELFHELP COMMUNITY SERVICES INC ,59-55 47TH AVENUE,WOOSIDE,11377,718-458-8579
482,NORC SITES,N4301,SELFHELP QUEENSVIEW NORC,SELFHELP COMMUNITY SERVICES INC ,33-34 CRESCENT STREET,LONG ISLAND CIT,11106,718-278-4148
483,NORC SITES,N4401,SAMUEL FIELD Y DEEPDALE GARDENS NORC,SAMUEL FIELD YM & YWHA INC  ,57-17 MARATHON PARKWAY,LITTLE NECK,11362,718-225-6750
484,NORC SITES,N4501,FOREST HILLS COMMUNITY HOUSE NORC,QUEENS COMMUNITY HOUSE INC. ,108-25 62nd Drive,Forest Hills,11375,718-760-5231
485,NORC SITES,N4601,HANAC RAVENSWOOD NORC,"HANAC, INC. ",34-35 12TH STREET,ASTORIA,11106,718-609-1028
486,NORC SITES,N4801,SELFHELP FRESH MEADOWS NORC,SELFHELP COMMUNITY SERVICES INC ,67-00 192  STREET,FRESH MEADOWS,11365,718-454-6288
487,OTHER SATELLITE,12T02,JASA EINSTEIN SENIOR CENTER,THE JEWISH ASSOCIATION FOR SERVICES FOR THE AGED ,135 EINSTEIN LOOP,BRONX,10475,718-379-2702
488,OTHER SATELLITE,13R02,Patterson Houses Senior Center,EAST SIDE HOUSE INC  ,337 ALEXANDER AVENUE,BRONX,10454,718-993-5146
489,OTHER SATELLITE,13Z02,JASA Einstein Senior Center,THE JEWISH ASSOCIATION FOR SERVICES FOR THE AGED ,135 EINSTEIN LOOP,BRONX,10475,718-379-2702
490,OTHER SATELLITE,14C02,Sue Ginsburg Senior Center,THE JEWISH ASSOCIATION FOR SERVICES FOR THE AGED ,975 WARING AVENUE,BRONX,10469,718-881-1758
491,OTHER SATELLITE,14Q02,Tolentine Zeiser Community Life Center,REGIONAL AID FOR INTERIM NEEDS INC ,2345 UNIVERSITY AVENUE,BRONX,10468,718-933-3305
492,OTHER SATELLITE,14Q03,Bailey Senior Center,REGIONAL AID FOR INTERIM NEEDS INC ,2660 BAILEY AVENUE,BRONX,10463,718-796-2559
493,OTHER SATELLITE,21602,FARRAGUT SENIOR CENTER,THE SPANISH SPEAKING ELDERLY COUNCIL-RAICES INC.,228 YORK STREET,BROOKLYN,11201,718-422-1069
494,OTHER SATELLITE,21603,RAICES GOWANUS SENIOR CENTER,THE SPANISH SPEAKING ELDERLY COUNCIL-RAICES INC.,420 BALTIC STREET,BROOKLYN,11201,718-797-2472
495,OTHER SATELLITE,27B02,Saratoga Square Senior Center,RISEBORO COMMUNITY PARTNERSHIP INC,930 HALSEY STREET,BROOKLYN,11233,347-425-0676
496,OTHER SATELLITE,27H02,Farragut Senior Center,THE SPANISH SPEAKING ELDERLY COUNCIL-RAICES INC.,228 YORK  STREET,BROOKLYN,11201,718-422-1069
497,OTHER SATELLITE,27H03,RAICES Gowanus Senior Center,THE SPANISH SPEAKING ELDERLY COUNCIL-RAICES INC.,420 Baltic Street,BROOKLYN,11201,718-797-2472
498,OTHER SATELLITE,32902,Polo Grounds,COTHOA LUNCHEON CLUB INC  ,2965 EIGHTH AVENUE,NEW YORK,10039,212-283-5475
499,OTHER SATELLITE,44F02,JASA Club 76 Senior Center,THE JEWISH ASSOCIATION FOR SERVICES FOR THE AGED ,120 W. 76 Street,NEW YORK,10023,212-712-0170
500,OTHER SATELLITE,44M02,Kew Gardens Community Center,QUEENS COMMUNITY HOUSE INC. ,80-02 Kew Gardens Road,Kew Gardens,11415,718-268-0895
501,SOCIAL CLUB,12E02,Fort Independence Social Club,CHILD DEVELOPMENT CENTER OF THE MOSHOLU-MONTEFIORE,3340 BAILEY AVENUE,BRONX,10463,718-796-2950
502,SOCIAL CLUB,13P02,Fort Independence Social Club,CHILD DEVELOPMENT CENTER OF THE MOSHOLU-MONTEFIORE,3340 BAILEY AVENUE,BRONX,10463,718-796-2950
503,SOCIAL CLUB,14L02,Morrisania Air Rights Social Club,PRESBYTERIAN SENIOR SERVICES  ,3135 PARK AVENUE,BRONX,10451,718-992-2528
504,SOCIAL CLUB,20202,Marcus Garvey Social Club,FORT GREENE COUNCIL ,1440 E NEW YORK AVENUE,BROOKLYN,11212,718-346-7167
505,SOCIAL CLUB,20203,SETH LOW SOCIAL CLUB,FORT GREENE COUNCIL ,137 BELMONT AVENUE,BROOKLYN,11212,718-485-4991
506,SOCIAL CLUB,25R02,Marcus Garvey Social Club,FORT GREENE COUNCIL ,1440 E NEW YORK AVENUE,BROOKLYN,11212,718-346-7167
507,SOCIAL CLUB,25R03,Seth Low Social Club,FORT GREENE COUNCIL ,137 BELMONT AVENUE,BROOKLYN,11212,718-485-4991
508,SOCIAL CLUB,26Q02,Cooper Park Social Club,THE JEWISH ASSOCIATION FOR SERVICES FOR THE AGED ,288 FROST STREET,BROOKLYN,11222,718-408-6328
509,SOCIAL CLUB,27B03,Brevoort Social Club,RISEBORO COMMUNITY PARTNERSHIP INC,280 RALPH AVENUE,BROOKLYN,11233,347-318-3383
510,SOCIAL CLUB,27B04,Stuyvesant Gardens Social Club,RISEBORO COMMUNITY PARTNERSHIP INC,150 MALCOLM X BOULEVARD,BROOKLYN,11221,347-318-3313
511,SOCIAL CLUB,27B05,Palmetto Gardens Social Club,RISEBORO COMMUNITY PARTNERSHIP INC,85 PALMETTO STREET,BROOKLYN,11221,718-676-0876
512,SOCIAL CLUB,27R02,Armstrong Social Club,WAYSIDE OUT-REACH DEVELOPMENT INC ,360 NOSTRAND AVENUE,BROOKLYN,11216,718-638-3000
513,SOCIAL CLUB,32903,Ralph J. Rangel Social Club,COTHOA LUNCHEON CLUB INC  ,159-36 HARLEM RIVER DRIVE,NEW YORK,10039,646-918-7570
514,SOCIAL CLUB,34102,Saint Nicholas Social Club,"CENTRAL HARLEM SENIOR CITIZENS CENTERS, INC.",210 WEST 131ST STREET,NEW YORK,10001,646-678-4451
515,SOCIAL CLUB,34T02,Kings Towers Social Club,PRESBYTERIAN SENIOR SERVICES  ,50 LENOX AVENUE,NEW YORK,10026,646-861-2077
516,SOCIAL CLUB,35C02,Saint Nicholas Social Club,"CENTRAL HARLEM SENIOR CITIZENS CENTERS, INC.",210 WEST 131ST STREET,NEW YORK,10001,646-678-4451
517,SOCIAL CLUB,35D02,Lehman Social Club,"CARTER BURDEN NETWORK, INC.",1641 MADISON AVENUE,NEW YORK,10029,646-370-5642
518,SOCIAL CLUB,36302,Meltzer Tower Social Club,UNIVERSITY SETTLEMENT SOCIETY OF NEW YORK,94 EAST 1ST STREET,NEW YORK,10009,212-253-5624
519,SOCIAL CLUB,36B02,Douglass Social Club,WEST SIDE FEDERATION FOR SENIOR AND SUPPORTIVE HOU,868 Amsterdam Avenue,NEW YORK,10025,646-214-2560
520,SOCIAL CLUB,42Q02,International Towers Social Club,JAMAICA SERVICE PROGRAM FOR OLDER ADULTS INC ,90-20 170TH STREET,JAMAICA,11432,718-657-5075
521,SOCIAL CLUB,42Q03,Shelton House Social Club,JAMAICA SERVICE PROGRAM FOR OLDER ADULTS INC ,89-09 162ND STREET,JAMAICA,11433,718-657-5454
522,SOCIAL SERVICES ONLY,15602,RAIN ONE STOP SERVICES FOR ELDERLY,REGIONAL AID FOR INTERIM NEEDS INC ,1380 METROPOLITAN AVENUE,BRONX,10462,718-239-4358
523,SOCIAL SERVICES ONLY,15E02,Neighborhood SHOPP SNAP,THE NEIGHBORHOOD SELF-HELP BY OLDER PERSONS PROJEC,910 EAST 172ND STREET,BRONX,10460,718-620-4650
524,SOCIAL SERVICES ONLY,26Y02,Polish and Slavic Extended Social Services,POLISH & SLAVIC CENTER INC  ,176 JAVA STREET,BROOKLYN,11222,718-383-3324
525,SOCIAL SERVICES ONLY,27H04,RAICES,THE SPANISH SPEAKING ELDERLY COUNCIL-RAICES INC.,460 ATLANTIC AVENUE,BROOKLYN,11217,718-694-0895
526,SOCIAL SERVICES ONLY,28D02,AMICO Extended Services,AMERICAN ITALIAN COALITION OF ORGANIZATIONS INC\AM,138 BAY 20TH  STREET,BROOKLYN,11214,718-256-3445
527,SOCIAL SERVICES ONLY,31203,BURDEN CENTER ON AGING,"CARTER BURDEN NETWORK, INC.",351 EAST 74TH STREET,NEW YORK,10021,212-879-7400
528,SOCIAL SERVICES ONLY,31703,Burden Center for the Aging,"CARTER BURDEN NETWORK, INC.",351 EAST 74TH STREET,NEW YORK,10021,212-879-7400
529,SOCIAL SERVICES ONLY,36203,UJC Extended Services,UNITED JEWISH COUNCIL OF THE EAST SIDE INC ,465 Grand Street,NEW YORK,10002,212-233-6037
530,SOCIAL SERVICES ONLY,44F03,JASA One Stop,THE JEWISH ASSOCIATION FOR SERVICES FOR THE AGED ,86-25 FRANCIS LEWIS BOULEVARD,JAMAICA,11427,212-864-7900
531,SOCIAL SERVICES ONLY,45N02,HANAC Extended Services,"HANAC, INC. ",27-40 HOYT AVENUE SOUTH,ASTORIA,11102,718-396-5054
532,SOCIAL SERVICES ONLY,55002,CASC Assistance,COMMUNITY AGENCY FOR SENIOR CITIZENS INC ,56 BAY STREET,STATEN ISLAND,10301,718-981-6226
533,SOCIAL SERVICES ONLY,63801,NY FDTN HOME SHARING,NEW YORK FOUNDATION FOR SENIOR CITIZENS INC ,11 PARK PLACE,NEW YORK,10007,212-962-7653
534,TRANSPORTATION ONLY,10601,MID BRONX TRANSPORTATION,MID BRONX SENIOR CITIZENS COUNCIL INC ,900 GRAND CONCOURSE,BRONX,10451,718-992-2057
535,TRANSPORTATION ONLY,19601,RAIN EASTCHESTER TRANSPORTATION,REGIONAL AID FOR INTERIM NEEDS INC ,1246 BURKE AVENUE,BRONX,10469,718-671-8550
536,TRANSPORTATION ONLY,24601,PROJECT RELIEF TRANSPORTATION,JEWISH COMMUNITY COUNCIL OF GREATER CONEY ISLAND I,3001 WEST 37TH STREET,BROOKLYN,11224,718-449-5000
537,TRANSPORTATION ONLY,30901,WHIST TRANSPORTATION,ARC XVI FORT WASHINGTON INC  ,4111 BROADWAY,NEW YORK,10033,212-781-5700
538,TRANSPORTATION ONLY,36701,NEW YORK FOUNDATION TRANSPORTATION,NEW YORK FOUNDATION FOR SENIOR CITIZENS INC ,404 WEST 54TH STREET,NEW YORK,10019,212-956-0855
539,TRANSPORTATION ONLY,44601,HANAC EAST-WEST CONNECTION,"HANAC, INC. ",27-40 HOYT AVENUE,LONG ISLAND CIT,11102,718-267-6910
540,TRANSPORTATION ONLY,46201,JSPOA TRANSPORTATION PROGRAM,JAMAICA SERVICE PROGRAM FOR OLDER ADULTS INC ,92-47 165TH STREET,JAMAICA,11433,718-657-6500
541,TRANSPORTATION ONLY,53801,CASC TRANSPORTATION,COMMUNITY AGENCY FOR SENIOR CITIZENS INC ,56 BAY STREET,STATEN ISLAND,10301,718-981-6226
