,program_type,program,site_name,borough_community,agency,contact_number,grade_level_age_group,location_1,postcode,latitude,longitude,community_board,community_council,census_tract,bin,bbl,nta,:@computed_region_efsh_h5xi,:@computed_region_f5dn_yrer,:@computed_region_yeji_bk3q,:@computed_region_92fq_4b7q,:@computed_region_sbqj_enih
0,Family Support,HIV/AIDS Support Services,"AIDS Center of Queens County, Inc.",Queens,"AIDS Center of Queens County, Inc.",718 896-2500,,,,,,,,,,,,,,,,
1,Family Support,Housing Assistance & Advocacy,"Brooklyn Housing and Family Services, Inc.",Brooklyn,"Brooklyn Housing and Family Services, Inc.                  ",718.435.7585,Adults,,,,,,,,,,,,,,,
2,Family Support,Housing Assistance & Advocacy,Flatbush Development Corporation,Brooklyn,Flatbush Development Corporation                            ,718.859.4763,Adults,,,,,,,,,,,,,,,
3,Family Support,Older Adult Program,Pelham Parkway Senior Center,Bronx,Conscientious Musical Revues,800.624.8474,Seniors,,,,,,,,,,,,,,,
4,Family Support,Housing Assistance & Advocacy,Northern Manhattan Improvement Corporation,New York,Northern Manhattan Improvement Corporation,212.822.8300,Adults,"{'latitude': '40.847051676059', 'longitude': '-73.937044724943', 'human_address': '{""address"": ""76 Wadsworth Avenue"", ""city"": ""New York"", ""state"": ""NEW YORK"", ""zip"": ""10033""}'}",10033.0,40.847012,-73.93704,12.0,10.0,263.0,1063574.0,1021450051.0,Washington Heights South                                                   ,13091.0,47.0,4.0,39.0,21.0
5,Family Support,Young Parent Education & Family Support,Dr. White Community Center ,Brooklyn,"Catholic Charities Neighborhood Services, Inc.",718.722.6023,MS/HS,"{'latitude': '40.698288822006', 'longitude': '-73.983097400318', 'human_address': '{""address"": ""200 Gold Street"", ""city"": ""Brooklyn"", ""state"": ""NEW YORK"", ""zip"": ""11201""}'}",11201.0,40.698184,-73.983079,2.0,33.0,15.0,3000197.0,3001090001.0,DUMBO-Vinegar Hill-Downtown Brooklyn-Boerum Hill                           ,16865.0,68.0,2.0,38.0,54.0
6,Family Support,Fatherhood Initiative,Oberia Dempsey Center ,New York ,The Northern Manhattan Perinatal Partnership Inc.,212.665.2600,16 to 24,"{'latitude': '40.809438819236', 'longitude': '-73.945341926389', 'human_address': '{""address"": ""127 127th"", ""city"": ""New York"", ""state"": ""NEW YORK"", ""zip"": ""10027""}'}",,,,,,,,,,12424.0,18.0,4.0,36.0,20.0
7,Family Support,Fatherhood Initiative,The New York Society for the Prevention of Cruelty to Children,New York ,The New York Society for the Prevention of Cruelty to Children,212.233.5500,16 to 24,"{'latitude': '40.709999539835', 'longitude': '-74.006016649884', 'human_address': '{""address"": ""161 William Street"", ""city"": ""New York"", ""state"": ""NEW YORK"", ""zip"": ""10038""}'}",10038.0,40.710059,-74.005955,1.0,1.0,1501.0,1001269.0,1000920005.0,Battery Park City-Lower Manhattan                                          ,13096.0,56.0,4.0,32.0,1.0
8,Family Support,Older Adult Program,Greater Chinatown Community Association,New York,Greater Chinatown Community Association,212.374.1311,Seniors,"{'latitude': '40.714478163541', 'longitude': '-73.999235761783', 'human_address': '{""address"": ""105 Mosco Street"", ""city"": ""New York"", ""state"": ""NEW YORK"", ""zip"": ""10013""}'}",10013.0,40.714459,-73.999347,3.0,1.0,29.0,1001820.0,1001640044.0,Chinatown                                                                  ,12076.0,70.0,4.0,32.0,2.0
9,Family Support,Economic Development,Northfield Community LDC,Staten Island,Northfield Community LDC,718.442.7351,,"{'latitude': '40.636120658508', 'longitude': '-74.131878378944', 'human_address': '{""address"": ""160 Heberton Avenue Staten Island"", ""city"": ""NEW YORK"", ""state"": """", ""zip"": ""10302""}'}",10302.0,40.636179,-74.131816,1.0,49.0,207.0,5110130.0,5010200020.0,Port Richmond                                                              ,10370.0,4.0,1.0,13.0,75.0
10,Family Support,Older Adult Program,Mercy Manor ,Bronx,"Neighborhood Self-Help by Older Persons Projects, Inc.",718.542.0006,Seniors,"{'latitude': '40.893603864286', 'longitude': '-73.860614532487', 'human_address': '{""address"": ""4170 Carpenter Avenue"", ""city"": ""Bronx"", ""state"": ""NEW YORK"", ""zip"": ""10466""}'}",10466.0,40.893523,-73.860689,12.0,12.0,420.0,2063271.0,2048340052.0,Williamsbridge-Olinville                                                   ,11275.0,29.0,5.0,2.0,30.0
11,Family Support,Older Adult Program,St. Lukes,Bronx,"Neighborhood Self-Help by Older Persons Projects, Inc.",718.542.0006,Seniors,"{'latitude': '40.885144265016', 'longitude': '-73.858606154195', 'human_address': '{""address"": ""3911 Barnes Avenue"", ""city"": ""Bronx"", ""state"": ""NEW YORK"", ""zip"": ""10466""}'}",10466.0,40.885201,-73.858541,12.0,12.0,396.0,2063301.0,2048360001.0,Williamsbridge-Olinville                                                   ,11275.0,29.0,5.0,2.0,30.0
12,Family Support,Older Adult Program,Shorefront YM-YWHA,Brooklyn,Shorefront YM-YWHA,718.646.1444,Seniors,"{'latitude': '40.575793969704', 'longitude': '-73.959507450797', 'human_address': '{""address"": ""3300 Coney Island Avenue"", ""city"": ""Brooklyn"", ""state"": ""NEW YORK"", ""zip"": ""11235""}'}",11235.0,40.575607,-73.959463,13.0,48.0,36002.0,3326880.0,3086930001.0,Brighton Beach                                                             ,13826.0,21.0,2.0,15.0,35.0
13,Family Support,Domestic Violence Program,I.S. 281,Brooklyn,St. Rosalia-Regina Pacis Neighborhood Improvement,718.236.5266,MS/HS,"{'latitude': '40.604011809897', 'longitude': '-74.000969000119', 'human_address': '{""address"": ""87 87 24th Avenue"", ""city"": ""Brooklyn"", ""state"": ""NEW YORK"", ""zip"": ""11214""}'}",,,,,,,,,,17616.0,1.0,2.0,45.0,37.0
14,Family Support,Fatherhood Initiative,Neighborhood Defender Service of Harlem,New York ,Neighborhood Defender Service of Harlem,212.876.5500,16 to 24,"{'latitude': '40.808477178137', 'longitude': '-73.945100354507', 'human_address': '{""address"": ""317 Lenox Avenue"", ""city"": ""New York"", ""state"": ""NEW YORK"", ""zip"": ""10027""}'}",10027.0,40.808291,-73.945122,10.0,9.0,222.0,1085673.0,1019107501.0,Central Harlem South                                                       ,12424.0,18.0,4.0,36.0,18.0
15,Family Support,Parent Education and Family Support,Village Care of New York,Brooklyn,Village Care of New York,718.852.5748,HS,"{'latitude': '40.676267274662', 'longitude': '-74.000995078395', 'human_address': '{""address"": ""6033 Clinton Street"", ""city"": ""Brooklyn"", ""state"": ""NEW YORK"", ""zip"": ""11231""}'}",,,,,,,,,,13514.0,14.0,2.0,27.0,48.0
16,Family Support,Older Adult Program,"United Jewish Council of the East Side, Inc.",New York,"United Jewish Council of the East Side, Inc.",212.233.6037,Seniors,"{'latitude': '40.714361251677', 'longitude': '-73.986465388967', 'human_address': '{""address"": ""235 Broadway"", ""city"": ""New York"", ""state"": ""NEW YORK"", ""zip"": ""10002""}'}",10279.0,40.712362,-74.007817,1.0,1.0,21.0,1087167.0,1001237501.0,SoHo-TriBeCa-Civic Center-Little Italy                                     ,11723.0,70.0,4.0,32.0,4.0
17,Family Support,Housing Assistance & Advocacy,Brooklyn Housing and Family,Brooklyn,"Brooklyn Housing and Family Services, Inc.                  ",718.435.7585,Adults,"{'latitude': '40.64322700852', 'longitude': '-73.976448622106', 'human_address': '{""address"": ""415 Albermarle Road"", ""city"": ""Brooklyn"", ""state"": ""NEW YORK"", ""zip"": ""11218""}'}",11218.0,40.64551,-73.976296,12.0,39.0,500.0,3124269.0,3053270041.0,Windsor Terrace                                                            ,17620.0,2.0,2.0,27.0,39.0
18,Family Support,Older Adult Program,"Homecrest Community Services, Inc",Brooklyn,"Homecrest Community Services, Inc",718.376.4036,Seniors,"{'latitude': '40.601233507321', 'longitude': '-73.944368541175', 'human_address': '{""address"": ""1413 Avenue"", ""city"": ""Brooklyn"", ""state"": ""NEW YORK"", ""zip"": ""11229""}'}",,,,,,,,,,13512.0,32.0,2.0,8.0,36.0
19,Family Support,Housing Assistance & Advocacy,Brooklyn Housing and Family,Brooklyn,"Brooklyn Housing and Family Services, Inc.                  ",718.435.7585,Adults,"{'latitude': '40.64322700852', 'longitude': '-73.976448622106', 'human_address': '{""address"": ""415 Albermarle Road"", ""city"": ""Brooklyn"", ""state"": ""NEW YORK"", ""zip"": ""11218""}'}",11218.0,40.64551,-73.976296,12.0,39.0,500.0,3124269.0,3053270041.0,Windsor Terrace                                                            ,17620.0,2.0,2.0,27.0,39.0
20,Family Support,Parent Education and Family Support,Crown Heights Jewish Community Council,Brooklyn,Crown Heights Jewish Community Council,718.778.8808,,"{'latitude': '40.665762628592', 'longitude': '-73.942503354999', 'human_address': '{""address"": ""387 Kingston Avenue"", ""city"": ""Brooklyn"", ""state"": ""NEW YORK"", ""zip"": ""11225""}'}",11225.0,40.665708,-73.942532,9.0,35.0,333.0,3034315.0,3013000010.0,Crown Heights South                                                        ,17615.0,17.0,2.0,48.0,44.0
21,Family Support,Housing Assistance & Advocacy,Neighborhood Association for Inter-Cultural Affairs,Bronx,Neighborhood Association for Inter-Cultural Affairs,718.538.3344,Adults,"{'latitude': '40.837724263364', 'longitude': '-73.923332211412', 'human_address': '{""address"": ""1075 Grand"", ""city"": ""Bronx"", ""state"": ""NEW YORK"", ""zip"": ""10452""}'}",,,,,,,,,,10930.0,50.0,5.0,42.0,27.0
22,Family Support,Housing Assistance & Advocacy,AAFE Queens ,Queens,Asian Americans for Equality,212.680.1374,Adults,"{'latitude': '40.768620220647', 'longitude': '-73.827190280707', 'human_address': '{""address"": ""133 04 39th Avenue"", ""city"": ""Queens"", ""state"": ""NEW YORK"", ""zip"": ""11354""}'}",11354.0,40.75909,-73.834194,7.0,20.0,871.0,4112274.0,4049730006.0,Flushing                                                                   ,13832.0,22.0,3.0,3.0,67.0
23,Family Support,Housing Assistance & Advocacy,Asian Americns for Equality,Queens,Asian Americans for Equality                                ,718.961.0888,Adults,"{'latitude': '40.768620220647', 'longitude': '-73.827190280707', 'human_address': '{""address"": ""133 04-39th Avenue"", ""city"": ""Queens"", ""state"": ""NEW YORK"", ""zip"": ""11354""}'}",,,,,,,,,,13832.0,22.0,3.0,3.0,67.0
24,Family Support,Health Stat Initiative,Asian Americans for Equality,Queens,Asian Americans for Equality,718.961.0888,All Ages,"{'latitude': '40.768620220647', 'longitude': '-73.827190280707', 'human_address': '{""address"": ""133 04 39th Ave"", ""city"": ""Queens"", ""state"": ""NEW YORK"", ""zip"": ""11354""}'}",11354.0,40.75909,-73.834194,7.0,20.0,871.0,4112274.0,4049730006.0,Flushing                                                                   ,13832.0,22.0,3.0,3.0,67.0
25,Family Support,Economic Development,NDA Center,Bronx,South Bronx Overall Economic Dev Corp.,718.585.2600,,"{'latitude': '40.848844606375', 'longitude': '-73.890217480844', 'human_address': '{""address"": ""647 180 Street"", ""city"": ""Bronx"", ""state"": ""NEW YORK"", ""zip"": ""10457""}'}",,,,,,,,,,10935.0,35.0,5.0,22.0,31.0
26,Family Support,Older Adult Program,Seniors Helping Seniors,New York,Seniors Helping Seniors,212.543.9383,Seniors,"{'latitude': '40.841127875341', 'longitude': '-73.939961696627', 'human_address': '{""address"": ""600 168 Street"", ""city"": ""New York"", ""state"": ""NEW YORK"", ""zip"": ""10032""}'}",,,,,,,,,,13090.0,47.0,4.0,39.0,21.0
27,Family Support,Older Adult Program,St. Andrews House ,Bronx,"Neighborhood Self-Help by Older Persons Projects, Inc.",718.542.0006,Seniors,"{'latitude': '40.822348788595', 'longitude': '-73.850239575603', 'human_address': '{""address"": ""2155 Virgil Place"", ""city"": ""Bronx"", ""state"": ""NEW YORK"", ""zip"": ""10473""}'}",10473.0,40.822318,-73.850263,9.0,18.0,86.0,2022369.0,2036120013.0,Soundview-Castle Hill-Clason Point-Harding Park                            ,11611.0,58.0,5.0,31.0,26.0
28,Family Support,Domestic Violence Program,Hispanic Employment Day-Women Working For A Better Community,Brooklyn,Hispanic Employment Day-Women Working For A Better Community,718.455.3988,,"{'latitude': '40.69536512253', 'longitude': '-73.917524657177', 'human_address': '{""address"": ""195 Linden Street"", ""city"": ""Brooklyn"", ""state"": ""NEW YORK"", ""zip"": ""11221""}'}",11221.0,40.69537,-73.917486,4.0,37.0,417.0,3076116.0,3033240019.0,Bushwick South                                                             ,18181.0,42.0,2.0,37.0,53.0
29,Family Support,HIV/AIDS Support Services,SEP at Bethseda Baptist Church ,Queens,"AIDS Center of Queens County, Inc.",718.896.2500,,"{'latitude': '40.71311535449', 'longitude': '-73.792820999789', 'human_address': '{""address"": ""179 09 Jamaica Avenue"", ""city"": ""Queens"", ""state"": ""NEW YORK"", ""zip"": ""11432""}'}",11432.0,40.708222,-73.78166,12.0,27.0,468.0,4211561.0,4098950001.0,Jamaica                                                                    ,24340.0,25.0,3.0,24.0,65.0
30,Family Support,Housing Assistance & Advocacy,Townsend Office ,Bronx,"Citizens Advice Bureau, Inc.",718.293.0727,Adults,"{'latitude': '40.841513488175', 'longitude': '-73.91566203729', 'human_address': '{""address"": ""1477 Townsend Avenue"", ""city"": ""Bronx"", ""state"": ""NEW YORK"", ""zip"": ""10452""}'}",10452.0,40.841504,-73.915639,4.0,14.0,223.0,2098821.0,2028440021.0,West Concourse                                                             ,10930.0,50.0,5.0,29.0,27.0
31,Family Support,Fatherhood Initiative,Parkside Houses,Bronx,Friends of Island Academy,718.653.5301,16 to 24,"{'latitude': '40.868172164653', 'longitude': '-73.870440254466', 'human_address': '{""address"": ""2910 Bronx Park"", ""city"": ""Bronx"", ""state"": ""NEW YORK"", ""zip"": ""10467""}'}",10467.0,40.856629,-73.875725,27.0,15.0,334.0,,,park-cemetery-etc-Bronx                                                    ,11605.0,59.0,5.0,22.0,32.0
32,Family Support,Older Adult Program,Filomena Gardens,Bronx,"Neighborhood Self-Help by Older Persons Projects, Inc.",718.542.0006,Seniors,"{'latitude': '40.888362327284', 'longitude': '-73.86213681348', 'human_address': '{""address"": ""641 225 Street"", ""city"": ""Bronx"", ""state"": ""NEW YORK"", ""zip"": ""10466""}'}",,,,,,,,,,11275.0,29.0,5.0,2.0,30.0
33,Family Support,Older Adult Program,Gates Senior Center ,Brooklyn,Ridgewood Bushwick Senior Citizens Council,718.821.0254,Seniors,"{'latitude': '40.695282660523', 'longitude': '-73.916429825963', 'human_address': '{""address"": ""1349 Gates Avenue"", ""city"": ""Brooklyn"", ""state"": ""NEW YORK"", ""zip"": ""11221""}'}",11221.0,40.695218,-73.916463,4.0,37.0,417.0,3391218.0,3033330033.0,Bushwick South                                                             ,18181.0,42.0,2.0,37.0,53.0
34,Family Support,Parent Education and Family Support,Dr. White Community Center ,Brooklyn,"Catholic Charities Neighborhood Services, Inc.",718.722.6023,,"{'latitude': '40.698288822006', 'longitude': '-73.983097400318', 'human_address': '{""address"": ""200 Gold Street"", ""city"": ""Brooklyn"", ""state"": ""NEW YORK"", ""zip"": ""11201""}'}",11201.0,40.698184,-73.983079,2.0,33.0,15.0,3000197.0,3001090001.0,DUMBO-Vinegar Hill-Downtown Brooklyn-Boerum Hill                           ,16865.0,68.0,2.0,38.0,54.0
35,Family Support,Housing Assistance & Advocacy,"Washington Heights- Inwood Coalition, Inc",New York,"Washington Heights- Inwood Coalition, Inc",212.781.6722,Adults,"{'latitude': '40.853602404382', 'longitude': '-73.932345278359', 'human_address': '{""address"": ""652 187th Street"", ""city"": ""New York"", ""state"": ""NEW YORK"", ""zip"": ""10033""}'}",,,,,,,,,,13098.0,47.0,4.0,39.0,22.0
36,Family Support,Parent Education and Family Support,Citizens Advice Bureau Information & Referral ,Bronx,"Citizens Advice Bureau, Inc.",718.293.0727,,"{'latitude': '40.845798371298', 'longitude': '-73.898324186812', 'human_address': '{""address"": ""2070 Grand"", ""city"": ""Bronx"", ""state"": ""NEW YORK"", ""zip"": ""10457""}'}",,,,,,,,,,10935.0,35.0,5.0,22.0,31.0
37,Family Support,Housing Assistance & Advocacy,Brooklyn Chinese American Association,Brooklyn,Brooklyn Chinese American Association,718.438.9312,Adults,"{'latitude': '40.641104606526', 'longitude': '-74.003759923935', 'human_address': '{""address"": ""5000 8th Avenue"", ""city"": ""Brooklyn"", ""state"": ""NEW YORK"", ""zip"": ""11220""}'}",11220.0,40.641036,-74.003809,7.0,38.0,108.0,3013418.0,3007940039.0,Sunset Park East                                                           ,18180.0,9.0,2.0,7.0,45.0
38,Family Support,Substance Abuse Education and Prevention,Chambers Memorial Social Change,New York,Chambers Memorial Social Change,212 410.5361,,"{'latitude': '40.803241247833', 'longitude': '-73.938765348533', 'human_address': '{""address"": ""129 123rd Street"", ""city"": ""New York"", ""state"": ""NEW YORK"", ""zip"": ""10035""}'}",,,,,,,,,,13093.0,7.0,4.0,36.0,16.0
39,Family Support,HIV/AIDS Support Services,ACQC Jamaica Service Center,Queens,"AIDS Center of Queens County, Inc.",718.896.2500,,"{'latitude': '40.71311535449', 'longitude': '-73.792820999789', 'human_address': '{""address"": ""88 10 178th Street"", ""city"": ""Queens"", ""state"": ""NEW YORK"", ""zip"": ""11432""}'}",11432.0,40.711425,-73.784972,12.0,27.0,462.0,4210382.0,4098330035.0,Jamaica                                                                    ,24340.0,25.0,3.0,24.0,65.0
40,Family Support,Adult Health Awareness & Prevention,"Kings Bay YM-YWHA, Inc.",Brooklyn,"Kings Bay YM-YWHA, Inc.",718.648.7703,,"{'latitude': '40.59874864679', 'longitude': '-73.941539069553', 'human_address': '{""address"": ""3495 Nostrand Avenue"", ""city"": ""Brooklyn"", ""state"": ""NEW YORK"", ""zip"": ""11229""}'}",11229.0,40.598817,-73.94157,15.0,46.0,570.0,3200300.0,3073630036.0,Sheepshead Bay-Gerritsen Beach-Manhattan Beach                             ,13512.0,32.0,2.0,8.0,36.0
41,Family Support,Housing Assistance & Advocacy,Polonians Organized to Minister to Our Community,Brooklyn,Polonians Organized to Minister to Our Community,718.326.9098,Adults,"{'latitude': '40.663788758199', 'longitude': '-73.994409627365', 'human_address': '{""address"": ""635 4th Avenue"", ""city"": ""Brooklyn"", ""state"": ""NEW YORK"", ""zip"": ""11232""}'}",11232.0,40.663925,-73.994409,7.0,38.0,143.0,3009068.0,3006340001.0,Park Slope-Gowanus                                                         ,13515.0,9.0,2.0,7.0,45.0
42,Family Support,Older Adult Program,International Tower for Seniors,Jamaica,Conscientious Musical Revues,800.624.8474,Seniors,"{'latitude': '40.71311535449', 'longitude': '-73.792820999789', 'human_address': '{""address"": ""90 20 170th Street"", ""city"": ""Jamaica"", ""state"": ""NEW YORK"", ""zip"": ""11432""}'}",11432.0,40.708578,-73.790579,12.0,27.0,460.0,4209721.0,4098020041.0,Jamaica                                                                    ,24340.0,25.0,3.0,24.0,65.0
43,Family Support,Housing Assistance & Advocacy,"Brooklyn Housing and Family Services, Inc.",Brooklyn,"Brooklyn Housing and Family Services, Inc.",718.435.7585,Adults,"{'latitude': '40.645480602026', 'longitude': '-73.976688033036', 'human_address': '{""address"": ""415 Albemarle Road"", ""city"": ""Brooklyn"", ""state"": ""NEW YORK"", ""zip"": ""11218""}'}",11218.0,40.64551,-73.976296,12.0,39.0,500.0,3124269.0,3053270041.0,Windsor Terrace                                                            ,17620.0,2.0,2.0,27.0,39.0
44,Family Support,Substance Abuse Education and Prevention,Community Health Action of Staten Island,Staten Island,Community Health Action of Staten Island,718.981.3366,,"{'latitude': '40.639659723835', 'longitude': '-74.073309252963', 'human_address': '{""address"": ""56 Bay Street Staten Island"", ""city"": ""NEW YORK"", ""state"": """", ""zip"": ""10301""}'}",10301.0,40.640624,-74.075704,1.0,49.0,3.0,5000035.0,5000050103.0,West New Brighton-New Brighton-St. George                                  ,10369.0,4.0,1.0,13.0,74.0
45,Family Support,Older Adult Program,Agudath Israel of America / SBCO,Brooklyn,Agudath Israel of America / SBCO,718.435.1300,Seniors,"{'latitude': '40.630206116961', 'longitude': '-73.97835931751', 'human_address': '{""address"": ""4520 18th Avenue"", ""city"": ""Brooklyn"", ""state"": ""NEW YORK"", ""zip"": ""11204""}'}",11204.0,40.630165,-73.978416,12.0,44.0,476.0,3128549.0,3054350051.0,Borough Park                                                               ,16867.0,2.0,2.0,18.0,39.0
46,Family Support,Older Adult Program,YM-YWHA of Washington Heights Inwood,New York,"Institute For Puerto Rican Hispanic Elderly, Inc.",212.677.4181,Seniors,"{'latitude': '40.860035619978', 'longitude': '-73.929072095394', 'human_address': '{""address"": ""54 Nagle Avenue"", ""city"": ""New York"", ""state"": ""NEW YORK"", ""zip"": ""10040""}'}",10040.0,40.859993,-73.929129,12.0,10.0,285.0,1064146.0,1021720064.0,Washington Heights North                                                   ,13098.0,47.0,4.0,39.0,22.0
47,Family Support,Substance Abuse Education and Prevention,Teen Center,New York,"El Barrio's Operation Fightback, Inc.",212.410.7900,,"{'latitude': '40.799741358539', 'longitude': '-73.935497061589', 'human_address': '{""address"": ""182 2nd Avenue"", ""city"": ""New York"", ""state"": ""NEW YORK"", ""zip"": ""10035""}'}",10003.0,40.730696,-73.986134,3.0,2.0,40.0,1006473.0,1004530005.0,East Village                                                               ,13093.0,7.0,4.0,35.0,16.0
48,Family Support,Fatherhood Initiative,The Fathers Center ,New York ,Legal Information for Families Today (LIFT),646.613.9633 ext. 202,16 to 24,"{'latitude': '40.716960292342', 'longitude': '-74.003921229556', 'human_address': '{""address"": ""350 Broadway"", ""city"": ""New York"", ""state"": ""NEW YORK"", ""zip"": ""10013""}'}",10013.0,40.716954,-74.003943,1.0,1.0,31.0,1001838.0,1001717503.0,SoHo-TriBeCa-Civic Center-Little Italy                                     ,12076.0,56.0,4.0,32.0,2.0
49,Family Support,Substance Abuse Education and Prevention,Triboro ,New York,"El Barrio's Operation Fightback, Inc.",212.410.7900,,"{'latitude': '40.801991190212', 'longitude': '-73.934133840082', 'human_address': '{""address"": ""2415 Second Avenue"", ""city"": ""New York"", ""state"": ""NEW YORK"", ""zip"": ""10035""}'}",10035.0,40.802,-73.934121,11.0,8.0,194.0,1054650.0,1017880029.0,East Harlem North                                                          ,13093.0,7.0,4.0,35.0,16.0
50,Family Support,Older Adult Program,The Baruch Elder Services Team (BEST) Program ,New York,"Grand Street Settlement, Inc.",212.982.4171,Seniors,"{'latitude': '40.717388686578', 'longitude': '-73.980017832764', 'human_address': '{""address"": ""72 Columbia Street"", ""city"": ""New York"", ""state"": ""NEW YORK"", ""zip"": ""10002""}'}",10002.0,40.717007,-73.980268,3.0,2.0,1002.0,1078043.0,1003230001.0,Lower East Side                                                            ,11723.0,70.0,4.0,50.0,4.0
51,Family Support,Parent Education and Family Support,Hispanic Employment Day-Women Working For A Better Community,Brooklyn,Hispanic Employment Day-Women Working For A Better Community,718.455.3988,,"{'latitude': '40.69536512253', 'longitude': '-73.917524657177', 'human_address': '{""address"": ""195 Linden Street"", ""city"": ""Brooklyn"", ""state"": ""NEW YORK"", ""zip"": ""11221""}'}",11221.0,40.69537,-73.917486,4.0,37.0,417.0,3076116.0,3033240019.0,Bushwick South                                                             ,18181.0,42.0,2.0,37.0,53.0
52,Family Support,Housing Assistance & Advocacy,Brooklyn Neighborhood Improvement Association,Brooklyn,Brooklyn Neighborhood Improvement Association,718.773.4116,Adults,"{'latitude': '40.670470593603', 'longitude': '-73.929356130187', 'human_address': '{""address"": ""1482 St Johns Place"", ""city"": ""Brooklyn"", ""state"": ""NEW YORK"", ""zip"": ""11213""}'}",11213.0,40.670505,-73.92964,8.0,41.0,349.0,3037114.0,3013850028.0,Crown Heights North                                                        ,17615.0,16.0,2.0,17.0,49.0
53,Family Support,Older Adult Program,"Fort Washington Houses Services for the Elderly, Inc.",New York,"Fort Washington Houses Services for the Elderly, Inc.",212.927.5600,Seniors,"{'latitude': '40.839043257819', 'longitude': '-73.943522762068', 'human_address': '{""address"": ""99 Fort Washington Avenue"", ""city"": ""New York"", ""state"": ""NEW YORK"", ""zip"": ""10032""}'}",10032.0,40.83851,-73.943738,12.0,7.0,247.0,1063346.0,1021360235.0,Washington Heights South                                                   ,13090.0,47.0,4.0,23.0,21.0
54,Family Support,Housing Assistance & Advocacy,Asian Americns for Equality,Manhattan,Asian Americans for Equality                                ,212.979.8381,Adults,"{'latitude': '40.716121467931', 'longitude': '-73.985831470246', 'human_address': '{""address"": ""108 111 Norfolk Street"", ""city"": ""Manhattan"", ""state"": ""NEW YORK"", ""zip"": ""10002""}'}",,,,,,,,,,11723.0,70.0,4.0,32.0,4.0
55,Family Support,Housing Assistance & Advocacy,Brooklyn Chinese American Association,Brooklyn,Brooklyn Chinese American Association,718.438.9312,Adults,"{'latitude': '40.641094427669', 'longitude': '-74.003771655499', 'human_address': '{""address"": ""5002 8th Avenue"", ""city"": ""Brooklyn"", ""state"": ""NEW YORK"", ""zip"": ""11220""}'}",11220.0,40.641028,-74.003816,7.0,38.0,108.0,3013418.0,3007940039.0,Sunset Park East                                                           ,18180.0,9.0,2.0,7.0,45.0
56,Family Support,Older Adult Program,RAIN Inwood Senior Center ,New York,"Regional Aid For Interim Needs, Inc. (R.A.I.N.)",718.892.5520,Seniors,"{'latitude': '40.865986202427', 'longitude': '-73.922786931467', 'human_address': '{""address"": ""84 Vermilyea Ave"", ""city"": ""New York"", ""state"": ""NEW YORK"", ""zip"": ""10034""}'}",10034.0,40.865838,-73.923128,12.0,10.0,291.0,1064905.0,1022340029.0,Marble Hill-Inwood                                                         ,13092.0,47.0,4.0,39.0,22.0
57,Family Support,Health Stat Initiative,Asian Americans for Equality,Queens,Asian Americans for Equality,718.961.0888,All Ages,"{'latitude': '40.751630739367', 'longitude': '-73.883612545283', 'human_address': '{""address"": ""93 03 Roosevelt Ave"", ""city"": ""Queens"", ""state"": ""NEW YORK"", ""zip"": ""11372""}'}",11372.0,40.748737,-73.873602,3.0,21.0,273.0,4448464.0,4014810051.0,Jackson Heights                                                            ,14783.0,65.0,3.0,5.0,73.0
58,Family Support,Health Stat Initiative,"Jewish Community Center of Staten Island, Inc.",Staten Island,"Jewish Community Center of Staten Island, Inc.",718. 981.1400,All Ages,"{'latitude': '40.612902589963', 'longitude': '-74.12559801832', 'human_address': '{""address"": ""1859 Victory Blvd Staten Island"", ""city"": ""NEW YORK"", ""state"": """", ""zip"": ""10314""}'}",10314.0,40.612877,-74.125669,1.0,50.0,151.0,5010522.0,5003730043.0,Westerleigh                                                                ,10700.0,4.0,1.0,14.0,74.0
59,Family Support,Older Adult Program,Project Care Volunteer Services for the Elderly & Homebound ,Brooklyn,Council of Jewish Organizations of Flatbush,718.377.2900,Seniors,"{'latitude': '40.621929510239', 'longitude': '-73.965511060187', 'human_address': '{""address"": ""1658 Coney Island"", ""city"": ""Brooklyn"", ""state"": ""NEW YORK"", ""zip"": ""11230""}'}",,,,,,,,,,13513.0,2.0,2.0,18.0,39.0
60,Family Support,Parent Education and Family Support,Latin American Intergration Center,Staten Island,Latin American Intergration Center,718.565.8500,,"{'latitude': '40.630833311108', 'longitude': '-74.137734298699', 'human_address': '{""address"": ""463 Richmond Avenue Staten Island"", ""city"": ""NEW YORK"", ""state"": """", ""zip"": ""10302""}'}",,,,,,,,,,10370.0,4.0,1.0,13.0,75.0
61,Family Support,Substance Abuse Education and Prevention,Public School 19 - Marino P. Jeantet Elementary School ,Queens,Hellenic American Neighborhood Action Committee (HANAC),212.840.8005,,"{'latitude': '40.749678220374', 'longitude': '-73.853040688577', 'human_address': '{""address"": ""98 02 Roosevelt Avenue"", ""city"": ""Queens"", ""state"": ""NEW YORK"", ""zip"": ""11368""}'}",11368.0,40.749381,-73.867354,4.0,21.0,409.0,4437176.0,4016070001.0,North Corona                                                               ,14510.0,66.0,3.0,21.0,68.0
62,Family Support,Housing Assistance & Advocacy,South Bronx Action Group,Bronx,South Bronx Action Group,718.993.5869,Adults,"{'latitude': '40.816195064917', 'longitude': '-73.918501181484', 'human_address': '{""address"": ""384 149th Street"", ""city"": ""Bronx"", ""state"": ""NEW YORK"", ""zip"": ""10455""}'}",,,,,,,,,,10933.0,49.0,5.0,43.0,23.0
63,Family Support,Older Adult Program,Parkchester Enhancement Program for Seniors,Bronx,Beth Abraham Health Services,718.409.1619,Seniors,"{'latitude': '40.836913904113', 'longitude': '-73.857586288283', 'human_address': '{""address"": ""1525 Unionport Road"", ""city"": ""Bronx"", ""state"": ""NEW YORK"", ""zip"": ""10462""}'}",10462.0,40.836585,-73.856898,9.0,18.0,212.0,2096653.0,2039387501.0,Parkchester                                                                ,11271.0,58.0,5.0,31.0,26.0
64,Family Support,Fatherhood Initiative,"Claremont Neighborhood Centers, Inc. ",Bronx,"Claremont Neighborhood Centers, Inc.",718.588.1000,16 to 24,"{'latitude': '40.833009438875', 'longitude': '-73.905735217316', 'human_address': '{""address"": ""489 169th Street"", ""city"": ""Bronx"", ""state"": ""NEW YORK"", ""zip"": ""10456""}'}",,,,,,,,,,10934.0,34.0,5.0,42.0,25.0
65,Family Support,Health Stat Initiative,"The East New York Learning Center, Inc",Brooklyn,"The East New York Learning Center, Inc",718.756.7202,All Ages,"{'latitude': '40.678130438169', 'longitude': '-73.919776475504', 'human_address': '{""address"": ""1960 Fulton\xa0 St"", ""city"": ""Brooklyn"", ""state"": ""NEW YORK"", ""zip"": ""11233""}'}",,,,,,,,,,13516.0,69.0,2.0,17.0,52.0
66,Family Support,HIV/AIDS Support Services,National Council for Negro Women of Greater New York,Queens,National Council for Negro Women of Greater New York,718.657.8585,MS/HS,"{'latitude': '40.676945262114', 'longitude': '-73.775306901692', 'human_address': '{""address"": ""114 02 Guy R Brewer Boulevard"", ""city"": ""Queens"", ""state"": ""NEW YORK"", ""zip"": ""11434""}'}",11434.0,40.688615,-73.785593,12.0,28.0,276.0,4264631.0,4122000052.0,Baisley Park                                                               ,24669.0,41.0,3.0,46.0,71.0
67,Family Support,Economic Development,Local Development Corporation of East New York,Brooklyn,Local Development Corporation of East New York,718.385.6700,,"{'latitude': '40.678429517633', 'longitude': '-73.896811496066', 'human_address': '{""address"": ""80 Jamaica Avenue"", ""city"": ""Brooklyn"", ""state"": ""NEW YORK"", ""zip"": ""11207""}'}",11207.0,40.678267,-73.897235,5.0,37.0,1198.0,3083109.0,3036600009.0,East New York                                                              ,17214.0,45.0,2.0,37.0,47.0
68,Family Support,Fatherhood Initiative,Forestdale at Forest Hills Campus,Queens,"Forestdale, Inc",718.263.0740,16 to 24,"{'latitude': '40.72070726303', 'longitude': '-73.846284296083', 'human_address': '{""address"": ""67 35 112 Street"", ""city"": ""Queens"", ""state"": ""NEW YORK"", ""zip"": ""11375""}'}",11375.0,40.729354,-73.842599,6.0,29.0,747.0,4441126.0,4022060006.0,Forest Hills                                                               ,14786.0,40.0,3.0,28.0,70.0
69,Family Support,Fatherhood Initiative,FRIENDS Program,Bronx,Visiting Nurse Service of New York,212.794.9200,16 to 24,"{'latitude': '40.813535754971', 'longitude': '-73.905355252043', 'human_address': '{""address"": ""389 391 East 153rd Street"", ""city"": ""Bronx"", ""state"": ""NEW YORK"", ""zip"": ""10455""}'}",,,,,,,,,,10933.0,49.0,5.0,35.0,23.0
70,Family Support,Fatherhood Initiative,Coalition for Hispanic Family Services ,Brooklyn,Coalition for Hispanic Family Services,718.497.6090,16 to 24,"{'latitude': '40.700089964438', 'longitude': '-73.912032912223', 'human_address': '{""address"": ""315 Wyckoff Avenue"", ""city"": ""Brooklyn"", ""state"": ""NEW YORK"", ""zip"": ""11237""}'}",11237.0,40.700045,-73.911981,4.0,37.0,439.0,3076376.0,3033380001.0,Bushwick North                                                             ,13828.0,42.0,2.0,37.0,53.0
71,Family Support,Older Adult Program,Greater Chinatown Comm. Assoc,Chinatown,Greater Chinatown Community Association                     ,212.374.1311,Seniors,"{'latitude': '40.714478163541', 'longitude': '-73.999235761783', 'human_address': '{""address"": ""105 Mosco Street"", ""city"": ""Chinatown"", ""state"": ""NEW YORK"", ""zip"": ""10013""}'}",10013.0,40.714459,-73.999347,3.0,1.0,29.0,1001820.0,1001640044.0,Chinatown                                                                  ,12076.0,70.0,4.0,32.0,2.0
72,Family Support,Older Adult Program,Caledonian Health Campus Center Brooklyn Hospital,Brooklyn,"Diaspora Community Services, Inc",718.399.0200,Seniors,"{'latitude': '40.653180293946', 'longitude': '-73.966125047904', 'human_address': '{""address"": ""100 Parkside Avenue"", ""city"": ""Brooklyn"", ""state"": ""NEW YORK"", ""zip"": ""11226""}'}",11226.0,40.653303,-73.9659,14.0,40.0,50804.0,,,Flatbush                                                                   ,13510.0,60.0,2.0,11.0,43.0
73,Family Support,Substance Abuse Education and Prevention,"Church Avenue Merchants Block Association, Inc.",Brooklyn,"Church Avenue Merchants Block Association, Inc.",718.287.2600,,"{'latitude': '40.682484542944', 'longitude': '-73.953698855442', 'human_address': '{""address"": ""1195 Bedford Avenue"", ""city"": ""Brooklyn"", ""state"": ""NEW YORK"", ""zip"": ""11216""}'}",11216.0,40.682484,-73.953727,3.0,36.0,245.0,3322554.0,3018320097.0,Bedford                                                                    ,17618.0,69.0,2.0,49.0,51.0
74,Family Support,Parent Education and Family Support,Make the Road New York -Staten Island,Staten Island,Make the Road New York,718.727.1222,17 and up,"{'latitude': '40.630934529097', 'longitude': '-74.139014649681', 'human_address': '{""address"": ""479 Port Richmond Avenue Staten Island"", ""city"": ""NEW YORK"", ""state"": """", ""zip"": ""10302""}'}",10302.0,40.630818,-74.139187,1.0,49.0,213.0,5024824.0,5010490005.0,Port Richmond                                                              ,10370.0,4.0,1.0,13.0,75.0
75,Family Support,HIV/AIDS Support Services,"Jacob A. Riis Neighborhood Settlement, Inc.",Queens,"Jacob A. Riis Neighborhood Settlement, Inc.",718.784.7447,,"{'latitude': '40.745702449808', 'longitude': '-73.938669029252', 'human_address': '{""address"": ""10 25 41st Avenue"", ""city"": ""Queens"", ""state"": ""NEW YORK"", ""zip"": ""11101""}'}",11101.0,40.755488,-73.945328,1.0,26.0,25.0,4433386.0,4004700100.0,Queensbridge-Ravenswood-Long Island City                                   ,16858.0,53.0,3.0,33.0,66.0
76,Family Support,Housing Assistance & Advocacy,Northern Manhattan Improvement Corporation,New York,Northern Manhattan Improvement Corporation                  ,212.822.8336,18 and up,"{'latitude': '40.847051676059', 'longitude': '-73.937044724943', 'human_address': '{""address"": ""76 Wadswortth Avenue"", ""city"": ""New York"", ""state"": ""NEW YORK"", ""zip"": ""10033""}'}",,,,,,,,,,13091.0,47.0,4.0,39.0,21.0
77,Family Support,Older Adult Program,Henry Street Settlement Senior Services Center ,New York,Henry Street Settlement,212.766.9200,Seniors,"{'latitude': '40.713290169435', 'longitude': '-73.983016878047', 'human_address': '{""address"": ""334 Madison Street"", ""city"": ""New York"", ""state"": ""NEW YORK"", ""zip"": ""10002""}'}",10002.0,40.713266,-73.983237,3.0,2.0,202.0,1077526.0,1002600001.0,Lower East Side                                                            ,11723.0,70.0,4.0,50.0,4.0
78,Family Support,Substance Abuse Education and Prevention,,Brooklyn,"Church Avenue Merchants Block Association, Inc.",718 287.2600,,"{'latitude': '40.656529948508', 'longitude': '-73.959876532873', 'human_address': '{""address"": ""19 Winthrop Street"", ""city"": ""Brooklyn"", ""state"": ""NEW YORK"", ""zip"": ""11225""}'}",11225.0,40.656537,-73.959418,9.0,40.0,79601.0,3115690.0,3050450100.0,Prospect Lefferts Gardens-Wingate                                          ,13509.0,17.0,2.0,11.0,44.0
79,Family Support,Economic Development,South Bronx Overall Economic Development Corp.,Bronx,South Bronx Overall Economic Development Corp.,718.585.2600,,"{'latitude': '40.815944415254', 'longitude': '-73.916415911483', 'human_address': '{""address"": ""555 Bergen Avenue"", ""city"": ""Bronx"", ""state"": ""NEW YORK"", ""zip"": ""10455""}'}",10455.0,40.815959,-73.916354,1.0,17.0,71.0,2097027.0,2022940002.0,Melrose South-Mott Haven North                                             ,10933.0,49.0,5.0,43.0,23.0
80,Family Support,Adult Health Awareness & Prevention,Shorefront YM-YWHA,Brooklyn,Shorefront YM-YWHA,718.646.1444,,"{'latitude': '40.575793969704', 'longitude': '-73.959507450797', 'human_address': '{""address"": ""3300 Coney Island Avenue"", ""city"": ""Brooklyn"", ""state"": ""NEW YORK"", ""zip"": ""11235""}'}",11235.0,40.575607,-73.959463,13.0,48.0,36002.0,3326880.0,3086930001.0,Brighton Beach                                                             ,13826.0,21.0,2.0,15.0,35.0
81,Family Support,Housing Assistance & Advocacy,CAMBA's Park Slope Women's Shelter,Brooklyn,"Church Avenue Merchants Block Association, Inc.",718.287.2600,Adults,"{'latitude': '40.662725395196', 'longitude': '-73.981772543316', 'human_address': '{""address"": ""1402 Eighth Avenue"", ""city"": ""Brooklyn"", ""state"": ""NEW YORK"", ""zip"": ""11215""}'}",11215.0,40.66265,-73.981819,6.0,39.0,149.0,3026581.0,3011020012.0,Park Slope-Gowanus                                                         ,17617.0,14.0,2.0,27.0,50.0
82,Family Support,Older Adult Program,Baychester Community Center ,Bronx,"Aging In America Community Services, Inc",718 409-7979,Seniors,"{'latitude': '40.884596367023', 'longitude': '-73.842732985462', 'human_address': '{""address"": ""1220 229th Street"", ""city"": ""Bronx"", ""state"": ""NEW YORK"", ""zip"": ""10466""}'}",,,,,,,,,,11275.0,29.0,5.0,2.0,30.0
83,Family Support,Older Adult Program,Webster Terrace,Brooklyn,Agudath Israel of America / SBCO,718.435.1300,Seniors,"{'latitude': '40.631730651367', 'longitude': '-73.972211605326', 'human_address': '{""address"": ""680 Ocean Parkway"", ""city"": ""Brooklyn"", ""state"": ""NEW YORK"", ""zip"": ""11230""}'}",11230.0,40.631868,-73.971938,14.0,44.0,480.0,3127822.0,3054200050.0,Flatbush                                                                   ,13513.0,60.0,2.0,18.0,43.0
84,Family Support,Health Stat Initiative,"The East New York Learning Center, Inc",Brooklyn,"The East New York Learning Center, Inc",718.756.7200,All Ages,"{'latitude': '40.678130438169', 'longitude': '-73.919776475504', 'human_address': '{""address"": ""1958 Fulton\xa0 St"", ""city"": ""Brooklyn"", ""state"": ""NEW YORK"", ""zip"": ""11233""}'}",,,,,,,,,,13516.0,69.0,2.0,17.0,52.0
85,Family Support,Older Adult Program,Community Service Center Area IV,Brooklyn,Community Service Center Area IV,718.574.0873,Seniors,"{'latitude': '40.691790929942', 'longitude': '-73.927967119043', 'human_address': '{""address"": ""518 Van Buren Street"", ""city"": ""Brooklyn"", ""state"": ""NEW YORK"", ""zip"": ""11221""}'}",11221.0,40.691765,-73.928327,3.0,36.0,387.0,3043888.0,3016170040.0,Stuyvesant Heights                                                         ,18181.0,69.0,2.0,49.0,52.0
86,Family Support,Housing Assistance & Advocacy,Agudath Israel of America /SBCO,Brooklyn,Agudath Israel of America /SBCO,718.435.1300,Adults,"{'latitude': '40.630206116961', 'longitude': '-73.97835931751', 'human_address': '{""address"": ""4520 18th Avenue"", ""city"": ""Brooklyn"", ""state"": ""NEW YORK"", ""zip"": ""11204""}'}",11204.0,40.630165,-73.978416,12.0,44.0,476.0,3128549.0,3054350051.0,Borough Park                                                               ,16867.0,2.0,2.0,18.0,39.0
87,Family Support,Fatherhood Initiative,Allen AME Multi-Center (Annex),Queens,"Forestdale, Inc",718.263.0740,16 to 24,"{'latitude': '40.676945262114', 'longitude': '-73.775306901692', 'human_address': '{""address"": ""1114 02"", ""city"": ""Queens"", ""state"": ""NEW YORK"", ""zip"": ""11434""}'}",,,,,,,,,,24669.0,41.0,3.0,46.0,71.0
88,Family Support,Older Adult Program,Soundview Houses Senior Center ,Bronx,Conscientious Musical Revues,800.624.8474,Seniors,"{'latitude': '40.818336260511', 'longitude': '-73.869076701472', 'human_address': '{""address"": ""1674 Seward Avenue"", ""city"": ""Bronx"", ""state"": ""NEW YORK"", ""zip"": ""10473""}'}",10473.0,40.818255,-73.869832,9.0,18.0,20.0,2092638.0,2035510001.0,Soundview-Castle Hill-Clason Point-Harding Park                            ,11611.0,58.0,5.0,31.0,26.0
89,Family Support,Health Stat Initiative,The Children's Aid Society,Bronx,The Children's Aid Society,718.617.8595,All Ages,"{'latitude': '40.843090348041', 'longitude': '-73.87860282506', 'human_address': '{""address"": ""1338 Southern Blvd"", ""city"": ""nbsp; Bx Bronx"", ""state"": ""NEW YORK"", ""zip"": ""10460""}'}",,,,,,,,,,11269.0,35.0,5.0,22.0,31.0
90,Family Support,Housing Assistance & Advocacy,West Bronx Housing & Neighborhood Resource Center,Bronx,West Bronx Housing & Neighborhood Resource Center,718.798.0929,Adults,"{'latitude': '40.875385991437', 'longitude': '-73.87947666045', 'human_address': '{""address"": ""3176 Bainbridge"", ""city"": ""Bronx"", ""state"": ""NEW YORK"", ""zip"": ""10467""}'}",,,,,,,,,,11605.0,24.0,5.0,40.0,34.0
91,Family Support,Older Adult Program,COJO of Flatbush,Flatbush,Council of Jewish Organizations of Flatbush                 ,718.627.5602,Seniors,"{'latitude': '40.616970915723', 'longitude': '-73.963785333505', 'human_address': '{""address"": ""1658 Coney Island Ave"", ""city"": ""Flatbush"", ""state"": ""NEW YORK"", ""zip"": ""11230""}'}",11230.0,40.616964,-73.963703,12.0,44.0,454.0,3173147.0,3065730016.0,Ocean Parkway South                                                        ,13513.0,2.0,2.0,18.0,39.0
92,Family Support,HIV/AIDS Support Services,East Harlem Neighborhood Based Alliance Corporation,New York,East Harlem Neighborhood Based Alliance Corporation,212.360.1100,,"{'latitude': '40.801631007365', 'longitude': '-73.935035566046', 'human_address': '{""address"": ""240 123 Street"", ""city"": ""New York"", ""state"": ""NEW YORK"", ""zip"": ""10035""}'}",,,,,,,,,,13093.0,7.0,4.0,35.0,16.0
93,Family Support,Housing Assistance & Advocacy,"Pueblo En Marcha, Inc.",Bronx,"Pueblo En Marcha, Inc.",718.665.7375,Adults,"{'latitude': '40.813555413009', 'longitude': '-73.919621869089', 'human_address': '{""address"": ""401 145th Street"", ""city"": ""Bronx"", ""state"": ""NEW YORK"", ""zip"": ""10454""}'}",,,,,,,,,,10932.0,49.0,5.0,35.0,23.0
94,Family Support,Housing Assistance & Advocacy,Boro Park Jewish Community Council,Brooklyn,Boro Park Jewish Community Council,718.972.6600,Adults,"{'latitude': '40.636670213094', 'longitude': '-73.990459280846', 'human_address': '{""address"": ""4608 13th Avenue"", ""city"": ""Brooklyn"", ""state"": ""NEW YORK"", ""zip"": ""11219""}'}",11219.0,40.636595,-73.990502,12.0,44.0,222.0,3328605.0,3056220038.0,Borough Park                                                               ,17621.0,2.0,2.0,18.0,39.0
95,Family Support,Health Stat Initiative,The Children's Aid Society,New York,The Children's Aid Society,212.503.6820,All Ages,"{'latitude': '40.752942166734', 'longitude': '-73.973641056829', 'human_address': '{""address"": ""150 45th St"", ""city"": ""New York"", ""state"": ""NEW YORK"", ""zip"": ""10017""}'}",,,,,,,,,,12079.0,71.0,4.0,51.0,9.0
96,Family Support,Health Stat Initiative,"The East New York Learning Center, Inc",Brooklyn,"The East New York Learning Center, Inc",718.756.7201,All Ages,"{'latitude': '40.678130438169', 'longitude': '-73.919776475504', 'human_address': '{""address"": ""1959 Fulton\xa0 St"", ""city"": ""Brooklyn"", ""state"": ""NEW YORK"", ""zip"": ""11233""}'}",,,,,,,,,,13516.0,69.0,2.0,17.0,52.0
97,Family Support,Older Adult Program,Berkshire Farm Center and Services for Youth,Brooklyn,Berkshire Farm Center and Services for Youth,518.781.4567,Seniors,"{'latitude': '40.679753480485', 'longitude': '-73.965983579231', 'human_address': '{""address"": ""732 Dean Street"", ""city"": ""Brooklyn"", ""state"": ""NEW YORK"", ""zip"": ""11238""}'}",11238.0,40.67982,-73.966232,8.0,35.0,203.0,3027932.0,3011380132.0,Prospect Heights                                                           ,13829.0,16.0,2.0,48.0,49.0
98,Family Support,Fatherhood Initiative,Midtown Community Court,New York ,Fund for the City of New York/Center for Court Innovation,646.264.1329,16 to 24,"{'latitude': '40.765190932773', 'longitude': '-73.985242311007', 'human_address': '{""address"": ""314 54 Street"", ""city"": ""New York"", ""state"": ""NEW YORK"", ""zip"": ""10019""}'}",,,,,,,,,,12081.0,12.0,4.0,10.0,10.0
99,Family Support,HIV/AIDS Support Services,The Fathers Center ,Brooklyn,The Family Center,212 766-4522,MS/HS,"{'latitude': '40.678763354677', 'longitude': '-73.949701201332', 'human_address': '{""address"": ""584 Nostrand Avenue"", ""city"": ""Brooklyn"", ""state"": ""NEW YORK"", ""zip"": ""11215""}'}",11216.0,40.678766,-73.949674,3.0,36.0,247.0,3053936.0,3018660028.0,Crown Heights North                                                        ,17618.0,69.0,2.0,49.0,51.0
100,Family Support,Older Adult Program,"Jewish Community Council of Greater Coney Island, Inc.",Brooklyn,"Jewish Community Council of Greater Coney Island, Inc.",718.449.5000,Seniors,"{'latitude': '40.573273749724', 'longitude': '-74.002490640031', 'human_address': '{""address"": ""3001 37th Street"", ""city"": ""Brooklyn"", ""state"": ""NEW YORK"", ""zip"": ""11224""}'}",,,,,,,,,,18184.0,21.0,2.0,45.0,35.0
101,Family Support,Housing Assistance & Advocacy,Bedford Park ,Bronx,"Citizens Advice Bureau, Inc.",718.293.0727,Adults,"{'latitude': '40.867850652405', 'longitude': '-73.899511666178', 'human_address': '{""address"": ""2925 Grand"", ""city"": ""Bronx"", ""state"": ""NEW YORK"", ""zip"": ""10468""}'}",,,,,,,,,,11606.0,24.0,5.0,29.0,34.0
102,Family Support,Older Adult Program,"Aging In America Community Services, Inc",Bronx,"Aging In America Community Services, Inc",718.409.7979,Seniors,"{'latitude': '40.85710649549', 'longitude': '-73.843675159553', 'human_address': '{""address"": ""1500 Pelham Parkway"", ""city"": ""Bronx"", ""state"": ""NEW YORK"", ""zip"": ""10461""}'}",10461.0,40.857026,-73.843125,11.0,13.0,296.0,2047109.0,2042220005.0,Pelham Parkway                                                             ,11270.0,59.0,5.0,12.0,32.0
103,Family Support,Older Adult Program,"Natl Sorority Phi Delta Kappa, Beta Omicron Big Sr EASC Inc.",Queens,"Natl Sorority Phi Delta Kappa, Beta Omicron Big Sr EASC Inc.",718.723.1119,Seniors,"{'latitude': '40.676945262114', 'longitude': '-73.775306901692', 'human_address': '{""address"": ""117 08 Merrick Boulevard"", ""city"": ""Queens"", ""state"": ""NEW YORK"", ""zip"": ""11434""}'}",11434.0,40.686925,-73.774756,12.0,27.0,282.0,4267990.0,4123670234.0,St. Albans                                                                 ,24669.0,41.0,3.0,46.0,71.0
104,Family Support,Older Adult Program,"Council of Neighborhood Organizations, Inc.",Brooklyn,"Council of Neighborhood Organizations, Inc.",718.853.0100,Seniors,"{'latitude': '40.64308126028', 'longitude': '-73.990561184992', 'human_address': '{""address"": ""3911 Fort Hamilton Parkway"", ""city"": ""Brooklyn"", ""state"": ""NEW YORK"", ""zip"": ""11218""}'}",11218.0,40.643053,-73.990649,12.0,39.0,224.0,3135280.0,3055850006.0,Borough Park                                                               ,17620.0,2.0,2.0,27.0,39.0
105,Family Support,Older Adult Program,"St Matthews & St. Timonthys Neighborhood Center, Inc.",New York,"St. Matthews & St. Timothys Neighborhood Center, Inc.",212.362.6750,Seniors,"{'latitude': '40.788712841075', 'longitude': '-73.977363025007', 'human_address': '{""address"": ""263 86th Street"", ""city"": ""New York"", ""state"": ""NEW YORK"", ""zip"": ""10024""}'}",,,,,,,,,,12421.0,20.0,4.0,19.0,15.0
106,Family Support,Housing Assistance & Advocacy,Flatbush Development Corporation,Brooklyn,Flatbush Development Corporation,718.859.3800,Adults,"{'latitude': '40.63599627408', 'longitude': '-73.962302128878', 'human_address': '{""address"": ""1616 Newkirk Avenue"", ""city"": ""Brooklyn"", ""state"": ""NEW YORK"", ""zip"": ""11226""}'}",11226.0,40.63604,-73.962241,14.0,40.0,518.0,3121203.0,3052370006.0,Flatbush                                                                   ,13510.0,60.0,2.0,11.0,43.0
107,Family Support,Fatherhood Initiative,Washington Houses Community Center ,New York ,Union Settlement Association,212.828.6113,16 to 24,"{'latitude': '40.789924588094', 'longitude': '-73.944769131203', 'human_address': '{""address"": ""237 104th Street"", ""city"": ""New York"", ""state"": ""NEW YORK"", ""zip"": ""10029""}'}",,,,,,,,,,12426.0,7.0,4.0,35.0,14.0
108,Family Support,Older Adult Program,COJO of Flatbush,Flatbush,Council of Jewish Organizations of Flatbush                 ,718.627.5602,Seniors,"{'latitude': '40.616970915723', 'longitude': '-73.963785333505', 'human_address': '{""address"": ""1658 Coney Island Ave"", ""city"": ""Flatbush"", ""state"": ""NEW YORK"", ""zip"": ""11230""}'}",11230.0,40.616964,-73.963703,12.0,44.0,454.0,3173147.0,3065730016.0,Ocean Parkway South                                                        ,13513.0,2.0,2.0,18.0,39.0
109,Family Support,Housing Assistance & Advocacy,"Citizens Advice Bureau, Inc.",Bronx,"Citizens Advice Bureau, Inc.",718.293.0727,Adults,"{'latitude': '40.812893537386', 'longitude': '-73.901332703215', 'human_address': '{""address"": ""632 Southern Boulevard"", ""city"": ""Bronx"", ""state"": ""NEW YORK"", ""zip"": ""10455""}'}",10455.0,40.812991,-73.90108,2.0,8.0,83.0,2004141.0,2026030150.0,Longwood                                                                   ,10933.0,8.0,5.0,35.0,24.0
110,Family Support,Older Adult Program,U.J. C. of the East Side,Lower East Side,"United Jewish Council of the East Side, Inc.                ",212.233.6037,Seniors,"{'latitude': '40.714321356872', 'longitude': '-73.986610944442', 'human_address': '{""address"": ""235 Broadway"", ""city"": ""Lower East Side"", ""state"": ""NEW YORK"", ""zip"": ""10002""}'}",10279.0,40.712362,-74.007817,1.0,1.0,21.0,1087167.0,1001237501.0,SoHo-TriBeCa-Civic Center-Little Italy                                     ,11723.0,70.0,4.0,32.0,4.0
111,Family Support,Older Adult Program,Ridgewood Bushwick Senior Citizen Housing,Brooklyn,Ridgewood Bushwick Senior Citizens Council,718.821.0254,Seniors,"{'latitude': '40.697299886504', 'longitude': '-73.922662646575', 'human_address': '{""address"": ""143 Himrod St"", ""city"": ""Brooklyn"", ""state"": ""NEW YORK"", ""zip"": ""11221""}'}",11221.0,40.697278,-73.922638,4.0,37.0,421.0,3393892.0,3032660045.0,Bushwick South                                                             ,18181.0,42.0,2.0,37.0,53.0
112,Family Support,Domestic Violence Program,Fannie Lou Hammer High School,Bronx,The Childrens Aid Society,212.503.6837,MS/HS,"{'latitude': '40.83092140207', 'longitude': '-73.886333383789', 'human_address': '{""address"": ""1021 Jennings Street"", ""city"": ""Bronx"", ""state"": ""NEW YORK"", ""zip"": ""10464""}'}",10460.0,40.83087,-73.88626,3.0,17.0,157.0,2010945.0,2030130001.0,Crotona Park East                                                          ,11269.0,34.0,5.0,43.0,25.0
113,Family Support,Housing Assistance & Advocacy,"Stryckers Bay Neighborhood Council, Inc.",New York,"Stryckers Bay Neighborhood Council, Inc.",212.874.7272,Adults,"{'latitude': '40.787026471645', 'longitude': '-73.971338792434', 'human_address': '{""address"": ""63 87th Street"", ""city"": ""New York"", ""state"": ""NEW YORK"", ""zip"": ""10024""}'}",,,,,,,,,,12421.0,20.0,4.0,19.0,15.0
114,Family Support,Parent Education and Family Support,Public School 261 - Philip Livingston Elementary School,Brooklyn,"Fifth Avenue Committee, Inc.",718 624 3475,,"{'latitude': '40.687425557961', 'longitude': '-73.988225455468', 'human_address': '{""address"": ""314 Pacific Street"", ""city"": ""Brooklyn"", ""state"": ""NEW YORK"", ""zip"": ""11201""}'}",11201.0,40.687466,-73.988288,2.0,33.0,43.0,3001070.0,3001880014.0,DUMBO-Vinegar Hill-Downtown Brooklyn-Boerum Hill                           ,16865.0,68.0,2.0,38.0,54.0
115,Family Support,Older Adult Program,Mercy Houses,Bronx,"Neighborhood Self-Help by Older Persons Projects, Inc.",718.542.0006,Seniors,"{'latitude': '40.893237164413', 'longitude': '-73.859331559099', 'human_address': '{""address"": ""644 232 Street"", ""city"": ""Bronx"", ""state"": ""NEW YORK"", ""zip"": ""10466""}'}",,,,,,,,,,11275.0,29.0,5.0,2.0,30.0
116,Family Support,Fatherhood Initiative,Project Bridge ,Brooklyn,"Catholic Charities Neighborhood Services, Inc.",718.628.1905,16 to 24,"{'latitude': '40.702590552559', 'longitude': '-73.929089057738', 'human_address': '{""address"": ""52 Wilson Avenue"", ""city"": ""Brooklyn"", ""state"": ""NEW YORK"", ""zip"": ""11237""}'}",11237.0,40.702549,-73.928986,4.0,34.0,425.0,3072069.0,3031640026.0,Bushwick South                                                             ,17213.0,42.0,2.0,30.0,53.0
117,Family Support,Older Adult Program,Asian Americans for Equality,Flushing,Asian Americans for Equality                                ,718.961.0888,Seniors,"{'latitude': '40.768620220647', 'longitude': '-73.827190280707', 'human_address': '{""address"": ""133 04 39th Avenue"", ""city"": ""Flushing"", ""state"": ""NEW YORK"", ""zip"": ""11354""}'}",11354.0,40.75909,-73.834194,7.0,20.0,871.0,4112274.0,4049730006.0,Flushing                                                                   ,13832.0,22.0,3.0,3.0,67.0
118,Family Support,Parent Education and Family Support,"Ralph Lincoln Service Center, Inc.",Brooklyn,"Ralph Lincoln Service Center, Inc.",718.604.1358,,"{'latitude': '40.67003864097', 'longitude': '-73.92540014432', 'human_address': '{""address"": ""261 Buffalo Avenue"", ""city"": ""Brooklyn"", ""state"": ""NEW YORK"", ""zip"": ""11213""}'}",11213.0,40.669991,-73.925427,8.0,41.0,359.0,3037201.0,3013870007.0,Crown Heights North                                                        ,13516.0,16.0,2.0,17.0,49.0
119,Family Support,HIV/AIDS Support Services,"Davidson Community Center, Inc.",Bronx,"Davidson Community Center, Inc.",718.731.6360,,"{'latitude': '40.853748378517', 'longitude': '-73.908539967339', 'human_address': '{""address"": ""2038 Davidson Avenue"", ""city"": ""Bronx"", ""state"": ""NEW YORK"", ""zip"": ""10453""}'}",10453.0,40.853537,-73.908741,5.0,14.0,243.0,2008399.0,2028630028.0,University Heights-Morris Heights                                          ,10931.0,6.0,5.0,29.0,29.0
120,Family Support,Older Adult Program,Riverdale YM-YWHA,Bronx,Riverdale YM-YWHA,718.548.8200,Seniors,"{'latitude': '40.905054392366', 'longitude': '-73.907145804678', 'human_address': '{""address"": ""5625 Arlington Avenue"", ""city"": ""Bronx"", ""state"": ""NEW YORK"", ""zip"": ""10471""}'}",10471.0,40.905009,-73.907133,8.0,11.0,323.0,2086312.0,2059520374.0,North Riverdale-Fieldston-Riverdale                                        ,11609.0,48.0,5.0,40.0,33.0
121,Family Support,Domestic Violence Program,Edith and Carl Marks Jewish Community House of Bensonhurst,Brooklyn,Edith and Carl Marks Jewish Community House of Bensonhurst,718.331.6800,,"{'latitude': '40.606424326706', 'longitude': '-73.989192742721', 'human_address': '{""address"": ""7802 Bay Parkway"", ""city"": ""Brooklyn"", ""state"": ""NEW YORK"", ""zip"": ""11214""}'}",11214.0,40.606369,-73.989235,11.0,44.0,270.0,3162352.0,3062640030.0,Bensonhurst West                                                           ,17616.0,1.0,2.0,18.0,37.0
122,Family Support,Older Adult Program,Jaime Towers,Bronx,"Neighborhood Self-Help by Older Persons Projects, Inc.",718.542.0006,Seniors,"{'latitude': '40.820490158387', 'longitude': '-73.853089936926', 'human_address': '{""address"": ""2050 Seward Avenue"", ""city"": ""Bronx"", ""state"": ""NEW YORK"", ""zip"": ""10473""}'}",10473.0,40.820502,-73.853085,9.0,18.0,74.0,2092668.0,2035670001.0,Soundview-Castle Hill-Clason Point-Harding Park                            ,11611.0,58.0,5.0,31.0,26.0
123,Family Support,Fatherhood Initiative,"Strive/East Harlem Employment Service, Inc. ",New York ,"East Harlem Employment Services, Inc.",212.360.1100,16 to 24,"{'latitude': '40.801631007365', 'longitude': '-73.935035566046', 'human_address': '{""address"": ""240 123rd Street"", ""city"": ""New York"", ""state"": ""NEW YORK"", ""zip"": ""10035""}'}",,,,,,,,,,13093.0,7.0,4.0,35.0,16.0
124,Family Support,Older Adult Program,San Andres Church,Bronx,"Neighborhood Self-Help by Older Persons Projects, Inc.",718.542.0006,Seniors,"{'latitude': '40.813006954452', 'longitude': '-73.857389981858', 'human_address': '{""address"": ""351 Soundview Avenue"", ""city"": ""Bronx"", ""state"": ""NEW YORK"", ""zip"": ""10473""}'}",10473.0,40.813278,-73.857646,9.0,18.0,2.0,2020476.0,2034730030.0,Soundview-Castle Hill-Clason Point-Harding Park                            ,11611.0,58.0,5.0,31.0,26.0
125,Family Support,Older Adult Program,"Wayside Out Reach Development, Inc",Brooklyn,"Wayside Out Reach Development, Inc",718.453.2700,Seniors,"{'latitude': '40.670802431187', 'longitude': '-73.893841150049', 'human_address': '{""address"": ""1746 60"", ""city"": ""Brooklyn"", ""state"": ""NEW YORK"", ""zip"": ""11207""}'}",,,,,,,,,,17214.0,45.0,2.0,25.0,47.0
126,Family Support,Fatherhood Initiative,Family and Community Support Services,Brooklyn,Family and Community Support Services,347.879.3367,16 to 24,"{'latitude': '40.677525932386', 'longitude': '-73.930335168178', 'human_address': '{""address"": ""124 Utica"", ""city"": ""Brooklyn"", ""state"": ""NEW YORK"", ""zip"": ""11233""}'}",,,,,,,,,,17615.0,69.0,2.0,49.0,52.0
127,Family Support,Fatherhood Initiative,Nursing Family Partnership ,Bronx,Visiting Nurse Service of New York,718.402.3900 ,16 to 24,"{'latitude': '40.805846930092', 'longitude': '-73.916285046518', 'human_address': '{""address"": ""489 491 East 153 Street"", ""city"": ""Bronx"", ""state"": ""NEW YORK"", ""zip"": ""10454""}'}",,,,,,,,,,10932.0,49.0,5.0,35.0,23.0
128,Family Support,Fatherhood Initiative,Friends of the Island Academy ,New York ,Friends of Island Academy,212.760.0755,16 to 24,"{'latitude': '40.755442281976', 'longitude': '-73.993381175372', 'human_address': '{""address"": ""330 38th Street"", ""city"": ""New York"", ""state"": ""NEW YORK"", ""zip"": ""10018""}'}",,,,,,,,,,12080.0,12.0,4.0,10.0,8.0
129,Family Support,Domestic Violence Program,"Aging in America, Inc. ",Bronx,"Aging In America Community Services, Inc.",718.409.7961,,"{'latitude': '40.85710649549', 'longitude': '-73.843675159553', 'human_address': '{""address"": ""1500 Pelham Parkway"", ""city"": ""Bronx"", ""state"": ""NEW YORK"", ""zip"": ""10461""}'}",10461.0,40.857026,-73.843125,11.0,13.0,296.0,2047109.0,2042220005.0,Pelham Parkway                                                             ,11270.0,59.0,5.0,12.0,32.0
130,Family Support,Older Adult Program,Restoration Plaza ,Brooklyn,"Institute For Puerto Rican Hispanic Elderly, Inc.",212.677.4181,Seniors,"{'latitude': '40.680167097693', 'longitude': '-73.94592248315', 'human_address': '{""address"": ""1368 Fulton Street"", ""city"": ""Brooklyn"", ""state"": ""NEW YORK"", ""zip"": ""11216""}'}",11216.0,40.680175,-73.945717,3.0,36.0,247.0,3053786.0,3018620014.0,Crown Heights North                                                        ,17618.0,69.0,2.0,49.0,51.0
131,Family Support,Housing Assistance & Advocacy,Audubon Partnership for Economic Development LDC,New York,Audubon Partnership for Economic Development LDC,212.544.2400,Adults,"{'latitude': '40.864970711924', 'longitude': '-73.919474891004', 'human_address': '{""address"": ""513 207th Street"", ""city"": ""New York"", ""state"": ""NEW YORK"", ""zip"": ""10034""}'}",,,,,,,,,,13092.0,47.0,4.0,39.0,22.0
132,Family Support,Older Adult Program,COJO of Flatbush,Flatbush,Council of Jewish Organizations of Flatbush                 ,718.627.5602,Seniors,"{'latitude': '40.616970915723', 'longitude': '-73.963785333505', 'human_address': '{""address"": ""1658 Coney Island Ave"", ""city"": ""Flatbush"", ""state"": ""NEW YORK"", ""zip"": ""11230""}'}",11230.0,40.616964,-73.963703,12.0,44.0,454.0,3173147.0,3065730016.0,Ocean Parkway South                                                        ,13513.0,2.0,2.0,18.0,39.0
133,Family Support,Fatherhood Initiative,Ralph Lincoln Service Center ,Brooklyn,"Ralph Lincoln Service Center, Inc.",718.604.1358,16 to 24,"{'latitude': '40.67003864097', 'longitude': '-73.92540014432', 'human_address': '{""address"": ""261 Buffalo Avenue"", ""city"": ""Brooklyn"", ""state"": ""NEW YORK"", ""zip"": ""11213""}'}",11213.0,40.669991,-73.925427,8.0,41.0,359.0,3037201.0,3013870007.0,Crown Heights North                                                        ,13516.0,16.0,2.0,17.0,49.0
134,Family Support,Older Adult Program,Plaza Senior Center,Brooklyn,Ridgewood Bushwick Senior Citizens Council,718.821.0254,Seniors,"{'latitude': '40.69707632239', 'longitude': '-73.919286470077', 'human_address': '{""address"": ""297 Wilson Avenue"", ""city"": ""Brooklyn"", ""state"": ""NEW YORK"", ""zip"": ""11237""}'}",11237.0,40.697004,-73.919201,4.0,37.0,433.0,3346536.0,3033070004.0,Bushwick North                                                             ,13828.0,42.0,2.0,37.0,53.0
135,Family Support,Parent Education and Family Support,Columbus -Amsterdam Business Improvement District,New York,West Side Campaign Against Hunger Church of St. Paul,212.362.3662,,"{'latitude': '40.783625568166', 'longitude': '-73.966539000574', 'human_address': '{""address"": ""263 96th Street"", ""city"": ""New York"", ""state"": ""NEW YORK"", ""zip"": ""10024""}'}",,,,,,,,,,,19.0,4.0,19.0,13.0
136,Family Support,Older Adult Program,Brooklyn Chinese American Association,Brooklyn,Brooklyn Chinese American Association,718.438.9312,Seniors,"{'latitude': '40.641053712241', 'longitude': '-74.003818581755', 'human_address': '{""address"": ""5010 8th Avenue"", ""city"": ""Brooklyn"", ""state"": ""NEW YORK"", ""zip"": ""11220""}'}",11220.0,40.640998,-74.003848,7.0,38.0,108.0,3013420.0,3007940042.0,Sunset Park East                                                           ,18180.0,9.0,2.0,7.0,45.0
137,Family Support,Older Adult Program,BCA Senior Center ,Brooklyn,Brooklyn Chinese American Association,718.438.9312,Seniors,"{'latitude': '40.614704025531', 'longitude': '-73.987710397179', 'human_address': '{""address"": ""6809 20th Avenue"", ""city"": ""Brooklyn"", ""state"": ""NEW YORK"", ""zip"": ""11204""}'}",11204.0,40.61468,-73.987765,11.0,47.0,258.0,3135071.0,3055790007.0,Bensonhurst West                                                           ,16867.0,1.0,2.0,45.0,37.0
138,Family Support,Older Adult Program,Carol Gardens,Bronx,"Neighborhood Self-Help by Older Persons Projects, Inc.",718.542.0006,Seniors,"{'latitude': '40.823278882673', 'longitude': '-73.86241277558', 'human_address': '{""address"": ""880 Thieriot Avenue"", ""city"": ""Bronx"", ""state"": ""NEW YORK"", ""zip"": ""10473""}'}",10473.0,40.823093,-73.862394,9.0,18.0,42.0,2092758.0,2036420001.0,Soundview-Castle Hill-Clason Point-Harding Park                            ,11611.0,58.0,5.0,31.0,26.0
139,Family Support,Economic Development,Cypress Hills Local Development Corporation,Brooklyn,Cypress Hills Local Development Corporation,718.647.2800,,"{'latitude': '40.682413520105', 'longitude': '-73.876447583086', 'human_address': '{""address"": ""3214 Fulton Street"", ""city"": ""Brooklyn"", ""state"": ""NEW YORK"", ""zip"": ""11208""}'}",11208.0,40.682465,-73.876328,5.0,37.0,1178.0,3092647.0,3041410014.0,Cypress Hills-City Line                                                    ,17215.0,45.0,2.0,37.0,47.0
140,Family Support,Older Adult Program,Vladeck Cares N.O.R.C. ,New York,Henry Street Settlement,212.766.9200,Seniors,"{'latitude': '40.713407305685', 'longitude': '-73.982487365932', 'human_address': '{""address"": ""351 Madison Street"", ""city"": ""New York"", ""state"": ""NEW YORK"", ""zip"": ""10002""}'}",10002.0,40.71334,-73.982772,3.0,2.0,202.0,1083404.0,1002670024.0,Lower East Side                                                            ,11723.0,70.0,4.0,50.0,4.0
141,Family Support,Older Adult Program,Jackson Heights Senior Center,Queens,"Institute For Puerto Rican Hispanic Elderly, Inc.",212.677.4181,Seniors,"{'latitude': '40.738710402563', 'longitude': '-73.878351155182', 'human_address': '{""address"": ""75 01"", ""city"": ""Queens"", ""state"": ""NEW YORK"", ""zip"": ""11373""}'}",,,,,,,,,,14784.0,66.0,3.0,5.0,68.0
142,Family Support,Housing Assistance & Advocacy,"163rd Street Improvement Council, Inc.",Bronx,"163rd Street Improvement Council, Inc.",718.589.5080,Adults,"{'latitude': '40.832870242985', 'longitude': '-73.901107176224', 'human_address': '{""address"": ""1345 Franklin Avenue"", ""city"": ""Bronx"", ""state"": ""NEW YORK"", ""zip"": ""10456""}'}",10456.0,40.832877,-73.901087,3.0,16.0,149.0,2115487.0,2029310079.0,Morrisania-Melrose                                                         ,10934.0,34.0,5.0,42.0,25.0
143,Family Support,Older Adult Program,Yolanda Senior Center,Brooklyn,Ridgewood Bushwick Senior Citizens Council,718.821.0254,Seniors,"{'latitude': '40.698803277888', 'longitude': '-73.930954660269', 'human_address': '{""address"": ""78 Troutman"", ""city"": ""Brooklyn"", ""state"": ""NEW YORK"", ""zip"": ""11206""}'}",,,,,,,,,,17213.0,42.0,2.0,30.0,53.0
144,Family Support,Housing Assistance & Advocacy,AAFE Chinatown / Lower East Side,New York,Asian Americans for Equality,212.680.1374,Adults,"{'latitude': '40.718974773687', 'longitude': '-73.987058941506', 'human_address': '{""address"": ""108 Norfolk Street"", ""city"": ""New York"", ""state"": ""NEW YORK"", ""zip"": ""10002""}'}",10002.0,40.718954,-73.987056,3.0,1.0,1402.0,1075815.0,1003530052.0,Lower East Side                                                            ,11723.0,70.0,4.0,32.0,4.0
145,Family Support,Substance Abuse Education and Prevention,P.S. 19 ,Queens,Hellenic American Neighborhood Action Committee (HANAC)     ,718-204-1200,3rd through 5th,"{'latitude': '40.749678220374', 'longitude': '-73.853040688577', 'human_address': '{""address"": ""98 02 Roosevelet Avenue"", ""city"": ""Queens"", ""state"": ""NEW YORK"", ""zip"": ""11368""}'}",,,,,,,,,,14510.0,66.0,3.0,21.0,68.0
146,Family Support,HIV/AIDS Support Services,SEP at Worldwide Evangelical Church,Queens,"AIDS Center of Queens County, Inc.",718.896.2500,,"{'latitude': '40.704669000074', 'longitude': '-73.794258999553', 'human_address': '{""address"": ""113 02"", ""city"": ""Queens"", ""state"": ""NEW YORK"", ""zip"": ""11405""}'}",,,,,,,,,,24340.0,41.0,3.0,6.0,61.0
147,Family Support,Older Adult Program,"Guardians of the Sick, Inc.",Brooklyn,"Guardians of the Sick, Inc.",718.438.2020,Seniors,"{'latitude': '40.635910755078', 'longitude': '-73.998398351425', 'human_address': '{""address"": ""5216 11th Avenue"", ""city"": ""Brooklyn"", ""state"": ""NEW YORK"", ""zip"": ""11219""}'}",11219.0,40.635862,-73.998429,12.0,44.0,218.0,3138585.0,3056600050.0,Borough Park                                                               ,17621.0,2.0,2.0,18.0,39.0
148,Family Support,Housing Assistance & Advocacy,"Catholic Charities Community Service, Archdiocese of N Y",New York,"Catholic Charities Community Service, Archdiocese of N Y",212.371.1000,Adults,"{'latitude': '40.757278332489', 'longitude': '-73.963713878292', 'human_address': '{""address"": ""1011 First Avenue"", ""city"": ""New York"", ""state"": ""NEW YORK"", ""zip"": ""10022""}'}",10022.0,40.757271,-73.963692,6.0,5.0,108.0,1039972.0,1013480023.0,Turtle Bay-East Midtown                                                    ,12419.0,71.0,4.0,1.0,9.0
149,Family Support,Older Adult Program,ARC XVI FT. WASHINGTON INC.,New York,ARC XVI FT. WASHINGTON INC.,212.781.5700,Seniors,"{'latitude': '40.84516033875', 'longitude': '-73.938788841624', 'human_address': '{""address"": ""4111 Broadway"", ""city"": ""New York"", ""state"": ""NEW YORK"", ""zip"": ""10033""}'}",10033.0,40.845128,-73.938763,12.0,10.0,263.0,1063501.0,1021420133.0,Washington Heights South                                                   ,13090.0,47.0,4.0,39.0,21.0
150,Family Support,Older Adult Program,RAIN Boston Secor S.C.,Bronx,"Regional Aid For Interim Needs, Inc. (R.A.I.N.)",718.892.5520,Seniors,"{'latitude': '40.883439744726', 'longitude': '-73.833333313261', 'human_address': '{""address"": ""3540 Bivona Street"", ""city"": ""Bronx"", ""state"": ""NEW YORK"", ""zip"": ""10475""}'}",10475.0,40.883026,-73.833227,12.0,12.0,46202.0,2093879.0,2052630070.0,Co-op City                                                                 ,12344.0,29.0,5.0,2.0,30.0
151,Family Support,Older Adult Program,AAFE Queens,Queens,Asian Americans for Equality,212.680.1374,Seniors,"{'latitude': '40.768620220647', 'longitude': '-73.827190280707', 'human_address': '{""address"": ""133 04 39th Avenue"", ""city"": ""Queens"", ""state"": ""NEW YORK"", ""zip"": ""11354""}'}",11354.0,40.75909,-73.834194,7.0,20.0,871.0,4112274.0,4049730006.0,Flushing                                                                   ,13832.0,22.0,3.0,3.0,67.0
152,Family Support,Fatherhood Initiative,Fortune Society,Queens,"The Fortune Society, Inc.",347.510.3619,16 to 24,"{'latitude': '40.745702449808', 'longitude': '-73.938669029252', 'human_address': '{""address"": ""29 76 Northern Blvd"", ""city"": ""Queens"", ""state"": ""NEW YORK"", ""zip"": ""11101""}'}",11101.0,40.750433,-73.935323,1.0,26.0,171.0,4003410.0,4002390049.0,Hunters Point-Sunnyside-West Maspeth                                       ,16858.0,53.0,3.0,33.0,66.0
153,Family Support,Parent Education and Family Support,Make the Road New York -Queens,Queens,Make the Road New York,718-565-8500,17 and up,"{'latitude': '40.630833311108', 'longitude': '-74.137734298699', 'human_address': '{""address"": ""49 06 Skillman Avenue"", ""city"": ""Queens"", ""state"": ""NEW YORK"", ""zip"": ""10302""}'}",11377.0,40.74622,-73.915056,2.0,26.0,25301.0,4001161.0,4001340027.0,Hunters Point-Sunnyside-West Maspeth                                       ,10370.0,4.0,1.0,13.0,75.0
154,Family Support,Older Adult Program,Goodwin Senior Center,Brooklyn,Ridgewood Bushwick Senior Citizens Council,718.821.0254,Seniors,"{'latitude': '40.691613703909', 'longitude': '-73.923798653094', 'human_address': '{""address"": ""55 Goodwin Place"", ""city"": ""Brooklyn"", ""state"": ""NEW YORK"", ""zip"": ""11221""}'}",11221.0,40.691369,-73.923405,4.0,34.0,395.0,3319576.0,3032940042.0,Bushwick South                                                             ,18181.0,42.0,2.0,30.0,53.0
155,Family Support,Young Parent Education & Family Support,Brooklyn Child and Family Services ,Brooklyn,Brooklyn Child and Family Services,718 330-0845,,"{'latitude': '40.682312101322', 'longitude': '-73.979567188575', 'human_address': '{""address"": ""44 60 Rockwell Place"", ""city"": ""Brooklyn"", ""state"": ""NEW YORK"", ""zip"": ""11217""}'}",,,,,,,,,,17619.0,14.0,2.0,27.0,50.0
156,Family Support,Older Adult Program,RAIN Multi Services for Seniors,Bronx,"Regional Aid For Interim Needs, Inc.(R.A.I.N.)",718.892.5520,Seniors,"{'latitude': '40.836448853178', 'longitude': '-73.847042267664', 'human_address': '{""address"": ""2368 Westchester"", ""city"": ""Bronx"", ""state"": ""NEW YORK"", ""zip"": ""10462""}'}",,,,,,,,,,11271.0,43.0,5.0,31.0,28.0
157,Family Support,Housing Assistance & Advocacy,Catholic Charities Community Services-Washington Heights ,New York,"Catholic Charities Community Service, Archdiocese of N Y",212.371.1000,Adults,"{'latitude': '40.84516033875', 'longitude': '-73.938788841624', 'human_address': '{""address"": ""4111 Broadway"", ""city"": ""New York"", ""state"": ""NEW YORK"", ""zip"": ""10033""}'}",10033.0,40.845128,-73.938763,12.0,10.0,263.0,1063501.0,1021420133.0,Washington Heights South                                                   ,13090.0,47.0,4.0,39.0,21.0
158,Family Support,Housing Assistance & Advocacy,Cooper Square Community Development & Business Association,New York,Cooper Square Community Development & Business Association,212.228.8210,Adults,"{'latitude': '40.726940950792', 'longitude': '-73.991133556521', 'human_address': '{""address"": ""61 4th Street"", ""city"": ""New York"", ""state"": ""NEW YORK"", ""zip"": ""10003""}'}",,,,,,,,,,11724.0,70.0,4.0,50.0,5.0
159,Family Support,Health Stat Initiative,Northern Manhattan Improvement Corporation,New York,Northern Manhattan Improvement Corporation,212.822.8344,All Ages,"{'latitude': '40.847051676059', 'longitude': '-73.937044724943', 'human_address': '{""address"": ""76 Wadsworth Ave"", ""city"": ""New York"", ""state"": ""NEW YORK"", ""zip"": ""10033""}'}",10033.0,40.847012,-73.93704,12.0,10.0,263.0,1063574.0,1021450051.0,Washington Heights South                                                   ,13091.0,47.0,4.0,39.0,21.0
160,Family Support,Older Adult Program,"American Italian Coalition of Organizations, Inc.",Brooklyn,"American Italian Coalition of Organizations, Inc.",718.256.3445,Seniors,"{'latitude': '40.603729360661', 'longitude': '-74.004003416594', 'human_address': '{""address"": ""138 Bay 20th Street"", ""city"": ""Brooklyn"", ""state"": ""NEW YORK"", ""zip"": ""11214""}'}",11214.0,40.603701,-74.004001,11.0,43.0,280.0,3167752.0,3064040042.0,Bath Beach                                                                 ,17616.0,1.0,2.0,44.0,37.0
161,Family Support,Parent Education and Family Support,P.S. 38 Pacific Elementary School ,Brooklyn,"Fifth Avenue Committee, Inc.",718 624 3475,,"{'latitude': '40.68532070903', 'longitude': '-73.982843647386', 'human_address': '{""address"": ""450 Pacific Street"", ""city"": ""Brooklyn"", ""state"": ""NEW YORK"", ""zip"": ""11217""}'}",11217.0,40.685264,-73.982639,2.0,33.0,39.0,3001183.0,3001910001.0,DUMBO-Vinegar Hill-Downtown Brooklyn-Boerum Hill                           ,17619.0,68.0,2.0,38.0,54.0
